table_pair,left_table,right_table,view_count,edge_count,field_pairs,in_formal_relationships,views
HIS.DIAGNOSIS <-> HIS.PAT_MASTER_INDEX,HIS.DIAGNOSIS,HIS.PAT_MASTER_INDEX,9,9,PATIENT_ID=PATIENT_ID,N,CDR_MEDICAL_DIAG|EMR_DISCHARGE_RECORD_DIAGNOSIS|EMR_HOS_CHANGE_MAJOR_RECORD|V_EMR_ADMISSION_DIAGNOSIS|V_EMR_HOS_CHANGE_MAJOR_RECORD|V_EMR_HOS_DND_RECORD|V_EMR_HOS_SAVE_RECORD|V_EMR_HOS_SUCCESSION_RECORD|V_EMR_ICH_DIAGNOSIS
CDA.CDA_DICTIONARY <-> SM.MED_OPERATION_MASTER,CDA.CDA_DICTIONARY,SM.MED_OPERATION_MASTER,8,15,院标名称=ANESTHESIA_METHOD|院标名称=DIAG_AFTER_OPERATION|院标名称=DIAG_BEFORE_OPERATION|院标名称=OPERATION_NAME,N,V_EMR_ANESTHESIA_RECORD|V_EMR_ANES_AFTER_RECORD|V_EMR_BOFORE_OPERA_RECORD|V_EMR_HOS_PREOP_DISCUSS|V_EMR_INFOR_ANESTHESIA|V_EMR_INFOR_OPERATION|V_EMR_OPERATION_NURSING|V_EMR_OPERA_RECORD
CDA.CDA_DICTIONARY <-> HIS.OPERATION,CDA.CDA_DICTIONARY,HIS.OPERATION,8,14,院标名称=ANAESTHESIA_METHOD|院标名称=OPERATION_DESC|院标编码=OPERATION_CODE,N,V_EMR_ANESTHESIA_RECORD|V_EMR_ANES_AFTER_RECORD|V_EMR_BOFORE_OPERA_RECORD|V_EMR_HOS_PREOP_DISCUSS|V_EMR_INFOR_ANESTHESIA|V_EMR_INFOR_OPERATION|V_EMR_OPERATION_NURSING|V_EMR_OPERA_RECORD
HIS.STAFF_DICT <-> SM.MED_OPERATION_MASTER,HIS.STAFF_DICT,SM.MED_OPERATION_MASTER,8,13,EMP_NO=ANESTHESIA_DOCTOR|EMP_NO=FIRST_OPERATION_NURSE|EMP_NO=FIRST_SUPPLY_NURSE|EMP_NO=SURGEON|USER_NAME=ANESTHESIA_DOCTOR|USER_NAME=SURGEON,N,V_EMR_ANESTHESIA_RECORD|V_EMR_ANES_AFTER_RECORD|V_EMR_BOFORE_OPERA_RECORD|V_EMR_HOS_PREOP_DISCUSS|V_EMR_INFOR_ANESTHESIA|V_EMR_INFOR_OPERATION|V_EMR_OPERATION_NURSING|V_EMR_OPERA_RECORD
SM.MED_OPERATION_MASTER <-> SM.MED_OPERATION_SCHEDULE,SM.MED_OPERATION_MASTER,SM.MED_OPERATION_SCHEDULE,7,22,OPERATION_NAME=OPERATION_NAME|OPER_ID=OPER_ID|PATIENT_ID=PATIENT_ID|SCHEDULE_ID=OPER_ID|VISIT_ID=VISIT_ID,N,CDR_OPERATION_APPLY|V_EMR_ANES_AFTER_RECORD|V_EMR_BOFORE_OPERA_RECORD|V_EMR_INFOR_ANESTHESIA|V_EMR_OPERATION_NURSING|V_ESBHL_AFT_ANE_VISIT_ROD|V_ESBHL_ANE_PREO_VISIT_ROD
CDA.CDA_DICTIONARY <-> HIS.PAT_MASTER_INDEX,CDA.CDA_DICTIONARY,HIS.PAT_MASTER_INDEX,7,9,院标编码=ID_TYPE|院标编码=OCCUPATION|院标编码=PATIENT_CLASS|院标编码=RELATIONSHIP,N,V_EMR_ADMISSION_RECORD|V_EMR_INFOR_ANESTHESIA|V_EMR_INFOR_SPEC_EXAM_TREAT|V_EMR_INFOR_TRANS_BLOOD|V_EMR_OUTPATIENT_RECIPE|V_EMR_OUTPATIENT_RECORD|V_EMR_OUTPATIENT_REGISTER
SM.MED_CUSTOM_DATA <-> SM.MED_OPERATION_MASTER,SM.MED_CUSTOM_DATA,SM.MED_OPERATION_MASTER,6,18,OPER_ID=OPER_ID|PATIENT_ID=PATIENT_ID|VISIT_ID=VISIT_ID,N,CDR_OPERATION_AFTER|CDR_OPERATION_RECOVERY|CDR_OPERATION_VISIT|V_EMR_ANESTHESIA_RECORD|V_EMR_BOFORE_OPERA_RECORD|V_EMR_INFOR_ANESTHESIA
HIS.OPERATION <-> SM.MED_OPERATION_MASTER,HIS.OPERATION,SM.MED_OPERATION_MASTER,6,12,PATIENT_ID=PATIENT_ID|VISIT_ID=VISIT_ID,N,V_EMR_ANESTHESIA_RECORD|V_EMR_ANES_AFTER_RECORD|V_EMR_BOFORE_OPERA_RECORD|V_EMR_INFOR_ANESTHESIA|V_EMR_INFOR_OPERATION|V_EMR_OPERATION_NURSING
HIS.DIAGNOSIS <-> MTL.EPR_INPATIENT_DOCINDEX,HIS.DIAGNOSIS,MTL.EPR_INPATIENT_DOCINDEX,6,7,PATIENT_ID=P_CLINIC_ID|P_INPATIENT_TIMES=VISIT_ID|VISIT_ID=P_INPATIENT_TIMES,N,EMR_HOS_CHANGE_MAJOR_RECORD|V_EMR_HOS_CHANGE_MAJOR_RECORD|V_EMR_HOS_DND_RECORD|V_EMR_HOS_PREOP_DISCUSS|V_EMR_HOS_SAVE_RECORD|V_EMR_HOS_SUCCESSION_RECORD
HIS.OPERATION <-> HIS.STAFF_DICT,HIS.OPERATION,HIS.STAFF_DICT,6,7,EMP_NO=ANESTHESIA_DOCTOR|EMP_NO=OPERATOR|USER_NAME=ANESTHESIA_DOCTOR|USER_NAME=OPERATOR,N,V_BI_ZYSS|V_EMR_ANESTHESIA_RECORD|V_EMR_HOS_PREOP_DISCUSS|V_EMR_INFOR_ANESTHESIA|V_EMR_INFOR_OPERATION|V_EMR_OPERA_RECORD
HIS.INP_BILL_DETAIL <-> HIS.PAT_MASTER_INDEX,HIS.INP_BILL_DETAIL,HIS.PAT_MASTER_INDEX,5,5,PATIENT_ID=PATIENT_ID,N,PL_SFXMMX|V_EMR_CONSUMABLES|V_EMR_IN_FEE_INFO_CHILD|V_ESBHL_HIGH_VALUE_ROD|V_ESBHL_TRE_ROD
SM.MED_OPERATION_MASTER <-> SM.MED_PAT_MASTER_INDEX,SM.MED_OPERATION_MASTER,SM.MED_PAT_MASTER_INDEX,5,5,PATIENT_ID=PATIENT_ID,N,CDR_OPERATION_AFTER|V_EMR_ANES_AFTER_RECORD|V_EMR_BOFORE_OPERA_RECORD|V_ESBHL_AFT_ANE_VISIT_ROD|V_ESBHL_ANE_PREO_VISIT_ROD
HIS.INP_BILL_DETAIL <-> HIS.STAFF_DICT,HIS.INP_BILL_DETAIL,HIS.STAFF_DICT,4,8,DOCTOR_USER=EMP_NO|EMP_NO=OPERATOR_NO|NAME=DOCTOR|NAME=NURSE|NAME=ORDER_DOCTOR|NAME=PERFORM_DOCTOR|NAME=PROCESSING_NURSE,N,KFY_DETAIL|PL_SFXMMX|V_BI_ZYYZJE|V_EMR_IN_FEE_INFO_CHILD
HIS.PAT_VISIT <-> SM.MED_ANESTHESIA_PLAN,HIS.PAT_VISIT,SM.MED_ANESTHESIA_PLAN,4,8,PATIENT_ID=PATIENT_ID|VISIT_ID=VISIT_ID,N,V_EMR_ANESTHESIA_RECORD|V_ESBHL_AFT_ANE_VISIT_ROD|V_ESBHL_ANE_PREO_VISIT_ROD|V_ESBHL_ANE_ROD
HIS.DRUG_PRESC_MASTER <-> HIS.PAT_MASTER_INDEX,HIS.DRUG_PRESC_MASTER,HIS.PAT_MASTER_INDEX,4,6,PATIENT_ID=PATIENT_ID|PRESC_DATE=PRESC_DATE|PRESC_NO=PRESC_NO,N,V_EMR_OUTPATIENT_RECIPE|V_EMR_OUTPATIENT_RECIPE_BAK|V_EMR_OUTPATIENT_RECIPE_ITEM|V_ESBHL_CHINESE_MEDI_PRES
HIS.CLINIC_MASTER <-> HIS.STAFF_DICT,HIS.CLINIC_MASTER,HIS.STAFF_DICT,4,5,DOCTOR=USER_NAME|EMP_NO=DOCTOR|OPERATOR=ID,N,CDR_OUTPATIENT_VISIT|PL_SFXMMX|V_BI_MZGH|V_EMR_OUTPATIENT_REGISTER
SM.MED_DIAGNOSIS_DICT <-> SM.MED_OPERATION_MASTER,SM.MED_DIAGNOSIS_DICT,SM.MED_OPERATION_MASTER,4,4,DIAG_BEFORE_OPERATION=DIAGNOSIS_NAME,N,V_EMR_OPERA_RECORD|V_ESBHL_AFT_ANE_VISIT_ROD|V_ESBHL_ANE_PREO_VISIT_ROD|V_ESBHL_ANE_ROD
SM.MED_ANESTHESIA_EVENT <-> SM.MED_OPERATION_MASTER,SM.MED_ANESTHESIA_EVENT,SM.MED_OPERATION_MASTER,3,9,OPER_ID=OPER_ID|PATIENT_ID=PATIENT_ID|VISIT_ID=VISIT_ID,N,CDR_OPERATION_PHARMACY|V_EMR_ANESTHESIA_RECORD|V_EMR_ANES_RECORD_MED
HIS.INP_BILL_DETAIL <-> HIS.PAT_VISIT,HIS.INP_BILL_DETAIL,HIS.PAT_VISIT,3,6,PATIENT_ID=PATIENT_ID|VISIT_ID=VISIT_ID,N,V_EMR_CONSUMABLES|V_ESBHL_HIGH_VALUE_ROD|V_ESBHL_TRE_ROD
HIS.ORDERS <-> HIS.STAFF_DICT,HIS.ORDERS,HIS.STAFF_DICT,3,6,EMP_NO=CANCEL_DOCTOR|EMP_NO=DOCTOR_USER|EMP_NO=NURSE_USER|EMP_NO=STOP_DOCTOR|EMP_NO=STOP_DOCTOR_USER|NAME=DOCTOR,N,V_BI_ZYYZ|V_EMR_DOC_ORDER_CHECK|V_ESBHL_OUTPUT_DOCADVICE
HIS.CLINIC_MASTER <-> HIS.DRUG_PRESC_MASTER,HIS.CLINIC_MASTER,HIS.DRUG_PRESC_MASTER,3,5,CLINIC_NO=CLINIC_NO|PATIENT_ID=PATIENT_ID,N,V_EMR_OUTPATIENT_RECIPE|V_EMR_OUTPATIENT_RECIPE_BAK|V_EMR_OUTPATIENT_RECIPE_ITEM
HIS.DRUG_DICT <-> HIS.DRUG_PRESC_DETAIL,HIS.DRUG_DICT,HIS.DRUG_PRESC_DETAIL,3,5,DRUG_CODE=DRUG_CODE|DRUG_SPEC=DRUG_SPEC,N,V_EMR_OUTPATIENT_RECIPE|V_EMR_OUTPATIENT_RECIPE_BAK|V_EMR_OUTPATIENT_RECIPE_ITEM
HIS.DEPT_DICT <-> HIS.INP_BILL_DETAIL,HIS.DEPT_DICT,HIS.INP_BILL_DETAIL,3,3,DEPT_CODE=DEPT_CODE|DEPT_CODE=ORDERED_BY,N,V_BI_ZYYZJE|V_EMR_CONSUMABLES|V_EMR_IN_FEE_INFO_CHILD
YDHL.INPATIENTS <-> YDHL.MCS_VITAL_INFO,YDHL.INPATIENTS,YDHL.MCS_VITAL_INFO,3,3,PATIENT_UID=PAT_INDEX_NO,N,V_ESBHL_DYING_NUR_ROD|V_ESBHL_GEN_NUR_ROD|V_ESBHL_VS_MEASURE_ROD
HIS.CLINIC_MASTER <-> HIS.OUTP_MR,HIS.CLINIC_MASTER,HIS.OUTP_MR,2,6,PATIENT_ID=PATIENT_ID|VISIT_DATE=VISIT_DATE|VISIT_NO=VISIT_NO,N,V_EMR_OUTPATIENT_DIAG|V_EMR_OUTPATIENT_DIAG_BAK
SM.MED_EMR_ARCHIVE_DETIAL <-> SM.MED_OPERATION_MASTER,SM.MED_EMR_ARCHIVE_DETIAL,SM.MED_OPERATION_MASTER,2,6,OPER_ID=ARCHIVE_KEY|PATIENT_ID=PATIENT_ID|VISIT_ID=VISIT_ID,N,V_ESBHL_AFT_ANE_VISIT_ROD|V_ESBHL_ANE_PREO_VISIT_ROD
HIS.DRUG_PRESC_DETAIL <-> HIS.DRUG_PRESC_MASTER,HIS.DRUG_PRESC_DETAIL,HIS.DRUG_PRESC_MASTER,2,4,PRESC_DATE=PRESC_DATE|PRESC_NO=PRESC_NO,N,V_EMR_OUTPATIENT_RECIPE_BAK|V_EMR_OUTPATIENT_RECIPE_ITEM
HIS.DRUG_PRESC_DETAIL <-> HIS.DRUG_PRICE_LIST,HIS.DRUG_PRESC_DETAIL,HIS.DRUG_PRICE_LIST,2,4,DRUG_CODE=DRUG_CODE|FIRM_ID=FIRM_ID,N,V_EMR_OUTPATIENT_RECIPE_BAK|V_EMR_OUTPATIENT_RECIPE_ITEM
HIS.DRUG_PRESC_DETAIL <-> HIS.MED_DICT_BASEINFO,HIS.DRUG_PRESC_DETAIL,HIS.MED_DICT_BASEINFO,2,4,DICT_CODE=ANTI_FLAG|DRUG_ID=DRUG_CODE|ITEM_CODE=DRUG_CODE,N,V_EMR_OUTPATIENT_RECIPE_BAK|V_EMR_OUTPATIENT_RECIPE_ITEM
HIS.OUTP_BILL_ITEMS <-> HIS.PRICE_LIST,HIS.OUTP_BILL_ITEMS,HIS.PRICE_LIST,2,4,ITEM_CLASS=ITEM_CLASS|ITEM_CODE=ITEM_CODE,N,V_EMR_OUT_FEE_INFO_CHILD|V_EMR_OUT_FEE_INFO_MAIN
CDA.CDA_DICTIONARY <-> HIS.PAT_VISIT,CDA.CDA_DICTIONARY,HIS.PAT_VISIT,2,3,院标名称=BLOOD_TYPE|院标名称=BLOOD_TYPE_RH|院标名称=CHARGE_TYPE,N,V_EMR_ADMISSION_RECORD|V_EMR_BOFORE_OPERA_RECORD
CDA.CDA_DICTIONARY <-> SM.MED_ANESTHESIA_PLAN,CDA.CDA_DICTIONARY,SM.MED_ANESTHESIA_PLAN,2,3,院标名称=ASA_GRADE|院标名称=OPERATION_NAME,N,V_EMR_BOFORE_OPERA_RECORD|V_EMR_INFOR_ANESTHESIA
HIS.DEPT_DICT <-> HIS.ORDERS,HIS.DEPT_DICT,HIS.ORDERS,2,3,DEPT_CODE=EXEC_DEPT_CODE|DEPT_CODE=ORDERING_DEPT,N,V_BI_ZYYZ|V_EMR_DOC_ORDER_CHECK
HIS.DEPT_DICT <-> HIS.PATS_IN_HOSPITAL,HIS.DEPT_DICT,HIS.PATS_IN_HOSPITAL,2,3,DEPT_CODE=DEPT_CODE|WARD_CODE=DEPT_CODE,N,CDR_ADMISSION_INFO|INPAT_LIST
MTL.EPR_INPATIENT_DOCINDEX <-> SM.MED_OPERATION_MASTER,MTL.EPR_INPATIENT_DOCINDEX,SM.MED_OPERATION_MASTER,2,3,PATIENT_ID=P_CLINIC_ID|VISIT_ID=P_INPATIENT_TIMES,N,V_EMR_HOS_PREOP_DISCUSS|V_EMR_INFOR_OPERATION
HIS.CLINIC_ITEM_DICT <-> HIS.LAB_TEST_ITEMS,HIS.CLINIC_ITEM_DICT,HIS.LAB_TEST_ITEMS,2,2,ITEM_CODE=ITEM_CODE,N,V_EMR_INSPECTION_ALLERGY_TEST|V_EMR_INSPECTION_TEST
HIS.CLINIC_MASTER <-> HIS.PAT_MASTER_INDEX,HIS.CLINIC_MASTER,HIS.PAT_MASTER_INDEX,2,2,PATIENT_ID=PATIENT_ID,N,PAT_VIEW|V_EMR_OUTPATIENT_REGISTER
HIS.DEPT_DICT <-> HIS.EXAM_MASTER,HIS.DEPT_DICT,HIS.EXAM_MASTER,2,2,DEPT_CODE=REQ_DEPT|REQ_DEPT=DEPT_CODE,N,V_BI_ZYJCSQ|V_ESBHL_CHECK_ROD
HIS.DEPT_DICT <-> HIS.LAB_TEST_MASTER,HIS.DEPT_DICT,HIS.LAB_TEST_MASTER,2,2,DEPT_CODE=ORDERING_DEPT,N,V_BI_ZYJYSQ|V_ESBHL_INSPECTION_ROD
HIS.EXAM_MASTER <-> HIS.STAFF_DICT,HIS.EXAM_MASTER,HIS.STAFF_DICT,2,2,EMP_NO=TECHNICIAN|NAME=REQ_PHYSICIAN,N,V_BI_ZYJCSQ|V_ESBHL_CHECK_ROD
HIS.LAB_TEST_MASTER <-> HIS.STAFF_DICT,HIS.LAB_TEST_MASTER,HIS.STAFF_DICT,2,2,EMP_NO=ORDERING_PROVIDER|EMP_NO=PERFORMED_BY,N,V_BI_ZYJYSQ|V_ESBHL_INSPECTION_ROD
HIS.MED_DICT_BASEINFO <-> UNKNOWN.CDA_VALUE_DOMAIN_MAP,HIS.MED_DICT_BASEINFO,UNKNOWN.CDA_VALUE_DOMAIN_MAP,2,2,DRUG_ID=ORDER_CODE|HOSPITAL_CODE=DOSE_MODEL_CODE,N,V_EMR_DOC_ORDER_DRUG|V_EMR_OUTPATIENT_RECIPE_BAK
HIS.ORDERS <-> HIS.PAT_MASTER_INDEX,HIS.ORDERS,HIS.PAT_MASTER_INDEX,2,2,PATIENT_ID=PATIENT_ID,N,V_EMR_DOC_ORDER_CHECK|V_ESBHL_OUTPUT_DOCADVICE
HIS.OUTP_MR <-> HIS.PAT_MASTER_INDEX,HIS.OUTP_MR,HIS.PAT_MASTER_INDEX,2,2,PATIENT_ID=PATIENT_ID,N,V_EMR_OUTPATIENT_DIAG|V_EMR_OUTPATIENT_DIAG_BAK
HIS.OUTP_RCPT_MASTER <-> HIS.PAT_MASTER_INDEX,HIS.OUTP_RCPT_MASTER,HIS.PAT_MASTER_INDEX,2,2,PATIENT_ID=PATIENT_ID,N,V_EMR_OUT_FEE_INFO_CHILD|V_EMR_OUT_FEE_INFO_MAIN
HIS.PAT_VISIT <-> UNKNOWN.DOC_REGISTER_EMP_MATCH,HIS.PAT_VISIT,UNKNOWN.DOC_REGISTER_EMP_MATCH,2,2,EMP_NO=ATTENDING_DOCTOR|EMP_NO=DOCTOR_IN_CHARGE,N,V_EMR_ADMISSION_DIAGNOSIS|V_EMR_DISCHARGE_RECORD
MTL.EMRSD34 <-> MTL.EPR_INPATIENT,MTL.EMRSD34,MTL.EPR_INPATIENT,2,2,段落编号=ID,N,V_EMR_ADMISSION_RECORD|V_ESBHL_INPUT_ROD
MTL.EMRSD42 <-> MTL.EPR_INPATIENT,MTL.EMRSD42,MTL.EPR_INPATIENT,2,2,段落编号=ID,N,EMR_HOS_CHANGE_MAJOR_RECORD|V_EMR_HOS_CHANGE_MAJOR_RECORD
MTL.EMRSD46 <-> MTL.EPR_INPATIENT,MTL.EMRSD46,MTL.EPR_INPATIENT,2,2,段落编号=ID,N,V_EMR_HOS_PREOP_DISCUSS|V_EMR_INFOR_OPERATION
MTL.EMRSD9 <-> MTL.EPR_INPATIENT,MTL.EMRSD9,MTL.EPR_INPATIENT,2,2,段落编号=ID,N,V_EMR_OPERA_RECORD|V_ESBHL_OPER_ROD
PORTAL_USER.PORTAL_SYS_DICT <-> UNKNOWN.CDA_VALUE_DOMAIN_MAP,PORTAL_USER.PORTAL_SYS_DICT,UNKNOWN.CDA_VALUE_DOMAIN_MAP,2,2,HOSPITAL_CODE=DICT_CODE,N,V_EMR_OUTPATIENT_RECIPE_BAK|V_EMR_OUTPATIENT_RECIPE_ITEM
YDHL.INPATIENTS <-> YDHL.MCS_MSYS_NURSINGLEVEL_CONF,YDHL.INPATIENTS,YDHL.MCS_MSYS_NURSINGLEVEL_CONF,2,2,NURSING_CLASS=NURSING_LEVEL,N,V_ESBHL_DYING_NUR_ROD|V_ESBHL_NUR_PLAN
HIS.ORDERS <-> LIS.VIEW_PTBH,HIS.ORDERS,LIS.VIEW_PTBH,1,8,APP_NO=申请单号|NAME=审核人|NAME=录入人|NAME=接收人|NAME=生成人|NAME=送出人|NAME=采样人|PATIENT_ID=患者ID,N,JY_DETAIL
HIS.DOCTOR_GROUP <-> HIS.INP_BILL_DETAIL,HIS.DOCTOR_GROUP,HIS.INP_BILL_DETAIL,1,4,DOCTOR=ORDER_DOCTOR|GROUP_CODE=ORDER_GROUP|GROUP_CODE=PERFORMED_BY|GROUP_CODE=PERFORM_GROUP,N,PL_SFXMMX
HIS.DRUG_PRESC_MASTER <-> HIS.STAFF_DICT,HIS.DRUG_PRESC_MASTER,HIS.STAFF_DICT,1,4,EMP_NO=ENTERED_BY|EMP_NO=PRESCRIBED_BY|NAME=ENTERED_BY|NAME=PRESCRIBED_BY,N,V_EMR_OUTPATIENT_RECIPE
HIS.OUTP_MR_DIAG_DESC <-> HIS.STAFF_DICT,HIS.OUTP_MR_DIAG_DESC,HIS.STAFF_DICT,1,3,EMP_NO=ORDERING_PROVIDER|TRANSCRIPTIONIST=NAME|VERIFIED_BY=NAME,N,CDR_APPLY
HIS.STAFF_DICT <-> PACS.EXAMINFO,HIS.STAFF_DICT,PACS.EXAMINFO,1,3,NAME=EXAMTECHNICIANNAME|NAME=POSTEXAMAPPROVENAME|NAME=POSTEXAMREPORTERNAME,N,JC_DETAIL
CDA.CDA_DICTIONARY <-> UNKNOWN.CDA_VALUE_DOMAIN_MAP,CDA.CDA_DICTIONARY,UNKNOWN.CDA_VALUE_DOMAIN_MAP,1,2,院标名称=ADMINISTRATION|院标编码=ORDER_CLASS,N,V_EMR_DOC_ORDER_DRUG
CDA.T_JBJL <-> MTL.EPR_INPATIENT_DOCINDEX,CDA.T_JBJL,MTL.EPR_INPATIENT_DOCINDEX,1,2,INHOS_NUM=P_INPATIENT_TIMES|OUTHOS_NO=P_CLINIC_ID,N,V_EMR_HOS_SUCCESSION_RECORD
HIS.ADT_LOG <-> HIS.PAT_VISIT,HIS.ADT_LOG,HIS.PAT_VISIT,1,2,PATIENT_ID=PATIENT_ID|VISIT_ID=VISIT_ID,N,V_EMR_REFERRAL_HOS_RECORD
HIS.AREA_DICT <-> HIS.PAT_MASTER_INDEX,HIS.AREA_DICT,HIS.PAT_MASTER_INDEX,1,2,AREA_CODE=BIRTH_PLACE|AREA_CODE=NATIVE_PLACE,N,CDR_PATIENT_INFO
HIS.BEDPATS_IN_HOSPITAL <-> HIS.PAT_VISIT,HIS.BEDPATS_IN_HOSPITAL,HIS.PAT_VISIT,1,2,PATIENT_ID=PATIENT_ID|VISIT_ID=VISIT_ID,N,PAT_VIEW
HIS.BED_TRANS_LOG <-> HIS.PAT_VISIT,HIS.BED_TRANS_LOG,HIS.PAT_VISIT,1,2,PATIENT_ID=PATIENT_ID|VISIT_ID=VISIT_ID,N,CDR_HOSPITAL_ORDER
HIS.CLINIC_MASTER <-> HIS.PAT_VISIT,HIS.CLINIC_MASTER,HIS.PAT_VISIT,1,2,ATTENDING_DOCTOR=EMP_NO|DEPT_ADMISSION_TO=DEPT_CODE,N,CDR_MEDICAL_DIAG
HIS.CONSULTATION_DOCTOR_MASTER <-> HIS.PAT_VISIT,HIS.CONSULTATION_DOCTOR_MASTER,HIS.PAT_VISIT,1,2,PATIENT_ID=PATIENT_ID|VISIT_ID=VISIT_ID,N,V_EMR_HOS_CONSUL_RECORD
HIS.DEPT_DICT <-> HIS.DEPT_VS_WARD,HIS.DEPT_DICT,HIS.DEPT_VS_WARD,1,2,DEPT_CODE=DEPT_CODE|DEPT_CODE=WARD_CODE,N,V_DEPTWARD
HIS.DEPT_DICT <-> HIS.DRUG_PRESC_MASTER,HIS.DEPT_DICT,HIS.DRUG_PRESC_MASTER,1,2,DISPENSARY=DEPT_CODE|ORDERED_BY=DEPT_CODE,N,CDR_OUT_PRESCRIPTION
HIS.DEPT_DICT <-> HIS.STAFF_DICT,HIS.DEPT_DICT,HIS.STAFF_DICT,1,2,DEPT_CODE=DEPT_CODE|RCPT_NO=RCPT_NO,N,PL_SFXMMX
HIS.DIAGNOSIS <-> HIS.EXAM_MASTER,HIS.DIAGNOSIS,HIS.EXAM_MASTER,1,2,PATIENT_ID=PATIENT_ID|VISIT_ID=VISIT_ID,N,V_ESBHL_CHECK_ROD
HIS.DIAGNOSIS <-> HIS.INP_BILL_DETAIL,HIS.DIAGNOSIS,HIS.INP_BILL_DETAIL,1,2,PATIENT_ID=PATIENT_ID|VISIT_ID=VISIT_ID,N,V_ESBHL_HIGH_VALUE_ROD
HIS.DIAGNOSIS <-> HIS.LAB_TEST_MASTER,HIS.DIAGNOSIS,HIS.LAB_TEST_MASTER,1,2,PATIENT_ID=PATIENT_ID|VISIT_ID=VISIT_ID,N,V_ESBHL_INSPECTION_ROD
HIS.EXAM_MASTER <-> HIS.OPERATION,HIS.EXAM_MASTER,HIS.OPERATION,1,2,PATIENT_ID=PATIENT_ID|VISIT_ID=VISIT_ID,N,V_ESBHL_CHECK_ROD
HIS.INP_BILL_DETAIL <-> HIS.INP_SETTLE_MASTER_YB,HIS.INP_BILL_DETAIL,HIS.INP_SETTLE_MASTER_YB,1,2,PATIENT_ID=PATIENT_ID|VISIT_ID=VISIT_ID,N,V_EMR_IN_FEE_INFO_CHILD
HIS.INP_BILL_DETAIL <-> HIS.PRICE_LIST,HIS.INP_BILL_DETAIL,HIS.PRICE_LIST,1,2,ITEM_CLASS=ITEM_CLASS|ITEM_CODE=ITEM_CODE,N,V_EMR_IN_FEE_INFO_CHILD
HIS.MR_BILL_COSTS <-> HIS.PAT_VISIT,HIS.MR_BILL_COSTS,HIS.PAT_VISIT,1,2,PATIENT_ID=PATIENT_ID|VISIT_ID=VISIT_ID,N,V_EMR_ICH_CHARGE
HIS.NATION_DICT <-> HIS.PAT_MASTER_INDEX,HIS.NATION_DICT,HIS.PAT_MASTER_INDEX,1,2,NATION_CODE=NATION|NATION_NAME=NATION,N,CDR_PATIENT_INFO
HIS.OPERATION <-> MTL.EPR_INPATIENT_DOCINDEX,HIS.OPERATION,MTL.EPR_INPATIENT_DOCINDEX,1,2,PATIENT_ID=P_CLINIC_ID|VISIT_ID=P_INPATIENT_TIMES,N,V_EMR_HOS_PREOP_DISCUSS
HIS.OPERATION <-> UNKNOWN.DOC_REGISTER_EMP_MATCH,HIS.OPERATION,UNKNOWN.DOC_REGISTER_EMP_MATCH,1,2,EMP_NO=ANESTHESIA_DOCTOR|EMP_NO=OPERATOR,N,V_EMR_OPERA_RECORD
HIS.ORDERS <-> YDHL.MCS_PATIENT_ALLERY_HISTORY,HIS.ORDERS,YDHL.MCS_PATIENT_ALLERY_HISTORY,1,2,PATIENT_ID=PATIENT_ID|VISIT_ID=VISIT_ID,N,INP_INFO114
HIS.OUTP_MR <-> HIS.STAFF_DICT,HIS.OUTP_MR,HIS.STAFF_DICT,1,2,DOCTOR=EMP_NO|DOCTOR_NO=EMP_NO,N,V_EMR_OUTPATIENT_DIAG_BAK
HIS.OUTP_MR_DIAG_DESC <-> HIS.PAT_VISIT,HIS.OUTP_MR_DIAG_DESC,HIS.PAT_VISIT,1,2,PATIENT_ID=PATIENT_ID|VISIT_ID=VISIT_ID,N,CDR_APPLY
HIS.PAT_MASTER_INDEX <-> YDHL.MCS_PATIENT_ALLERY_HISTORY,HIS.PAT_MASTER_INDEX,YDHL.MCS_PATIENT_ALLERY_HISTORY,1,2,PATIENT_ID=PATIENT_ID|PATIENT_UID=PAT_INDEX_NO,N,INP_INFO114
HIS.PAT_VISIT <-> HIS.WARD_TRANSFER,HIS.PAT_VISIT,HIS.WARD_TRANSFER,1,2,PATIENT_ID=PATIENT_ID|VISIT_ID=VISIT_ID,N,CDR_HOSPITAL_ORDER
HIS.PAT_VISIT <-> SX.B_T_REQD,HIS.PAT_VISIT,SX.B_T_REQD,1,2,HZBS=PATIENT_ID|ZYCS=VISIT_ID,N,V_EMR_INFOR_TRANS_BLOOD
HIS.PAT_VISIT <-> UNKNOWN.CDA_VALUE_DOMAIN_MAP,HIS.PAT_VISIT,UNKNOWN.CDA_VALUE_DOMAIN_MAP,1,2,PATIENT_ID=PATIENT_ID|VISIT_ID=VISIT_ID,N,V_EMR_DOC_ORDER_DRUG
HIS.PAT_VISIT <-> YDHL.MCS_PATIENT_ALLERY_HISTORY,HIS.PAT_VISIT,YDHL.MCS_PATIENT_ALLERY_HISTORY,1,2,PATIENT_ID=PATIENT_ID|VISIT_ID=VISIT_ID,N,INP_INFO114
HIS.RECK_ITEM_CLASS_DICT <-> HIS.STAFF_DICT,HIS.RECK_ITEM_CLASS_DICT,HIS.STAFF_DICT,1,2,CLASS_CODE=CLASS_ON_RECKONING|PERFORMED_BY=GROUP_CODE,N,PL_SFXMMX
HIS.STAFF_DICT <-> MTL.EMRSD9,HIS.STAFF_DICT,MTL.EMRSD9,1,2,EMP_NO=QXHSXM|EMP_NO=XTHSXM,N,V_EMR_OPERA_RECORD
HIS.STAFF_DICT <-> NJ.BHOSCHECKUS,HIS.STAFF_DICT,NJ.BHOSCHECKUS,1,2,NAME=RECORDDR|NAME=REPORTDR,N,JC_DETAIL
HIS.STAFF_DICT <-> UNKNOWN.CDA_VALUE_DOMAIN_MAP,HIS.STAFF_DICT,UNKNOWN.CDA_VALUE_DOMAIN_MAP,1,2,EMP_NO=DOCTOR_USER|EMP_NO=NURSE_USER,N,V_EMR_DOC_ORDER_DRUG
HIS.STAFF_DICT <-> UNKNOWN.V_DEPTWARD,HIS.STAFF_DICT,UNKNOWN.V_DEPTWARD,1,2,DEPT_CODE=DEPT_CODE|DEPT_CODE=WARD_CODE,N,V_AI_ZKUSER
SM.MED_OPERATION_MASTER <-> UNKNOWN.DOC_REGISTER_EMP_MATCH,SM.MED_OPERATION_MASTER,UNKNOWN.DOC_REGISTER_EMP_MATCH,1,2,EMP_NO=ANESTHESIA_DOCTOR|EMP_NO=SURGEON,N,V_EMR_OPERA_RECORD
CDA.CDA_DICTIONARY <-> HIS.ORDERS,CDA.CDA_DICTIONARY,HIS.ORDERS,1,1,院标编码=ORDER_CLASS,N,V_EMR_DOC_ORDER_CHECK
CDA.CDA_DICTIONARY <-> SX.B_T_XYXXB,CDA.CDA_DICTIONARY,SX.B_T_XYXXB,1,1,院标名称=XYMC,N,V_EMR_INFOR_TRANS_BLOOD
HIS.CLINIC_MASTER <-> HIS.DIAGNOSIS,HIS.CLINIC_MASTER,HIS.DIAGNOSIS,1,1,PATIENT_ID=PATIENT_ID,N,CDR_MEDICAL_DIAG
HIS.CLINIC_MASTER <-> HIS.DOCTOR_GROUP,HIS.CLINIC_MASTER,HIS.DOCTOR_GROUP,1,1,DOCTOR_USER=DOCTOR,N,PL_SFXMMX
HIS.CLINIC_MASTER <-> HIS.OUTP_MR_DIAG_DESC,HIS.CLINIC_MASTER,HIS.OUTP_MR_DIAG_DESC,1,1,PATIENT_ID=PATIENT_ID,N,CDR_APPLY
HIS.CLINIC_MASTER <-> SHUNNENG.APPOINTINFOVIEW,HIS.CLINIC_MASTER,SHUNNENG.APPOINTINFOVIEW,1,1,DEPTID=VISIT_DEPT,N,V_EMR_OUTPATIENT_REGISTER
HIS.CONSULTATION_DOCTOR_DETAIL <-> HIS.CONSULTATION_DOCTOR_MASTER,HIS.CONSULTATION_DOCTOR_DETAIL,HIS.CONSULTATION_DOCTOR_MASTER,1,1,CONSULTATION_ID=CONSULTATION_ID,N,V_EMR_HOS_CONSUL_RECORD
HIS.CONSULTATION_DOCTOR_DETAIL <-> HIS.DEPT_DICT,HIS.CONSULTATION_DOCTOR_DETAIL,HIS.DEPT_DICT,1,1,DEPT_CODE=CONSULTATION_DEPT,N,V_EMR_HOS_CONSUL_RECORD
HIS.CONSULTATION_DOCTOR_DETAIL <-> HIS.STAFF_DICT,HIS.CONSULTATION_DOCTOR_DETAIL,HIS.STAFF_DICT,1,1,EMP_NO=CONSULTATION_DOCTOR,N,V_EMR_HOS_CONSUL_RECORD
HIS.CONSULTATION_DOCTOR_MASTER <-> HIS.DEPT_DICT,HIS.CONSULTATION_DOCTOR_MASTER,HIS.DEPT_DICT,1,1,DEPT_CODE=CONSULTATION_DEPT,N,V_EMR_HOS_CONSUL_RECORD
HIS.CONSULTATION_DOCTOR_MASTER <-> HIS.STAFF_DICT,HIS.CONSULTATION_DOCTOR_MASTER,HIS.STAFF_DICT,1,1,EMP_NO=CONSULTATION_APPLY_DOCTOR,N,V_EMR_HOS_CONSUL_RECORD
HIS.COUNTRY_DICT <-> HIS.PAT_MASTER_INDEX,HIS.COUNTRY_DICT,HIS.PAT_MASTER_INDEX,1,1,COUNTRY_CODE=CITIZENSHIP,N,CDR_PATIENT_INFO
HIS.DEPT_DICT <-> HIS.STAFF_GROUP_DICT,HIS.DEPT_DICT,HIS.STAFF_GROUP_DICT,1,1,ORDER_GROUP=GROUP_CODE,N,PL_SFXMMX
HIS.DEPT_DICT <-> LIS.LAB_REPORT,HIS.DEPT_DICT,LIS.LAB_REPORT,1,1,REQ_DEPTNO=DEPT_CODE,N,LAB_REPORT
HIS.DEPT_DICT <-> UNKNOWN.CDA_VALUE_DOMAIN_MAP,HIS.DEPT_DICT,UNKNOWN.CDA_VALUE_DOMAIN_MAP,1,1,DEPT_CODE=ORDERING_DEPT,N,V_EMR_DOC_ORDER_DRUG
HIS.DIAGNOSIS_DICT <-> HIS.OUTP_MR_DIAG_DESC,HIS.DIAGNOSIS_DICT,HIS.OUTP_MR_DIAG_DESC,1,1,DEPT_CODE=ORDERING_DEPT,N,CDR_APPLY
HIS.DISCHARGE_DISPOSITION_DICT <-> HIS.PAT_VISIT,HIS.DISCHARGE_DISPOSITION_DICT,HIS.PAT_VISIT,1,1,DISCHARGE_DISPOSITION_CODE=DISCHARGE_DISPOSITION,N,V_ESBHL_INPUT_CASE_FIRP
HIS.DOCTOR_GROUP <-> HIS.RECK_ITEM_CLASS_DICT,HIS.DOCTOR_GROUP,HIS.RECK_ITEM_CLASS_DICT,1,1,ORDER_GROUP=GROUP_CODE,N,PL_SFXMMX
HIS.DOCTOR_GROUP <-> HIS.STAFF_GROUP_DICT,HIS.DOCTOR_GROUP,HIS.STAFF_GROUP_DICT,1,1,ORDER_GROUP=GROUP_CODE,N,PL_SFXMMX
HIS.DRUG_DICT <-> HIS.PAT_MASTER_INDEX,HIS.DRUG_DICT,HIS.PAT_MASTER_INDEX,1,1,DRUG_CODE=DRUG_CODE,N,V_ESBHL_CHINESE_MEDI_PRES
HIS.EXAM_ITEMS <-> HIS.EXAM_MASTER,HIS.EXAM_ITEMS,HIS.EXAM_MASTER,1,1,EXAM_NO=EXAM_NO,N,V_EMR_ADMISSION_RECORD_EXAM
HIS.EXAM_MASTER <-> HIS.PAT_MASTER_INDEX,HIS.EXAM_MASTER,HIS.PAT_MASTER_INDEX,1,1,PATIENT_ID=PATIENT_ID,N,V_ESBHL_CHECK_ROD
HIS.EXP_DICT_ZZD <-> HIS.INP_BILL_DETAIL,HIS.EXP_DICT_ZZD,HIS.INP_BILL_DETAIL,1,1,ITEM_CODE=EXP_CODE,N,V_ESBHL_HIGH_VALUE_ROD
HIS.INP_BILL_DETAIL <-> HIS.RECK_ITEM_CLASS_DICT,HIS.INP_BILL_DETAIL,HIS.RECK_ITEM_CLASS_DICT,1,1,CLASS_CODE=CLASS_ON_RECKONING,N,PL_SFXMMX
HIS.INP_BILL_DETAIL <-> HIS.STAFF_GROUP_DICT,HIS.INP_BILL_DETAIL,HIS.STAFF_GROUP_DICT,1,1,GROUP_CODE=ORDER_GROUP,N,PL_SFXMMX
HIS.INP_BILL_DETAIL <-> UNKNOWN.CDA_VALUE_DOMAIN_MAP,HIS.INP_BILL_DETAIL,UNKNOWN.CDA_VALUE_DOMAIN_MAP,1,1,HOSPITAL_CODE=ITEM_CODE,N,V_EMR_IN_FEE_INFO_CHILD
HIS.LAB_TEST_MASTER <-> HIS.PAT_MASTER_INDEX,HIS.LAB_TEST_MASTER,HIS.PAT_MASTER_INDEX,1,1,PATIENT_ID=PATIENT_ID,N,V_ESBHL_INSPECTION_ROD
HIS.MED_DICT_BASEINFO <-> PORTAL_USER.PORTAL_SYS_DICT,HIS.MED_DICT_BASEINFO,PORTAL_USER.PORTAL_SYS_DICT,1,1,PHY_CLASS=DICT_CODE,N,V_EMR_DOC_ORDER_DRUG
HIS.MR_BASE_DICT <-> HIS.PAT_MASTER_INDEX,HIS.MR_BASE_DICT,HIS.PAT_MASTER_INDEX,1,1,ITEM_CODE=ID_TYPE,N,CDR_PATIENT_INFO
HIS.OCCUPATION_DICT <-> HIS.PAT_VISIT,HIS.OCCUPATION_DICT,HIS.PAT_VISIT,1,1,OCCUPATION_CODE=OCCUPATION,N,V_ESBHL_OUTPUT_SUMMARY
HIS.OPERATION <-> HIS.PAT_MASTER_INDEX,HIS.OPERATION,HIS.PAT_MASTER_INDEX,1,1,PATIENT_ID=PATIENT_ID,N,V_EMR_ICH_OPERATION
HIS.ORDERS <-> HIS.ORDER_CLASS_DICT,HIS.ORDERS,HIS.ORDER_CLASS_DICT,1,1,ORDER_CLASS_CODE=ORDER_CLASS,N,V_ESBHL_OUTPUT_DOCADVICE
HIS.ORDERS <-> UNKNOWN.DOC_REGISTER_EMP_MATCH,HIS.ORDERS,UNKNOWN.DOC_REGISTER_EMP_MATCH,1,1,EMP_NO=DOCTOR_USER,N,V_EMR_DOC_ORDER_CHECK
HIS.OUTP_BILL_ITEMS <-> HIS.PAT_MASTER_INDEX,HIS.OUTP_BILL_ITEMS,HIS.PAT_MASTER_INDEX,1,1,HOSPITAL_CODE=ITEM_CODE,N,V_EMR_OUT_FEE_INFO_CHILD
HIS.OUTP_BILL_ITEMS <-> HIS.STAFF_DICT,HIS.OUTP_BILL_ITEMS,HIS.STAFF_DICT,1,1,EMP_NO=ORDERED_BY_DOCTOR,N,V_EMR_OUT_FEE_INFO_CHILD
HIS.OUTP_RCPT_MASTER <-> HIS.STAFF_DICT,HIS.OUTP_RCPT_MASTER,HIS.STAFF_DICT,1,1,EMP_NO=OPERATOR_NO,N,V_EMR_OUT_FEE_INFO_CHILD
HIS.PATIENT_CLASS_DICT <-> HIS.PAT_VISIT,HIS.PATIENT_CLASS_DICT,HIS.PAT_VISIT,1,1,PATIENT_CLASS_CODE=PATIENT_CLASS,N,V_ESBHL_INPUT_CASE_FIRP
HIS.PATS_IN_HOSPITAL <-> HIS.PAT_MASTER_INDEX,HIS.PATS_IN_HOSPITAL,HIS.PAT_MASTER_INDEX,1,1,PATIENT_ID=PATIENT_ID,N,INPAT_LIST
HIS.PAT_MASTER_INDEX <-> HIS.RELATIONSHIP_DICT,HIS.PAT_MASTER_INDEX,HIS.RELATIONSHIP_DICT,1,1,RELATIONSHIP_CODE=RELATIONSHIP,N,CDR_PATIENT_INFO
HIS.PAT_MASTER_INDEX <-> SHUNNENG.APPOINTINFOVIEW,HIS.PAT_MASTER_INDEX,SHUNNENG.APPOINTINFOVIEW,1,1,SFZH=ID_NO,N,V_EMR_OUTPATIENT_REGISTER
HIS.PAT_MASTER_INDEX <-> SM.MED_ANESTHESIA_PLAN,HIS.PAT_MASTER_INDEX,SM.MED_ANESTHESIA_PLAN,1,1,PATIENT_ID=PATIENT_ID,N,V_ESBHL_ANE_ROD
HIS.PAT_MASTER_INDEX <-> UNKNOWN.CDA_VALUE_DOMAIN_MAP,HIS.PAT_MASTER_INDEX,UNKNOWN.CDA_VALUE_DOMAIN_MAP,1,1,PATIENT_ID=PATIENT_ID,N,V_EMR_DOC_ORDER_DRUG
HIS.PAT_MASTER_INDEX <-> UNKNOWN.V_EMR_ADMISSION_RECORD,HIS.PAT_MASTER_INDEX,UNKNOWN.V_EMR_ADMISSION_RECORD,1,1,ADMISSION_ID=PATIENT_ID,N,V_EMR_ADMISSION_DEAD_RECORD_TF
HIS.PAT_VISIT <-> HIS.RELATIONSHIP_DICT,HIS.PAT_VISIT,HIS.RELATIONSHIP_DICT,1,1,RELATIONSHIP_CODE=RELATIONSHIP,N,V_ESBHL_INPUT_CASE_FIRP
HIS.STAFF_DICT <-> MTL.EMRSD47,HIS.STAFF_DICT,MTL.EMRSD47,1,1,NAME=ZCRXM,N,V_EMR_HOS_PREOP_DISCUSS
HIS.STAFF_DICT <-> UNKNOWN.AI_ZK_MED_USER_DICT,HIS.STAFF_DICT,UNKNOWN.AI_ZK_MED_USER_DICT,1,1,USERID=EMP_NO,N,V_AI_ZKUSER
HIS.STAFF_DICT <-> UNKNOWN.TITLE_DICT,HIS.STAFF_DICT,UNKNOWN.TITLE_DICT,1,1,TITLE=TITLE_NAME,N,V_EMR_OUTPATIENT_RECORD
HIS.STAFF_DICT <-> XD.REPORT_TBL,HIS.STAFF_DICT,XD.REPORT_TBL,1,1,NAME=CONFIRM_DOCTOR,N,JC_DETAIL
HIS.STAFF_DICT <-> XD.STUDY_TBL,HIS.STAFF_DICT,XD.STUDY_TBL,1,1,NAME=UPDATE_USER,N,JC_DETAIL
HIS.STAFF_DICT <-> YDHL.MCS_PATIENT_ALLERY_HISTORY,HIS.STAFF_DICT,YDHL.MCS_PATIENT_ALLERY_HISTORY,1,1,EMP_NO=DOCTOR_IN_CHARGE,N,INP_INFO114
LIS.LAB_REPORT <-> LIS.LAB_RESULT,LIS.LAB_REPORT,LIS.LAB_RESULT,1,1,REPORTID=REPORTID,N,LAB_REPORT
MTL.EMRSD36 <-> MTL.EPR_INPATIENT,MTL.EMRSD36,MTL.EPR_INPATIENT,1,1,段落编号=ID,N,V_EMR_ADMISSION_DEAD_RECORD_TF
MTL.EMRSD40 <-> MTL.EMRSD_CONTENT,MTL.EMRSD40,MTL.EMRSD_CONTENT,1,1,段落编号=段落编号,N,V_EMR_HOS_DIFFIC_CASE_DISCUSS
MTL.EMRSD40 <-> MTL.EPR_INPATIENT,MTL.EMRSD40,MTL.EPR_INPATIENT,1,1,段落编号=ID,N,V_EMR_HOS_DIFFIC_CASE_DISCUSS
MTL.EMRSD41 <-> MTL.EPR_INPATIENT,MTL.EMRSD41,MTL.EPR_INPATIENT,1,1,段落编号=ID,N,V_EMR_HOS_SUCCESSION_RECORD
MTL.EMRSD44 <-> MTL.EPR_INPATIENT,MTL.EMRSD44,MTL.EPR_INPATIENT,1,1,段落编号=ID,N,V_EMR_HOS_SAVE_RECORD
MTL.EMRSD47 <-> MTL.EPR_INPATIENT,MTL.EMRSD47,MTL.EPR_INPATIENT,1,1,段落编号=ID,N,V_EMR_HOS_PREOP_DISCUSS
MTL.EMRSD51 <-> MTL.EMRSD_CONTENT,MTL.EMRSD51,MTL.EMRSD_CONTENT,1,1,段落编号=段落编号,N,V_EMR_HOS_DND_RECORD
MTL.EMRSD51 <-> MTL.EPR_INPATIENT,MTL.EMRSD51,MTL.EPR_INPATIENT,1,1,段落编号=ID,N,V_EMR_HOS_DND_RECORD
PACS.EXAMINFO <-> PACS.PATIENTINFO,PACS.EXAMINFO,PACS.PATIENTINFO,1,1,PATIENTVARCHARRAID=PATIENTINTRAID,N,EXAM_REPORT
PACS.EXAMINFO <-> PACS.PROCEDURESTEPINFO,PACS.EXAMINFO,PACS.PROCEDURESTEPINFO,1,1,PROCEDURESTEPID=PROCEDURESTEPID,N,EXAM_REPORT
PACS.EXAMINFO <-> PACS.REPORT,PACS.EXAMINFO,PACS.REPORT,1,1,REPORTID=REPORTID,N,EXAM_REPORT
PACS.PROCEDUREINFO <-> PACS.PROCEDURESTEPINFO,PACS.PROCEDUREINFO,PACS.PROCEDURESTEPINFO,1,1,PROCEDUREID=PROCEDUREID,N,EXAM_REPORT
SX.B_T_REACTIONS <-> SX.B_T_REQD,SX.B_T_REACTIONS,SX.B_T_REQD,1,1,SQLSH=SQLSH,N,V_EMR_INFOR_TRANS_BLOOD
SX.B_T_REACTIONS <-> SX.B_T_XYXXB,SX.B_T_REACTIONS,SX.B_T_XYXXB,1,1,PK_NO=PK_NO,N,V_EMR_INFOR_TRANS_BLOOD
SX.B_T_REQD <-> SX.B_T_XYXXB,SX.B_T_REQD,SX.B_T_XYXXB,1,1,SQLSH=XYHZSQDH,N,V_EMR_INFOR_TRANS_BLOOD
UNKNOWN.CDA_VALUE_DOMAIN_MAP <-> UNKNOWN.DOC_REGISTER_EMP_MATCH,UNKNOWN.CDA_VALUE_DOMAIN_MAP,UNKNOWN.DOC_REGISTER_EMP_MATCH,1,1,EMP_NO=DOCTOR_USER,N,V_EMR_DOC_ORDER_DRUG
XD.REPORT_TBL <-> XD.STUDY_TBL,XD.REPORT_TBL,XD.STUDY_TBL,1,1,STUDY_SEQ=STUDY_SEQ,N,JC_DETAIL
YDHL.INPATIENTS <-> YDHL.MCS_DOC_FORM,YDHL.INPATIENTS,YDHL.MCS_DOC_FORM,1,1,PATIENT_UID=PAT_INDEX_NO,N,T_ESBHL_VAGINAL_DEL_ROD
HIS.PAT_MASTER_INDEX <-> HIS.PAT_VISIT,HIS.PAT_MASTER_INDEX,HIS.PAT_VISIT,25,25,PATIENT_ID=PATIENT_ID,Y,EMR_HOS_CHANGE_MAJOR_RECORD|PAT_VIEW|V_EMR_ADMISSION_DEAD_RECORD_TF|V_EMR_ADMISSION_RECORD|V_EMR_ANESTHESIA_RECORD|V_EMR_BOFORE_OPERA_RECORD|V_EMR_DEATH_RECORD|V_EMR_DISCHARGE_RECORD|V_EMR_HOS_CHANGE_MAJOR_RECORD|V_EMR_HOS_DIFFIC_CASE_DISCUSS|V_EMR_HOS_DND_RECORD|V_EMR_HOS_POSTOPER_RECORD|V_EMR_HOS_SAVE_RECORD|V_EMR_HOS_SUCCESSION_RECORD|V_EMR_ICH|V_EMR_ICH_ALLERGIES|V_EMR_ICH_CHARGE|V_EMR_INFOR_CRITICALLY_ILL|V_EMR_INFOR_OPERATION|V_EMR_INFOR_OTHERS|V_EMR_INFOR_SPEC_EXAM_TREAT|V_EMR_INFOR_TRANS_BLOOD|V_EMR_MEDICAL_RECORD_INFO|V_EMR_OPERA_RECORD|V_ESBHL_OUTPUT_SUMMARY
MTL.EPR_INPATIENT <-> MTL.EPR_INPATIENT_DOCINDEX,MTL.EPR_INPATIENT,MTL.EPR_INPATIENT_DOCINDEX,21,21,UHID=UHID,Y,EMR_HOS_CHANGE_MAJOR_RECORD|TJZRBL|V_EMR_ADMISSION_DEAD_RECORD_TF|V_EMR_ADMISSION_RECORD|V_EMR_DEATH_RECORD|V_EMR_DISCHARGE_RECORD|V_EMR_HOS_CHANGE_MAJOR_RECORD|V_EMR_HOS_DIFFIC_CASE_DISCUSS|V_EMR_HOS_DND_RECORD|V_EMR_HOS_POSTOPER_RECORD|V_EMR_HOS_PREOP_DISCUSS|V_EMR_HOS_SAVE_RECORD|V_EMR_HOS_SUCCESSION_RECORD|V_EMR_INFOR_CRITICALLY_ILL|V_EMR_INFOR_OPERATION|V_EMR_INFOR_OTHERS|V_EMR_INFOR_SPEC_EXAM_TREAT|V_EMR_MEDICAL_RECORD_INFO|V_EMR_OPERA_RECORD|V_ESBHL_INPUT_ROD|V_ESBHL_OPER_ROD
HIS.PAT_VISIT <-> MTL.EPR_INPATIENT_DOCINDEX,HIS.PAT_VISIT,MTL.EPR_INPATIENT_DOCINDEX,19,22,ATTENDING_DOCTOR=EMP_NO|DOCTOR_IN_CHARGE=EMP_NO|PATIENT_ID=P_CLINIC_ID|P_INPATIENT_TIMES=VISIT_ID|VISIT_ID=P_INPATIENT_TIMES,Y,EMR_HOS_CHANGE_MAJOR_RECORD|V_EMR_ADMISSION_DEAD_RECORD_TF|V_EMR_ADMISSION_RECORD|V_EMR_DISCHARGE_RECORD|V_EMR_HOS_CHANGE_MAJOR_RECORD|V_EMR_HOS_DIFFIC_CASE_DISCUSS|V_EMR_HOS_DND_RECORD|V_EMR_HOS_POSTOPER_RECORD|V_EMR_HOS_PREOP_DISCUSS|V_EMR_HOS_SAVE_RECORD|V_EMR_HOS_SUCCESSION_RECORD|V_EMR_INFOR_CRITICALLY_ILL|V_EMR_INFOR_OPERATION|V_EMR_INFOR_OTHERS|V_EMR_INFOR_SPEC_EXAM_TREAT|V_EMR_MEDICAL_RECORD_INFO|V_EMR_OPERA_RECORD|V_ESBHL_INPUT_ROD|V_ESBHL_OPER_ROD
HIS.PAT_MASTER_INDEX <-> MTL.EPR_INPATIENT_DOCINDEX,HIS.PAT_MASTER_INDEX,MTL.EPR_INPATIENT_DOCINDEX,16,16,INP_NO=P_INPATIENT_NO|P_INPATIENT_NO=INP_NO,Y,EMR_HOS_CHANGE_MAJOR_RECORD|V_EMR_ADMISSION_DEAD_RECORD_TF|V_EMR_ADMISSION_RECORD|V_EMR_DISCHARGE_RECORD|V_EMR_HOS_CHANGE_MAJOR_RECORD|V_EMR_HOS_DIFFIC_CASE_DISCUSS|V_EMR_HOS_DND_RECORD|V_EMR_HOS_POSTOPER_RECORD|V_EMR_HOS_SAVE_RECORD|V_EMR_HOS_SUCCESSION_RECORD|V_EMR_INFOR_CRITICALLY_ILL|V_EMR_INFOR_OPERATION|V_EMR_INFOR_OTHERS|V_EMR_INFOR_SPEC_EXAM_TREAT|V_EMR_MEDICAL_RECORD_INFO|V_EMR_OPERA_RECORD
HIS.DEPT_DICT <-> HIS.PAT_VISIT,HIS.DEPT_DICT,HIS.PAT_VISIT,15,29,ADT_ROOM_NO=DEPT_CODE|DEPT_ADMISSION_TO=DEPT_CODE|DEPT_CODE=ADT_ROOM_NO|DEPT_CODE=DEPT_ADMISSION_TO|DEPT_CODE=DEPT_DISCHARGE_FROM|DEPT_CODE=DISCHARGE_WARD_CODE|DEPT_DISCHARGE_FROM=DEPT_CODE|DISCHARGE_WARD_CODE=DEPT_CODE,Y,CDR_MEDICAL|PAT_VIEW|V_BI_ZYSS|V_EMR_ANESTHESIA_RECORD|V_EMR_BOFORE_OPERA_RECORD|V_EMR_DISCHARGE_RECORD|V_EMR_ICH|V_EMR_INFOR_ANESTHESIA|V_EMR_INFOR_TRANS_BLOOD|V_EMR_REFERRAL_HOS_RECORD|V_ESBHL_CHECK_ROD|V_ESBHL_INPUT_CASE_FIRP|V_ESBHL_INPUT_ROD|V_ESBHL_OPER_ROD|V_ESBHL_OUTPUT_SUMMARY
MTL.EMRSD_CONTENT <-> MTL.EPR_INPATIENT,MTL.EMRSD_CONTENT,MTL.EPR_INPATIENT,13,15,UHID=UHID|段落编号=ID,Y,EMR_HOS_CHANGE_MAJOR_RECORD|TJZRBL|V_EMR_ADMISSION_DEAD_RECORD_TF|V_EMR_ADMISSION_RECORD|V_EMR_DISCHARGE_RECORD|V_EMR_HOS_CHANGE_MAJOR_RECORD|V_EMR_HOS_POSTOPER_RECORD|V_EMR_HOS_PREOP_DISCUSS|V_EMR_HOS_SAVE_RECORD|V_EMR_HOS_SUCCESSION_RECORD|V_EMR_INFOR_CRITICALLY_ILL|V_EMR_INFOR_OPERATION|V_EMR_OPERA_RECORD
MTL.EMRSD_CONTENT <-> MTL.EPR_INPATIENT_DOCINDEX,MTL.EMRSD_CONTENT,MTL.EPR_INPATIENT_DOCINDEX,12,12,UHID=UHID,Y,EMR_HOS_CHANGE_MAJOR_RECORD|V_EMR_ADMISSION_RECORD|V_EMR_DISCHARGE_RECORD|V_EMR_HOS_CHANGE_MAJOR_RECORD|V_EMR_HOS_DIFFIC_CASE_DISCUSS|V_EMR_HOS_DND_RECORD|V_EMR_HOS_POSTOPER_RECORD|V_EMR_HOS_PREOP_DISCUSS|V_EMR_HOS_SAVE_RECORD|V_EMR_HOS_SUCCESSION_RECORD|V_EMR_INFOR_CRITICALLY_ILL|V_EMR_OPERA_RECORD
HIS.PAT_VISIT <-> HIS.STAFF_DICT,HIS.PAT_VISIT,HIS.STAFF_DICT,11,25,BLOOD_TYPE_CODE=BLOOD_TYPE|BLOOD_TYPE_CODE=BLOOD_TYPE_RH|DEPT_CODE=DOCTOR_OF_CONTROL_QUALITY|DEPT_CODE=NURSE_OF_CONTROL_QUALITY|EMP_NO=ADVANCED_STUDIES_DOCTOR|EMP_NO=ATTENDING_DOCTOR|EMP_NO=CATALOGER|EMP_NO=DIRECTOR|EMP_NO=DOCTOR_IN_CHARGE|EMP_NO=DUTY_NURSE|EMP_NO=PRACTICE_DOCTOR|EMP_NO=PRACTICE_DOCTOR_OF_GRADUATE|NAME=CATALOGER,Y,CDR_MEDICAL|INP_INFO114|V_EMR_ADMISSION_DEAD_RECORD_TF|V_EMR_ADMISSION_RECORD|V_EMR_DISCHARGE_RECORD|V_EMR_HOS_DIFFIC_CASE_DISCUSS|V_EMR_HOS_DND_RECORD|V_EMR_HOS_SAVE_RECORD|V_EMR_INFOR_OPERATION|V_EMR_REFERRAL_HOS_RECORD|V_ESBHL_INPUT_CASE_FIRP
HIS.DIAGNOSIS <-> HIS.PAT_VISIT,HIS.DIAGNOSIS,HIS.PAT_VISIT,11,22,DEPT_CODE=DEPT_ADMISSION_TO|DEPT_CODE=DISCHARGE_WARD_CODE|PATIENT_ID=PATIENT_ID|VISIT_ID=VISIT_ID,Y,CDR_MEDICAL_DIAG|EMR_DISCHARGE_RECORD_DIAGNOSIS|V_EMR_ADMISSION_DEAD_RECORD_TF|V_EMR_ADMISSION_DIAGNOSIS|V_EMR_DISCHARGE_RECORD|V_EMR_ICH_DIAGNOSIS|V_EMR_INFOR_CRITICALLY_ILL|V_EMR_OPERATION_NURSING|V_EMR_REFERRAL_HOS_RECORD|V_ESBHL_INPUT_CASE_FIRP|V_ESBHL_OUTPUT_SUMMARY
SM.MED_ANESTHESIA_PLAN <-> SM.MED_OPERATION_MASTER,SM.MED_ANESTHESIA_PLAN,SM.MED_OPERATION_MASTER,10,30,OPER_ID=OPER_ID|PATIENT_ID=PATIENT_ID|VISIT_ID=VISIT_ID,Y,CDR_OPERATION_VISIT|CDR_SURGICAL_RECORD|V_EMR_ANESTHESIA_RECORD|V_EMR_ANES_AFTER_RECORD|V_EMR_BOFORE_OPERA_RECORD|V_EMR_INFOR_ANESTHESIA|V_EMR_OPERATION_NURSING|V_ESBHL_AFT_ANE_VISIT_ROD|V_ESBHL_ANE_PREO_VISIT_ROD|V_ESBHL_ANE_ROD
HIS.PAT_VISIT <-> SM.MED_OPERATION_MASTER,HIS.PAT_VISIT,SM.MED_OPERATION_MASTER,9,17,PATIENT_ID=PATIENT_ID|VISIT_ID=VISIT_ID,Y,V_EMR_ANES_AFTER_RECORD|V_EMR_ANES_RECORD_MED|V_EMR_BOFORE_OPERA_RECORD|V_EMR_INFOR_ANESTHESIA|V_EMR_INFOR_OPERATION|V_EMR_OPERATION_NURSING|V_EMR_OPERA_RECORD|V_ESBHL_AFT_ANE_VISIT_ROD|V_ESBHL_ANE_PREO_VISIT_ROD
HIS.DEPT_DICT <-> MTL.EPR_INPATIENT_DOCINDEX,HIS.DEPT_DICT,MTL.EPR_INPATIENT_DOCINDEX,8,8,DEPT_CODE=P_DEPT_CODE,Y,V_EMR_HOS_DIFFIC_CASE_DISCUSS|V_EMR_HOS_DND_RECORD|V_EMR_HOS_POSTOPER_RECORD|V_EMR_HOS_PREOP_DISCUSS|V_EMR_INFOR_CRITICALLY_ILL|V_EMR_INFOR_OPERATION|V_EMR_INFOR_SPEC_EXAM_TREAT|V_EMR_OPERA_RECORD
HIS.CLINIC_MASTER <-> HIS.DEPT_DICT,HIS.CLINIC_MASTER,HIS.DEPT_DICT,6,6,DEPT_CODE=VISIT_DEPT|VISIT_DEPT=DEPT_CODE,Y,CDR_MEDICAL_DIAG|CDR_OUTPATIENT_VISIT|PAT_VIEW|V_BI_MZGH|V_EMR_OUTPATIENT_RECIPE|V_EMR_OUTPATIENT_REGISTER
HIS.PAT_MASTER_INDEX <-> SM.MED_OPERATION_MASTER,HIS.PAT_MASTER_INDEX,SM.MED_OPERATION_MASTER,6,6,PATIENT_ID=PATIENT_ID,Y,SM_HZSJ|V_EMR_ANES_AFTER_RECORD|V_EMR_INFOR_ANESTHESIA|V_EMR_OPERATION_NURSING|V_ESBHL_AFT_ANE_VISIT_ROD|V_ESBHL_ANE_PREO_VISIT_ROD
HIS.OPERATION <-> HIS.PAT_VISIT,HIS.OPERATION,HIS.PAT_VISIT,5,10,PATIENT_ID=PATIENT_ID|VISIT_ID=VISIT_ID,Y,V_BI_ZYSS|V_EMR_ICH_OPERATION|V_EMR_OPERA_RECORD|V_ESBHL_INPUT_CASE_FIRP|V_ESBHL_OUTPUT_SUMMARY
HIS.ORDERS <-> HIS.PAT_VISIT,HIS.ORDERS,HIS.PAT_VISIT,3,6,PATIENT_ID=PATIENT_ID|VISIT_ID=VISIT_ID,Y,V_EMR_ADMISSION_DEAD_RECORD_TF|V_EMR_DOC_ORDER_CHECK|V_ESBHL_OUTPUT_DOCADVICE
HIS.PATS_IN_HOSPITAL <-> HIS.PAT_VISIT,HIS.PATS_IN_HOSPITAL,HIS.PAT_VISIT,3,6,PATIENT_ID=PATIENT_ID|VISIT_ID=VISIT_ID,Y,PAT_VIEW|V_EMR_ADMISSION_RECORD|V_EMR_DISCHARGE_RECORD
HIS.EXAM_MASTER <-> HIS.PAT_VISIT,HIS.EXAM_MASTER,HIS.PAT_VISIT,2,3,PATIENT_ID=PATIENT_ID|VISIT_ID=VISIT_ID,Y,V_EMR_ADMISSION_RECORD_EXAM|V_ESBHL_CHECK_ROD
HIS.LAB_RESULT <-> HIS.LAB_TEST_ITEMS,HIS.LAB_RESULT,HIS.LAB_TEST_ITEMS,2,3,ITEM_NO=ITEM_NO|TEST_NO=TEST_NO,Y,V_EMR_INSPECTION_ALLERGY_TEST|V_EMR_INSPECTION_ITEM_TEST
HIS.EXAM_MASTER <-> HIS.EXAM_REPORT,HIS.EXAM_MASTER,HIS.EXAM_REPORT,2,2,EXAM_NO=EXAM_NO,Y,TJZRBL|V_EMR_ADMISSION_RECORD_EXAM
HIS.OUTP_BILL_ITEMS <-> HIS.OUTP_RCPT_MASTER,HIS.OUTP_BILL_ITEMS,HIS.OUTP_RCPT_MASTER,2,2,RCPT_NO=RCPT_NO,Y,V_EMR_OUT_FEE_INFO_CHILD|V_EMR_OUT_FEE_INFO_MAIN
HIS.LAB_TEST_MASTER <-> HIS.PAT_VISIT,HIS.LAB_TEST_MASTER,HIS.PAT_VISIT,1,2,PATIENT_ID=PATIENT_ID|VISIT_ID=VISIT_ID,Y,V_ESBHL_INSPECTION_ROD
HIS.LAB_RESULT <-> HIS.LAB_TEST_MASTER,HIS.LAB_RESULT,HIS.LAB_TEST_MASTER,1,1,TEST_NO=TEST_NO,Y,V_EMR_INSPECTION_ALLERGY_TEST
JHEMR.JHMR_FILE_CONTENT_TEXT <-> JHEMR.JHMR_FILE_INDEX,JHEMR.JHMR_FILE_CONTENT_TEXT,JHEMR.JHMR_FILE_INDEX,1,1,FILE_UNIQUE_ID=FILE_UNIQUE_ID,Y,CDR_EMR_DOCUMENT
