left_table,left_column,right_table,right_column,view_count,edge_count,in_formal_relationships,conditions,views
HIS.DIAGNOSIS,PATIENT_ID,HIS.PAT_MASTER_INDEX,PATIENT_ID,9,9,N,A.PATIENT_ID = B.PATIENT_ID|D.PATIENT_ID = PMI.PATIENT_ID|D.PATIENT_ID = TT.PATIENT_ID|PMI.PATIENT_ID = A.PATIENT_ID|T.PATIENT_ID = T2.PATIENT_ID|TT.PATIENT_ID = DDD.PATIENT_ID,CDR_MEDICAL_DIAG|EMR_DISCHARGE_RECORD_DIAGNOSIS|EMR_HOS_CHANGE_MAJOR_RECORD|V_EMR_ADMISSION_DIAGNOSIS|V_EMR_HOS_CHANGE_MAJOR_RECORD|V_EMR_HOS_DND_RECORD|V_EMR_HOS_SAVE_RECORD|V_EMR_HOS_SUCCESSION_RECORD|V_EMR_ICH_DIAGNOSIS
HIS.PAT_VISIT,ATTENDING_DOCTOR,HIS.STAFF_DICT,EMP_NO,7,7,N,D.EMP_NO = A.ATTENDING_DOCTOR|SD.EMP_NO = PV.ATTENDING_DOCTOR|SD.EMP_NO = T.ATTENDING_DOCTOR|SD.EMP_NO = TTT.ATTENDING_DOCTOR|YG.EMP_NO = A.ATTENDING_DOCTOR|YG.EMP_NO = T.ATTENDING_DOCTOR,V_EMR_ADMISSION_RECORD|V_EMR_DISCHARGE_RECORD|V_EMR_HOS_DIFFIC_CASE_DISCUSS|V_EMR_HOS_DND_RECORD|V_EMR_HOS_SAVE_RECORD|V_EMR_REFERRAL_HOS_RECORD|V_ESBHL_INPUT_CASE_FIRP
SM.MED_OPERATION_MASTER,PATIENT_ID,SM.MED_OPERATION_SCHEDULE,PATIENT_ID,7,7,N,A.PATIENT_ID = A1.PATIENT_ID|MOM.PATIENT_ID = MOS.PATIENT_ID|MOS.PATIENT_ID = MOM.PATIENT_ID,CDR_OPERATION_APPLY|V_EMR_ANES_AFTER_RECORD|V_EMR_BOFORE_OPERA_RECORD|V_EMR_INFOR_ANESTHESIA|V_EMR_OPERATION_NURSING|V_ESBHL_AFT_ANE_VISIT_ROD|V_ESBHL_ANE_PREO_VISIT_ROD
SM.MED_OPERATION_MASTER,VISIT_ID,SM.MED_OPERATION_SCHEDULE,VISIT_ID,7,7,N,A.VISIT_ID = A1.VISIT_ID|MOM.VISIT_ID = MOS.VISIT_ID|MOS.VISIT_ID = MOM.VISIT_ID,CDR_OPERATION_APPLY|V_EMR_ANES_AFTER_RECORD|V_EMR_BOFORE_OPERA_RECORD|V_EMR_INFOR_ANESTHESIA|V_EMR_OPERATION_NURSING|V_ESBHL_AFT_ANE_VISIT_ROD|V_ESBHL_ANE_PREO_VISIT_ROD
CDA.CDA_DICTIONARY,院标编码,HIS.OPERATION,OPERATION_CODE,6,6,N,CD.院标编码 = O.OPERATION_CODE,V_EMR_ANESTHESIA_RECORD|V_EMR_ANES_AFTER_RECORD|V_EMR_INFOR_ANESTHESIA|V_EMR_INFOR_OPERATION|V_EMR_OPERATION_NURSING|V_EMR_OPERA_RECORD
CDA.CDA_DICTIONARY,院标名称,SM.MED_OPERATION_MASTER,OPERATION_NAME,6,6,N,CD.院标名称 = A.OPERATION_NAME|CD.院标名称 = B.OPERATION_NAME|CD.院标名称 = MOM.OPERATION_NAME,V_EMR_ANESTHESIA_RECORD|V_EMR_BOFORE_OPERA_RECORD|V_EMR_HOS_PREOP_DISCUSS|V_EMR_INFOR_ANESTHESIA|V_EMR_INFOR_OPERATION|V_EMR_OPERATION_NURSING
HIS.DEPT_DICT,DEPT_CODE,HIS.PAT_VISIT,DISCHARGE_WARD_CODE,6,6,N,A.DISCHARGE_WARD_CODE = T.DEPT_CODE|HD.DEPT_CODE = P.DISCHARGE_WARD_CODE|HD.DEPT_CODE = V.DISCHARGE_WARD_CODE|KS.DEPT_CODE = P.DISCHARGE_WARD_CODE|KS.DEPT_CODE = PV.DISCHARGE_WARD_CODE|T.DISCHARGE_WARD_CODE = KS.DEPT_CODE,CDR_MEDICAL|PAT_VIEW|V_EMR_ANESTHESIA_RECORD|V_EMR_BOFORE_OPERA_RECORD|V_EMR_INFOR_ANESTHESIA|V_EMR_INFOR_TRANS_BLOOD
HIS.DIAGNOSIS,VISIT_ID,MTL.EPR_INPATIENT_DOCINDEX,P_INPATIENT_TIMES,6,6,N,D.VISIT_ID = T.P_INPATIENT_TIMES|DD.VISIT_ID = T.P_INPATIENT_TIMES|T.P_INPATIENT_TIMES = DDD.VISIT_ID,EMR_HOS_CHANGE_MAJOR_RECORD|V_EMR_HOS_CHANGE_MAJOR_RECORD|V_EMR_HOS_DND_RECORD|V_EMR_HOS_PREOP_DISCUSS|V_EMR_HOS_SAVE_RECORD|V_EMR_HOS_SUCCESSION_RECORD
HIS.OPERATION,PATIENT_ID,SM.MED_OPERATION_MASTER,PATIENT_ID,6,6,N,A.PATIENT_ID = O.PATIENT_ID|MOM.PATIENT_ID = O.PATIENT_ID|O.PATIENT_ID = B.PATIENT_ID|O.PATIENT_ID = MOM.PATIENT_ID,V_EMR_ANESTHESIA_RECORD|V_EMR_ANES_AFTER_RECORD|V_EMR_BOFORE_OPERA_RECORD|V_EMR_INFOR_ANESTHESIA|V_EMR_INFOR_OPERATION|V_EMR_OPERATION_NURSING
HIS.OPERATION,VISIT_ID,SM.MED_OPERATION_MASTER,VISIT_ID,6,6,N,A.VISIT_ID = O.VISIT_ID|MOM.VISIT_ID = O.VISIT_ID|O.VISIT_ID = B.VISIT_ID|O.VISIT_ID = MOM.VISIT_ID,V_EMR_ANESTHESIA_RECORD|V_EMR_ANES_AFTER_RECORD|V_EMR_BOFORE_OPERA_RECORD|V_EMR_INFOR_ANESTHESIA|V_EMR_INFOR_OPERATION|V_EMR_OPERATION_NURSING
SM.MED_CUSTOM_DATA,PATIENT_ID,SM.MED_OPERATION_MASTER,PATIENT_ID,6,6,N,MCD.PATIENT_ID = MOM.PATIENT_ID|SQ.PATIENT_ID = A.PATIENT_ID|SQ.PATIENT_ID = B.PATIENT_ID,CDR_OPERATION_AFTER|CDR_OPERATION_RECOVERY|CDR_OPERATION_VISIT|V_EMR_ANESTHESIA_RECORD|V_EMR_BOFORE_OPERA_RECORD|V_EMR_INFOR_ANESTHESIA
SM.MED_CUSTOM_DATA,VISIT_ID,SM.MED_OPERATION_MASTER,VISIT_ID,6,6,N,MCD.VISIT_ID = MOM.VISIT_ID|SQ.VISIT_ID = A.VISIT_ID|SQ.VISIT_ID = B.VISIT_ID,CDR_OPERATION_AFTER|CDR_OPERATION_RECOVERY|CDR_OPERATION_VISIT|V_EMR_ANESTHESIA_RECORD|V_EMR_BOFORE_OPERA_RECORD|V_EMR_INFOR_ANESTHESIA
SM.MED_CUSTOM_DATA,OPER_ID,SM.MED_OPERATION_MASTER,OPER_ID,6,6,N,MCD.OPER_ID = MOM.OPER_ID|SQ.OPER_ID = A.OPER_ID|SQ.OPER_ID = B.OPER_ID,CDR_OPERATION_AFTER|CDR_OPERATION_RECOVERY|CDR_OPERATION_VISIT|V_EMR_ANESTHESIA_RECORD|V_EMR_BOFORE_OPERA_RECORD|V_EMR_INFOR_ANESTHESIA
SM.MED_OPERATION_MASTER,OPER_ID,SM.MED_OPERATION_SCHEDULE,OPER_ID,6,6,N,A.OPER_ID = A1.OPER_ID|MOM.OPER_ID = MOS.OPER_ID,CDR_OPERATION_APPLY|V_EMR_ANES_AFTER_RECORD|V_EMR_BOFORE_OPERA_RECORD|V_EMR_OPERATION_NURSING|V_ESBHL_AFT_ANE_VISIT_ROD|V_ESBHL_ANE_PREO_VISIT_ROD
CDA.CDA_DICTIONARY,院标名称,HIS.OPERATION,OPERATION_DESC,5,5,N,CD.院标名称 = O.OPERATION_DESC,V_EMR_BOFORE_OPERA_RECORD|V_EMR_HOS_PREOP_DISCUSS|V_EMR_INFOR_ANESTHESIA|V_EMR_INFOR_OPERATION|V_EMR_OPERATION_NURSING
CDA.CDA_DICTIONARY,院标名称,SM.MED_OPERATION_MASTER,DIAG_BEFORE_OPERATION,5,5,N,CD.院标名称 = A.DIAG_BEFORE_OPERATION|CD.院标名称 = MOM.DIAG_BEFORE_OPERATION,V_EMR_BOFORE_OPERA_RECORD|V_EMR_INFOR_ANESTHESIA|V_EMR_INFOR_OPERATION|V_EMR_OPERATION_NURSING|V_EMR_OPERA_RECORD
HIS.INP_BILL_DETAIL,PATIENT_ID,HIS.PAT_MASTER_INDEX,PATIENT_ID,5,5,N,A.PATIENT_ID = B.PATIENT_ID|A.PATIENT_ID = R.PATIENT_ID|A.PATIENT_ID = T.PATIENT_ID|B.PATIENT_ID = P.PATIENT_ID|E.PATIENT_ID = A.PATIENT_ID,PL_SFXMMX|V_EMR_CONSUMABLES|V_EMR_IN_FEE_INFO_CHILD|V_ESBHL_HIGH_VALUE_ROD|V_ESBHL_TRE_ROD
HIS.STAFF_DICT,EMP_NO,SM.MED_OPERATION_MASTER,ANESTHESIA_DOCTOR,5,5,N,SD.EMP_NO = A.ANESTHESIA_DOCTOR|SD.EMP_NO = B.ANESTHESIA_DOCTOR|SD.EMP_NO = MOM.ANESTHESIA_DOCTOR,V_EMR_ANESTHESIA_RECORD|V_EMR_ANES_AFTER_RECORD|V_EMR_BOFORE_OPERA_RECORD|V_EMR_INFOR_ANESTHESIA|V_EMR_OPERA_RECORD
SM.MED_OPERATION_MASTER,PATIENT_ID,SM.MED_PAT_MASTER_INDEX,PATIENT_ID,5,5,N,A.PATIENT_ID = B.PATIENT_ID|MOM.PATIENT_ID = MPMI.PATIENT_ID,CDR_OPERATION_AFTER|V_EMR_ANES_AFTER_RECORD|V_EMR_BOFORE_OPERA_RECORD|V_ESBHL_AFT_ANE_VISIT_ROD|V_ESBHL_ANE_PREO_VISIT_ROD
HIS.DEPT_DICT,DEPT_CODE,HIS.PAT_VISIT,ADT_ROOM_NO,4,4,N,A.ADT_ROOM_NO = T.DEPT_CODE|D.DEPT_CODE = PV.ADT_ROOM_NO|E.DEPT_CODE = A.ADT_ROOM_NO|T.ADT_ROOM_NO = Q.DEPT_CODE,CDR_MEDICAL|V_ESBHL_CHECK_ROD|V_ESBHL_INPUT_ROD|V_ESBHL_OUTPUT_SUMMARY
HIS.DRUG_PRESC_MASTER,PATIENT_ID,HIS.PAT_MASTER_INDEX,PATIENT_ID,4,4,N,A.PATIENT_ID = PMI.PATIENT_ID|PMI.PATIENT_ID = A.PATIENT_ID|T.PATIENT_ID = A.PATIENT_ID,V_EMR_OUTPATIENT_RECIPE|V_EMR_OUTPATIENT_RECIPE_BAK|V_EMR_OUTPATIENT_RECIPE_ITEM|V_ESBHL_CHINESE_MEDI_PRES
HIS.PAT_VISIT,DIRECTOR,HIS.STAFF_DICT,EMP_NO,4,4,N,D.EMP_NO = A.DIRECTOR|SD.EMP_NO = TTT.DIRECTOR,V_EMR_ADMISSION_DEAD_RECORD_TF|V_EMR_HOS_DIFFIC_CASE_DISCUSS|V_EMR_HOS_DND_RECORD|V_ESBHL_INPUT_CASE_FIRP
HIS.PAT_VISIT,PATIENT_ID,SM.MED_ANESTHESIA_PLAN,PATIENT_ID,4,4,N,A.PATIENT_ID = T.PATIENT_ID|A.PATIENT_ID = V.PATIENT_ID|P.PATIENT_ID = E3.PATIENT_ID,V_EMR_ANESTHESIA_RECORD|V_ESBHL_AFT_ANE_VISIT_ROD|V_ESBHL_ANE_PREO_VISIT_ROD|V_ESBHL_ANE_ROD
HIS.PAT_VISIT,VISIT_ID,SM.MED_ANESTHESIA_PLAN,VISIT_ID,4,4,N,A.VISIT_ID = V.VISIT_ID|P.VISIT_ID = E3.VISIT_ID,V_EMR_ANESTHESIA_RECORD|V_ESBHL_AFT_ANE_VISIT_ROD|V_ESBHL_ANE_PREO_VISIT_ROD|V_ESBHL_ANE_ROD
SM.MED_DIAGNOSIS_DICT,DIAGNOSIS_NAME,SM.MED_OPERATION_MASTER,DIAG_BEFORE_OPERATION,4,4,N,A.DIAG_BEFORE_OPERATION = T.DIAGNOSIS_NAME|B.DIAG_BEFORE_OPERATION = C.DIAGNOSIS_NAME|MOM.DIAG_BEFORE_OPERATION = C.DIAGNOSIS_NAME,V_EMR_OPERA_RECORD|V_ESBHL_AFT_ANE_VISIT_ROD|V_ESBHL_ANE_PREO_VISIT_ROD|V_ESBHL_ANE_ROD
CDA.CDA_DICTIONARY,院标名称,HIS.OPERATION,ANAESTHESIA_METHOD,3,3,N,CD.院标名称 = O.ANAESTHESIA_METHOD,V_EMR_ANESTHESIA_RECORD|V_EMR_BOFORE_OPERA_RECORD|V_EMR_HOS_PREOP_DISCUSS
CDA.CDA_DICTIONARY,院标编码,HIS.PAT_MASTER_INDEX,ID_TYPE,3,3,N,ZD.院标编码 = B.ID_TYPE|ZD.院标编码 = PMI.ID_TYPE,V_EMR_ADMISSION_RECORD|V_EMR_OUTPATIENT_RECIPE|V_EMR_OUTPATIENT_REGISTER
CDA.CDA_DICTIONARY,院标编码,HIS.PAT_MASTER_INDEX,RELATIONSHIP,3,3,N,CD.院标编码 = PMI.RELATIONSHIP,V_EMR_INFOR_ANESTHESIA|V_EMR_INFOR_SPEC_EXAM_TREAT|V_EMR_INFOR_TRANS_BLOOD
CDA.CDA_DICTIONARY,院标名称,SM.MED_OPERATION_MASTER,ANESTHESIA_METHOD,3,3,N,CD.院标名称 = B.ANESTHESIA_METHOD|CD.院标名称 = MOM.ANESTHESIA_METHOD,V_EMR_ANESTHESIA_RECORD|V_EMR_HOS_PREOP_DISCUSS|V_EMR_INFOR_ANESTHESIA
HIS.CLINIC_MASTER,CLINIC_NO,HIS.DRUG_PRESC_MASTER,CLINIC_NO,3,3,N,A.CLINIC_NO = D.CLINIC_NO|D.CLINIC_NO = A.CLINIC_NO,V_EMR_OUTPATIENT_RECIPE|V_EMR_OUTPATIENT_RECIPE_BAK|V_EMR_OUTPATIENT_RECIPE_ITEM
HIS.CLINIC_MASTER,DOCTOR,HIS.STAFF_DICT,EMP_NO,3,3,N,AA.EMP_NO = CM.DOCTOR|S.EMP_NO = A.DOCTOR|YG.EMP_NO = A.DOCTOR,PL_SFXMMX|V_BI_MZGH|V_EMR_OUTPATIENT_REGISTER
HIS.DRUG_DICT,DRUG_CODE,HIS.DRUG_PRESC_DETAIL,DRUG_CODE,3,3,N,DD.DRUG_CODE = T.DRUG_CODE|DP.DRUG_CODE = B.DRUG_CODE,V_EMR_OUTPATIENT_RECIPE|V_EMR_OUTPATIENT_RECIPE_BAK|V_EMR_OUTPATIENT_RECIPE_ITEM
HIS.INP_BILL_DETAIL,PATIENT_ID,HIS.PAT_VISIT,PATIENT_ID,3,3,N,A.PATIENT_ID = T.PATIENT_ID|A.PATIENT_ID = V.PATIENT_ID|B.PATIENT_ID = V.PATIENT_ID,V_EMR_CONSUMABLES|V_ESBHL_HIGH_VALUE_ROD|V_ESBHL_TRE_ROD
HIS.INP_BILL_DETAIL,VISIT_ID,HIS.PAT_VISIT,VISIT_ID,3,3,N,A.VISIT_ID = T.VISIT_ID|A.VISIT_ID = V.VISIT_ID|B.VISIT_ID = V.VISIT_ID,V_EMR_CONSUMABLES|V_ESBHL_HIGH_VALUE_ROD|V_ESBHL_TRE_ROD
HIS.OPERATION,OPERATOR,HIS.STAFF_DICT,EMP_NO,3,3,N,SD.EMP_NO = O.OPERATOR|YG.EMP_NO = A.OPERATOR,V_BI_ZYSS|V_EMR_INFOR_OPERATION|V_EMR_OPERA_RECORD
HIS.STAFF_DICT,EMP_NO,SM.MED_OPERATION_MASTER,SURGEON,3,3,N,SD.EMP_NO = A.SURGEON|SD.EMP_NO = MOM.SURGEON|YG.EMP_NO = B.SURGEON,V_EMR_ANESTHESIA_RECORD|V_EMR_OPERATION_NURSING|V_EMR_OPERA_RECORD
SM.MED_ANESTHESIA_EVENT,PATIENT_ID,SM.MED_OPERATION_MASTER,PATIENT_ID,3,3,N,MAE.PATIENT_ID = B.PATIENT_ID|MOM.PATIENT_ID = MAE.PATIENT_ID,CDR_OPERATION_PHARMACY|V_EMR_ANESTHESIA_RECORD|V_EMR_ANES_RECORD_MED
SM.MED_ANESTHESIA_EVENT,VISIT_ID,SM.MED_OPERATION_MASTER,VISIT_ID,3,3,N,MAE.VISIT_ID = B.VISIT_ID|MOM.VISIT_ID = MAE.VISIT_ID,CDR_OPERATION_PHARMACY|V_EMR_ANESTHESIA_RECORD|V_EMR_ANES_RECORD_MED
SM.MED_ANESTHESIA_EVENT,OPER_ID,SM.MED_OPERATION_MASTER,OPER_ID,3,3,N,MAE.OPER_ID = B.OPER_ID|MOM.OPER_ID = MAE.OPER_ID,CDR_OPERATION_PHARMACY|V_EMR_ANESTHESIA_RECORD|V_EMR_ANES_RECORD_MED
YDHL.INPATIENTS,PAT_INDEX_NO,YDHL.MCS_VITAL_INFO,PATIENT_UID,3,3,N,A.PATIENT_UID = I.PAT_INDEX_NO|A.PATIENT_UID = N.PAT_INDEX_NO,V_ESBHL_DYING_NUR_ROD|V_ESBHL_GEN_NUR_ROD|V_ESBHL_VS_MEASURE_ROD
CDA.CDA_DICTIONARY,院标编码,HIS.PAT_MASTER_INDEX,OCCUPATION,2,2,N,ZD.院标编码 = PMI.OCCUPATION,V_EMR_ADMISSION_RECORD|V_EMR_OUTPATIENT_RECORD
CDA.CDA_DICTIONARY,院标名称,SM.MED_ANESTHESIA_PLAN,OPERATION_NAME,2,2,N,CD.院标名称 = E3.OPERATION_NAME|CD.院标名称 = MAP.OPERATION_NAME,V_EMR_BOFORE_OPERA_RECORD|V_EMR_INFOR_ANESTHESIA
HIS.CLINIC_ITEM_DICT,ITEM_CODE,HIS.LAB_TEST_ITEMS,ITEM_CODE,2,2,N,B.ITEM_CODE = LI.ITEM_CODE|CID.ITEM_CODE = LTI.ITEM_CODE,V_EMR_INSPECTION_ALLERGY_TEST|V_EMR_INSPECTION_TEST
HIS.CLINIC_MASTER,PATIENT_ID,HIS.DRUG_PRESC_MASTER,PATIENT_ID,2,2,N,D.PATIENT_ID = A.PATIENT_ID,V_EMR_OUTPATIENT_RECIPE_BAK|V_EMR_OUTPATIENT_RECIPE_ITEM
HIS.CLINIC_MASTER,VISIT_DATE,HIS.OUTP_MR,VISIT_DATE,2,2,N,A.VISIT_DATE = B.VISIT_DATE,V_EMR_OUTPATIENT_DIAG|V_EMR_OUTPATIENT_DIAG_BAK
HIS.CLINIC_MASTER,VISIT_NO,HIS.OUTP_MR,VISIT_NO,2,2,N,A.VISIT_NO = B.VISIT_NO,V_EMR_OUTPATIENT_DIAG|V_EMR_OUTPATIENT_DIAG_BAK
HIS.CLINIC_MASTER,PATIENT_ID,HIS.OUTP_MR,PATIENT_ID,2,2,N,A.PATIENT_ID = B.PATIENT_ID,V_EMR_OUTPATIENT_DIAG|V_EMR_OUTPATIENT_DIAG_BAK
HIS.CLINIC_MASTER,PATIENT_ID,HIS.PAT_MASTER_INDEX,PATIENT_ID,2,2,N,A.PATIENT_ID = B.PATIENT_ID,PAT_VIEW|V_EMR_OUTPATIENT_REGISTER
HIS.DEPT_DICT,DEPT_CODE,HIS.EXAM_MASTER,REQ_DEPT,2,2,N,A.REQ_DEPT = Q.DEPT_CODE|KS.DEPT_CODE = A.REQ_DEPT,V_BI_ZYJCSQ|V_ESBHL_CHECK_ROD
HIS.DEPT_DICT,DEPT_CODE,HIS.INP_BILL_DETAIL,ORDERED_BY,2,2,N,D.DEPT_CODE = A.ORDERED_BY|KS.DEPT_CODE = A.ORDERED_BY,V_BI_ZYYZJE|V_EMR_IN_FEE_INFO_CHILD
HIS.DEPT_DICT,DEPT_CODE,HIS.LAB_TEST_MASTER,ORDERING_DEPT,2,2,N,D.DEPT_CODE = A.ORDERING_DEPT|KS.DEPT_CODE = A.ORDERING_DEPT,V_BI_ZYJYSQ|V_ESBHL_INSPECTION_ROD
HIS.DEPT_DICT,DEPT_CODE,HIS.ORDERS,ORDERING_DEPT,2,2,N,KS.DEPT_CODE = A.ORDERING_DEPT|KS.DEPT_CODE = T.ORDERING_DEPT,V_BI_ZYYZ|V_EMR_DOC_ORDER_CHECK
HIS.DEPT_DICT,DEPT_CODE,HIS.PATS_IN_HOSPITAL,DEPT_CODE,2,2,N,A.DEPT_CODE = KS.DEPT_CODE|A.DEPT_CODE = T.DEPT_CODE,CDR_ADMISSION_INFO|INPAT_LIST
HIS.DRUG_DICT,DRUG_SPEC,HIS.DRUG_PRESC_DETAIL,DRUG_SPEC,2,2,N,DD.DRUG_SPEC = T.DRUG_SPEC,V_EMR_OUTPATIENT_RECIPE_BAK|V_EMR_OUTPATIENT_RECIPE_ITEM
HIS.DRUG_PRESC_DETAIL,PRESC_DATE,HIS.DRUG_PRESC_MASTER,PRESC_DATE,2,2,N,T.PRESC_DATE = A.PRESC_DATE,V_EMR_OUTPATIENT_RECIPE_BAK|V_EMR_OUTPATIENT_RECIPE_ITEM
HIS.DRUG_PRESC_DETAIL,PRESC_NO,HIS.DRUG_PRESC_MASTER,PRESC_NO,2,2,N,T.PRESC_NO = A.PRESC_NO,V_EMR_OUTPATIENT_RECIPE_BAK|V_EMR_OUTPATIENT_RECIPE_ITEM
HIS.DRUG_PRESC_DETAIL,DRUG_CODE,HIS.DRUG_PRICE_LIST,DRUG_CODE,2,2,N,PL.DRUG_CODE = T.DRUG_CODE,V_EMR_OUTPATIENT_RECIPE_BAK|V_EMR_OUTPATIENT_RECIPE_ITEM
HIS.DRUG_PRESC_DETAIL,FIRM_ID,HIS.DRUG_PRICE_LIST,FIRM_ID,2,2,N,PL.FIRM_ID = T.FIRM_ID,V_EMR_OUTPATIENT_RECIPE_BAK|V_EMR_OUTPATIENT_RECIPE_ITEM
HIS.DRUG_PRESC_DETAIL,DRUG_CODE,HIS.MED_DICT_BASEINFO,DRUG_ID,2,2,N,M.DRUG_ID = T.DRUG_CODE,V_EMR_OUTPATIENT_RECIPE_BAK|V_EMR_OUTPATIENT_RECIPE_ITEM
HIS.INP_BILL_DETAIL,ORDER_DOCTOR,HIS.STAFF_DICT,NAME,2,2,N,S.NAME = A.ORDER_DOCTOR|YG.NAME = A.ORDER_DOCTOR,V_BI_ZYYZJE|V_EMR_IN_FEE_INFO_CHILD
HIS.OPERATION,ANESTHESIA_DOCTOR,HIS.STAFF_DICT,EMP_NO,2,2,N,SD.EMP_NO = O.ANESTHESIA_DOCTOR,V_EMR_ANESTHESIA_RECORD|V_EMR_INFOR_ANESTHESIA
HIS.ORDERS,PATIENT_ID,HIS.PAT_MASTER_INDEX,PATIENT_ID,2,2,N,M.PATIENT_ID = A.PATIENT_ID|T.PATIENT_ID = T2.PATIENT_ID,V_EMR_DOC_ORDER_CHECK|V_ESBHL_OUTPUT_DOCADVICE
HIS.OUTP_BILL_ITEMS,ITEM_CLASS,HIS.PRICE_LIST,ITEM_CLASS,2,2,N,PL.ITEM_CLASS = B.ITEM_CLASS|PL.ITEM_CLASS = OBI.ITEM_CLASS,V_EMR_OUT_FEE_INFO_CHILD|V_EMR_OUT_FEE_INFO_MAIN
HIS.OUTP_BILL_ITEMS,ITEM_CODE,HIS.PRICE_LIST,ITEM_CODE,2,2,N,PL.ITEM_CODE = B.ITEM_CODE|PL.ITEM_CODE = OBI.ITEM_CODE,V_EMR_OUT_FEE_INFO_CHILD|V_EMR_OUT_FEE_INFO_MAIN
HIS.OUTP_MR,PATIENT_ID,HIS.PAT_MASTER_INDEX,PATIENT_ID,2,2,N,A.PATIENT_ID = PMI.PATIENT_ID,V_EMR_OUTPATIENT_DIAG|V_EMR_OUTPATIENT_DIAG_BAK
HIS.OUTP_RCPT_MASTER,PATIENT_ID,HIS.PAT_MASTER_INDEX,PATIENT_ID,2,2,N,A.PATIENT_ID = B.PATIENT_ID|E.PATIENT_ID = A.PATIENT_ID,V_EMR_OUT_FEE_INFO_CHILD|V_EMR_OUT_FEE_INFO_MAIN
HIS.PAT_VISIT,DUTY_NURSE,HIS.STAFF_DICT,EMP_NO,2,2,N,D.EMP_NO = A.DUTY_NURSE|YG.EMP_NO = C.DUTY_NURSE,INP_INFO114|V_ESBHL_INPUT_CASE_FIRP
HIS.PAT_VISIT,PRACTICE_DOCTOR_OF_GRADUATE,HIS.STAFF_DICT,EMP_NO,2,2,N,D.EMP_NO = A.PRACTICE_DOCTOR_OF_GRADUATE|YG.EMP_NO = T.PRACTICE_DOCTOR_OF_GRADUATE,V_EMR_ADMISSION_RECORD|V_ESBHL_INPUT_CASE_FIRP
HIS.PAT_VISIT,CATALOGER,HIS.STAFF_DICT,EMP_NO,2,2,N,D.EMP_NO = A.CATALOGER|SD.EMP_NO = A.CATALOGER,CDR_MEDICAL|V_ESBHL_INPUT_CASE_FIRP
HIS.STAFF_DICT,USER_NAME,SM.MED_OPERATION_MASTER,SURGEON,2,2,N,SD.USER_NAME = MOM.SURGEON,V_EMR_HOS_PREOP_DISCUSS|V_EMR_INFOR_OPERATION
MTL.EMRSD34,段落编号,MTL.EPR_INPATIENT,ID,2,2,N,T3.段落编号 = T1.ID,V_EMR_ADMISSION_RECORD|V_ESBHL_INPUT_ROD
MTL.EMRSD42,段落编号,MTL.EPR_INPATIENT,ID,2,2,N,T3.段落编号 = T1.ID,EMR_HOS_CHANGE_MAJOR_RECORD|V_EMR_HOS_CHANGE_MAJOR_RECORD
MTL.EMRSD46,段落编号,MTL.EPR_INPATIENT,ID,2,2,N,T3.段落编号 = T1.ID|T4.段落编号 = T1.ID,V_EMR_HOS_PREOP_DISCUSS|V_EMR_INFOR_OPERATION
MTL.EMRSD9,段落编号,MTL.EPR_INPATIENT,ID,2,2,N,T3.段落编号 = T1.ID,V_EMR_OPERA_RECORD|V_ESBHL_OPER_ROD
MTL.EPR_INPATIENT_DOCINDEX,P_INPATIENT_TIMES,SM.MED_OPERATION_MASTER,VISIT_ID,2,2,N,MOM.VISIT_ID = T.P_INPATIENT_TIMES,V_EMR_HOS_PREOP_DISCUSS|V_EMR_INFOR_OPERATION
PORTAL_USER.PORTAL_SYS_DICT,DICT_CODE,UNKNOWN.CDA_VALUE_DOMAIN_MAP,HOSPITAL_CODE,2,2,N,V.HOSPITAL_CODE = P.DICT_CODE,V_EMR_OUTPATIENT_RECIPE_BAK|V_EMR_OUTPATIENT_RECIPE_ITEM
SM.MED_EMR_ARCHIVE_DETIAL,PATIENT_ID,SM.MED_OPERATION_MASTER,PATIENT_ID,2,2,N,A.PATIENT_ID = F2.PATIENT_ID,V_ESBHL_AFT_ANE_VISIT_ROD|V_ESBHL_ANE_PREO_VISIT_ROD
SM.MED_EMR_ARCHIVE_DETIAL,VISIT_ID,SM.MED_OPERATION_MASTER,VISIT_ID,2,2,N,A.VISIT_ID = F2.VISIT_ID,V_ESBHL_AFT_ANE_VISIT_ROD|V_ESBHL_ANE_PREO_VISIT_ROD
SM.MED_EMR_ARCHIVE_DETIAL,ARCHIVE_KEY,SM.MED_OPERATION_MASTER,OPER_ID,2,2,N,A.OPER_ID = F2.ARCHIVE_KEY,V_ESBHL_AFT_ANE_VISIT_ROD|V_ESBHL_ANE_PREO_VISIT_ROD
YDHL.INPATIENTS,NURSING_CLASS,YDHL.MCS_MSYS_NURSINGLEVEL_CONF,NURSING_LEVEL,2,2,N,A.NURSING_CLASS = C.NURSING_LEVEL|N.NURSING_CLASS = B.NURSING_LEVEL,V_ESBHL_DYING_NUR_ROD|V_ESBHL_NUR_PLAN
CDA.CDA_DICTIONARY,院标编码,HIS.ORDERS,ORDER_CLASS,1,1,N,CD.院标编码 = T.ORDER_CLASS,V_EMR_DOC_ORDER_CHECK
CDA.CDA_DICTIONARY,院标编码,HIS.PAT_MASTER_INDEX,PATIENT_CLASS,1,1,N,ZD.院标编码 = PMI.PATIENT_CLASS,V_EMR_ADMISSION_RECORD
CDA.CDA_DICTIONARY,院标名称,HIS.PAT_VISIT,CHARGE_TYPE,1,1,N,ZD.院标名称 = T.CHARGE_TYPE,V_EMR_ADMISSION_RECORD
CDA.CDA_DICTIONARY,院标名称,HIS.PAT_VISIT,BLOOD_TYPE,1,1,N,CD.院标名称 = P.BLOOD_TYPE,V_EMR_BOFORE_OPERA_RECORD
CDA.CDA_DICTIONARY,院标名称,HIS.PAT_VISIT,BLOOD_TYPE_RH,1,1,N,CD.院标名称 = P.BLOOD_TYPE_RH,V_EMR_BOFORE_OPERA_RECORD
CDA.CDA_DICTIONARY,院标名称,SM.MED_ANESTHESIA_PLAN,ASA_GRADE,1,1,N,ZD.院标名称 = E3.ASA_GRADE,V_EMR_BOFORE_OPERA_RECORD
CDA.CDA_DICTIONARY,院标名称,SM.MED_OPERATION_MASTER,DIAG_AFTER_OPERATION,1,1,N,CD.院标名称 = A.DIAG_AFTER_OPERATION,V_EMR_ANES_AFTER_RECORD
CDA.CDA_DICTIONARY,院标名称,SX.B_T_XYXXB,XYMC,1,1,N,CD.院标名称 = S2.XYMC,V_EMR_INFOR_TRANS_BLOOD
CDA.CDA_DICTIONARY,院标编码,UNKNOWN.CDA_VALUE_DOMAIN_MAP,ORDER_CLASS,1,1,N,CD.院标编码 = T.ORDER_CLASS,V_EMR_DOC_ORDER_DRUG
CDA.CDA_DICTIONARY,院标名称,UNKNOWN.CDA_VALUE_DOMAIN_MAP,ADMINISTRATION,1,1,N,ZD.院标名称 = T.ADMINISTRATION,V_EMR_DOC_ORDER_DRUG
CDA.T_JBJL,OUTHOS_NO,MTL.EPR_INPATIENT_DOCINDEX,P_CLINIC_ID,1,1,N,J.OUTHOS_NO = T.P_CLINIC_ID,V_EMR_HOS_SUCCESSION_RECORD
CDA.T_JBJL,INHOS_NUM,MTL.EPR_INPATIENT_DOCINDEX,P_INPATIENT_TIMES,1,1,N,J.INHOS_NUM = T.P_INPATIENT_TIMES,V_EMR_HOS_SUCCESSION_RECORD
HIS.ADT_LOG,PATIENT_ID,HIS.PAT_VISIT,PATIENT_ID,1,1,N,B.PATIENT_ID = A.PATIENT_ID,V_EMR_REFERRAL_HOS_RECORD
HIS.ADT_LOG,VISIT_ID,HIS.PAT_VISIT,VISIT_ID,1,1,N,B.VISIT_ID = A.VISIT_ID,V_EMR_REFERRAL_HOS_RECORD
HIS.AREA_DICT,AREA_CODE,HIS.PAT_MASTER_INDEX,BIRTH_PLACE,1,1,N,AD.AREA_CODE = A.BIRTH_PLACE,CDR_PATIENT_INFO
HIS.AREA_DICT,AREA_CODE,HIS.PAT_MASTER_INDEX,NATIVE_PLACE,1,1,N,AD.AREA_CODE = A.NATIVE_PLACE,CDR_PATIENT_INFO
HIS.BEDPATS_IN_HOSPITAL,PATIENT_ID,HIS.PAT_VISIT,PATIENT_ID,1,1,N,CW.PATIENT_ID = T.PATIENT_ID,PAT_VIEW
HIS.BEDPATS_IN_HOSPITAL,VISIT_ID,HIS.PAT_VISIT,VISIT_ID,1,1,N,CW.VISIT_ID = T.VISIT_ID,PAT_VIEW
HIS.BED_TRANS_LOG,PATIENT_ID,HIS.PAT_VISIT,PATIENT_ID,1,1,N,AA.PATIENT_ID = A.PATIENT_ID,CDR_HOSPITAL_ORDER
HIS.BED_TRANS_LOG,VISIT_ID,HIS.PAT_VISIT,VISIT_ID,1,1,N,AA.VISIT_ID = A.VISIT_ID,CDR_HOSPITAL_ORDER
HIS.CLINIC_MASTER,PATIENT_ID,HIS.DIAGNOSIS,PATIENT_ID,1,1,N,A.PATIENT_ID = D.PATIENT_ID,CDR_MEDICAL_DIAG
HIS.CLINIC_MASTER,DOCTOR,HIS.DOCTOR_GROUP,DOCTOR_USER,1,1,N,S.DOCTOR_USER = CM.DOCTOR,PL_SFXMMX
HIS.CLINIC_MASTER,PATIENT_ID,HIS.OUTP_MR_DIAG_DESC,PATIENT_ID,1,1,N,A.PATIENT_ID = CM.PATIENT_ID,CDR_APPLY
HIS.CLINIC_MASTER,DEPT_CODE,HIS.PAT_VISIT,DEPT_ADMISSION_TO,1,1,N,C.DEPT_ADMISSION_TO = D.DEPT_CODE,CDR_MEDICAL_DIAG
HIS.CLINIC_MASTER,EMP_NO,HIS.PAT_VISIT,ATTENDING_DOCTOR,1,1,N,C.ATTENDING_DOCTOR = D.EMP_NO,CDR_MEDICAL_DIAG
HIS.CLINIC_MASTER,DOCTOR,HIS.STAFF_DICT,USER_NAME,1,1,N,A.DOCTOR = T1.USER_NAME,CDR_OUTPATIENT_VISIT
HIS.CLINIC_MASTER,OPERATOR,HIS.STAFF_DICT,ID,1,1,N,A.OPERATOR = T1.ID,CDR_OUTPATIENT_VISIT
HIS.CLINIC_MASTER,VISIT_DEPT,SHUNNENG.APPOINTINFOVIEW,DEPTID,1,1,N,AA.DEPTID = A.VISIT_DEPT,V_EMR_OUTPATIENT_REGISTER
HIS.CONSULTATION_DOCTOR_DETAIL,CONSULTATION_ID,HIS.CONSULTATION_DOCTOR_MASTER,CONSULTATION_ID,1,1,N,T.CONSULTATION_ID = T1.CONSULTATION_ID,V_EMR_HOS_CONSUL_RECORD
HIS.CONSULTATION_DOCTOR_DETAIL,CONSULTATION_DEPT,HIS.DEPT_DICT,DEPT_CODE,1,1,N,KS.DEPT_CODE = T1.CONSULTATION_DEPT,V_EMR_HOS_CONSUL_RECORD
HIS.CONSULTATION_DOCTOR_DETAIL,CONSULTATION_DOCTOR,HIS.STAFF_DICT,EMP_NO,1,1,N,YG.EMP_NO = T1.CONSULTATION_DOCTOR,V_EMR_HOS_CONSUL_RECORD
HIS.CONSULTATION_DOCTOR_MASTER,CONSULTATION_DEPT,HIS.DEPT_DICT,DEPT_CODE,1,1,N,KS.DEPT_CODE = T.CONSULTATION_DEPT,V_EMR_HOS_CONSUL_RECORD
HIS.CONSULTATION_DOCTOR_MASTER,PATIENT_ID,HIS.PAT_VISIT,PATIENT_ID,1,1,N,T.PATIENT_ID = T2.PATIENT_ID,V_EMR_HOS_CONSUL_RECORD
HIS.CONSULTATION_DOCTOR_MASTER,VISIT_ID,HIS.PAT_VISIT,VISIT_ID,1,1,N,T.VISIT_ID = T2.VISIT_ID,V_EMR_HOS_CONSUL_RECORD
HIS.CONSULTATION_DOCTOR_MASTER,CONSULTATION_APPLY_DOCTOR,HIS.STAFF_DICT,EMP_NO,1,1,N,YG.EMP_NO = T.CONSULTATION_APPLY_DOCTOR,V_EMR_HOS_CONSUL_RECORD
HIS.COUNTRY_DICT,COUNTRY_CODE,HIS.PAT_MASTER_INDEX,CITIZENSHIP,1,1,N,CD.COUNTRY_CODE = A.CITIZENSHIP,CDR_PATIENT_INFO
HIS.DEPT_DICT,DEPT_CODE,HIS.DEPT_VS_WARD,DEPT_CODE,1,1,N,A.DEPT_CODE = B.DEPT_CODE,V_DEPTWARD
HIS.DEPT_DICT,DEPT_CODE,HIS.DEPT_VS_WARD,WARD_CODE,1,1,N,C.DEPT_CODE = A.WARD_CODE,V_DEPTWARD
HIS.DEPT_DICT,DEPT_CODE,HIS.DRUG_PRESC_MASTER,ORDERED_BY,1,1,N,A.ORDERED_BY = T.DEPT_CODE,CDR_OUT_PRESCRIPTION
HIS.DEPT_DICT,DEPT_CODE,HIS.DRUG_PRESC_MASTER,DISPENSARY,1,1,N,A.DISPENSARY = T.DEPT_CODE,CDR_OUT_PRESCRIPTION
HIS.DEPT_DICT,DEPT_CODE,HIS.INP_BILL_DETAIL,DEPT_CODE,1,1,N,B.DEPT_CODE = D.DEPT_CODE,V_EMR_CONSUMABLES
HIS.DEPT_DICT,DEPT_CODE,HIS.ORDERS,EXEC_DEPT_CODE,1,1,N,KS.DEPT_CODE = T.EXEC_DEPT_CODE,V_EMR_DOC_ORDER_CHECK
HIS.DEPT_DICT,DEPT_CODE,HIS.PATS_IN_HOSPITAL,WARD_CODE,1,1,N,A.WARD_CODE = KS.DEPT_CODE,INPAT_LIST
HIS.DEPT_DICT,RCPT_NO,HIS.STAFF_DICT,RCPT_NO,1,1,N,BB.RCPT_NO = AA.RCPT_NO,PL_SFXMMX
HIS.DEPT_DICT,DEPT_CODE,HIS.STAFF_DICT,DEPT_CODE,1,1,N,AA.DEPT_CODE = BB.DEPT_CODE,PL_SFXMMX
HIS.DEPT_DICT,ORDER_GROUP,HIS.STAFF_GROUP_DICT,GROUP_CODE,1,1,N,BB.ORDER_GROUP = CCC.GROUP_CODE,PL_SFXMMX
HIS.DEPT_DICT,DEPT_CODE,LIS.LAB_REPORT,REQ_DEPTNO,1,1,N,LAB.REQ_DEPTNO = HIS.DEPT_CODE,LAB_REPORT
HIS.DEPT_DICT,DEPT_CODE,UNKNOWN.CDA_VALUE_DOMAIN_MAP,ORDERING_DEPT,1,1,N,KS.DEPT_CODE = T.ORDERING_DEPT,V_EMR_DOC_ORDER_DRUG
HIS.DIAGNOSIS,PATIENT_ID,HIS.EXAM_MASTER,PATIENT_ID,1,1,N,A.PATIENT_ID = H.PATIENT_ID,V_ESBHL_CHECK_ROD
HIS.DIAGNOSIS,VISIT_ID,HIS.EXAM_MASTER,VISIT_ID,1,1,N,A.VISIT_ID = H.VISIT_ID,V_ESBHL_CHECK_ROD
HIS.DIAGNOSIS,PATIENT_ID,HIS.INP_BILL_DETAIL,PATIENT_ID,1,1,N,A.PATIENT_ID = I.PATIENT_ID,V_ESBHL_HIGH_VALUE_ROD
HIS.DIAGNOSIS,VISIT_ID,HIS.INP_BILL_DETAIL,VISIT_ID,1,1,N,A.VISIT_ID = I.VISIT_ID,V_ESBHL_HIGH_VALUE_ROD
HIS.DIAGNOSIS,PATIENT_ID,HIS.LAB_TEST_MASTER,PATIENT_ID,1,1,N,A.PATIENT_ID = I.PATIENT_ID,V_ESBHL_INSPECTION_ROD
HIS.DIAGNOSIS,VISIT_ID,HIS.LAB_TEST_MASTER,VISIT_ID,1,1,N,A.VISIT_ID = I.VISIT_ID,V_ESBHL_INSPECTION_ROD
HIS.DIAGNOSIS,DEPT_CODE,HIS.PAT_VISIT,DEPT_ADMISSION_TO,1,1,N,D.DEPT_CODE = P.DEPT_ADMISSION_TO,V_EMR_OPERATION_NURSING
HIS.DIAGNOSIS,DEPT_CODE,HIS.PAT_VISIT,DISCHARGE_WARD_CODE,1,1,N,D.DEPT_CODE = P.DISCHARGE_WARD_CODE,V_EMR_OPERATION_NURSING
HIS.DIAGNOSIS,PATIENT_ID,MTL.EPR_INPATIENT_DOCINDEX,P_CLINIC_ID,1,1,N,DD.PATIENT_ID = T.P_CLINIC_ID,V_EMR_HOS_PREOP_DISCUSS
HIS.DIAGNOSIS_DICT,DEPT_CODE,HIS.OUTP_MR_DIAG_DESC,ORDERING_DEPT,1,1,N,DD.DEPT_CODE = A.ORDERING_DEPT,CDR_APPLY
HIS.DISCHARGE_DISPOSITION_DICT,DISCHARGE_DISPOSITION_CODE,HIS.PAT_VISIT,DISCHARGE_DISPOSITION,1,1,N,G.DISCHARGE_DISPOSITION_CODE = A.DISCHARGE_DISPOSITION,V_ESBHL_INPUT_CASE_FIRP
HIS.DOCTOR_GROUP,DOCTOR,HIS.INP_BILL_DETAIL,ORDER_DOCTOR,1,1,N,DDD.DOCTOR = A.ORDER_DOCTOR,PL_SFXMMX
HIS.DOCTOR_GROUP,GROUP_CODE,HIS.INP_BILL_DETAIL,PERFORM_GROUP,1,1,N,S.GROUP_CODE = A.PERFORM_GROUP,PL_SFXMMX
HIS.DOCTOR_GROUP,GROUP_CODE,HIS.INP_BILL_DETAIL,PERFORMED_BY,1,1,N,S.GROUP_CODE = A.PERFORMED_BY,PL_SFXMMX
HIS.DOCTOR_GROUP,GROUP_CODE,HIS.INP_BILL_DETAIL,ORDER_GROUP,1,1,N,S.GROUP_CODE = A.ORDER_GROUP,PL_SFXMMX
HIS.DOCTOR_GROUP,ORDER_GROUP,HIS.RECK_ITEM_CLASS_DICT,GROUP_CODE,1,1,N,S.ORDER_GROUP = R.GROUP_CODE,PL_SFXMMX
HIS.DOCTOR_GROUP,ORDER_GROUP,HIS.STAFF_GROUP_DICT,GROUP_CODE,1,1,N,DDD.ORDER_GROUP = EEE.GROUP_CODE,PL_SFXMMX
HIS.DRUG_DICT,DRUG_CODE,HIS.PAT_MASTER_INDEX,DRUG_CODE,1,1,N,T.DRUG_CODE = P.DRUG_CODE,V_ESBHL_CHINESE_MEDI_PRES
HIS.DRUG_PRESC_DETAIL,DICT_CODE,HIS.MED_DICT_BASEINFO,ANTI_FLAG,1,1,N,T.DICT_CODE = M.ANTI_FLAG,V_EMR_OUTPATIENT_RECIPE_BAK
HIS.DRUG_PRESC_DETAIL,DRUG_CODE,HIS.MED_DICT_BASEINFO,ITEM_CODE,1,1,N,M.ITEM_CODE = T.DRUG_CODE,V_EMR_OUTPATIENT_RECIPE_BAK
HIS.DRUG_PRESC_MASTER,PRESC_NO,HIS.PAT_MASTER_INDEX,PRESC_NO,1,1,N,A.PRESC_NO = T.PRESC_NO,V_ESBHL_CHINESE_MEDI_PRES
HIS.DRUG_PRESC_MASTER,PRESC_DATE,HIS.PAT_MASTER_INDEX,PRESC_DATE,1,1,N,T.PRESC_DATE = A.PRESC_DATE,V_ESBHL_CHINESE_MEDI_PRES
HIS.DRUG_PRESC_MASTER,PRESCRIBED_BY,HIS.STAFF_DICT,EMP_NO,1,1,N,SD.EMP_NO = A.PRESCRIBED_BY,V_EMR_OUTPATIENT_RECIPE
HIS.DRUG_PRESC_MASTER,PRESCRIBED_BY,HIS.STAFF_DICT,NAME,1,1,N,SD.NAME = A.PRESCRIBED_BY,V_EMR_OUTPATIENT_RECIPE
HIS.DRUG_PRESC_MASTER,ENTERED_BY,HIS.STAFF_DICT,EMP_NO,1,1,N,SD.EMP_NO = A.ENTERED_BY,V_EMR_OUTPATIENT_RECIPE
HIS.DRUG_PRESC_MASTER,ENTERED_BY,HIS.STAFF_DICT,NAME,1,1,N,SD.NAME = A.ENTERED_BY,V_EMR_OUTPATIENT_RECIPE
HIS.EXAM_ITEMS,EXAM_NO,HIS.EXAM_MASTER,EXAM_NO,1,1,N,T.EXAM_NO = T1.EXAM_NO,V_EMR_ADMISSION_RECORD_EXAM
HIS.EXAM_MASTER,PATIENT_ID,HIS.OPERATION,PATIENT_ID,1,1,N,A.PATIENT_ID = O.PATIENT_ID,V_ESBHL_CHECK_ROD
HIS.EXAM_MASTER,VISIT_ID,HIS.OPERATION,VISIT_ID,1,1,N,A.VISIT_ID = O.VISIT_ID,V_ESBHL_CHECK_ROD
HIS.EXAM_MASTER,PATIENT_ID,HIS.PAT_MASTER_INDEX,PATIENT_ID,1,1,N,A.PATIENT_ID = I.PATIENT_ID,V_ESBHL_CHECK_ROD
HIS.EXAM_MASTER,REQ_PHYSICIAN,HIS.STAFF_DICT,NAME,1,1,N,YG.NAME = A.REQ_PHYSICIAN,V_BI_ZYJCSQ
HIS.EXAM_MASTER,TECHNICIAN,HIS.STAFF_DICT,EMP_NO,1,1,N,Y.EMP_NO = A.TECHNICIAN,V_ESBHL_CHECK_ROD
HIS.EXP_DICT_ZZD,EXP_CODE,HIS.INP_BILL_DETAIL,ITEM_CODE,1,1,N,A.ITEM_CODE = D.EXP_CODE,V_ESBHL_HIGH_VALUE_ROD
HIS.INP_BILL_DETAIL,PATIENT_ID,HIS.INP_SETTLE_MASTER_YB,PATIENT_ID,1,1,N,C.PATIENT_ID = A.PATIENT_ID,V_EMR_IN_FEE_INFO_CHILD
HIS.INP_BILL_DETAIL,VISIT_ID,HIS.INP_SETTLE_MASTER_YB,VISIT_ID,1,1,N,C.VISIT_ID = A.VISIT_ID,V_EMR_IN_FEE_INFO_CHILD
HIS.INP_BILL_DETAIL,ITEM_CLASS,HIS.PRICE_LIST,ITEM_CLASS,1,1,N,PL.ITEM_CLASS = A.ITEM_CLASS,V_EMR_IN_FEE_INFO_CHILD
HIS.INP_BILL_DETAIL,ITEM_CODE,HIS.PRICE_LIST,ITEM_CODE,1,1,N,PL.ITEM_CODE = A.ITEM_CODE,V_EMR_IN_FEE_INFO_CHILD
HIS.INP_BILL_DETAIL,CLASS_ON_RECKONING,HIS.RECK_ITEM_CLASS_DICT,CLASS_CODE,1,1,N,R.CLASS_CODE = A.CLASS_ON_RECKONING,PL_SFXMMX
HIS.INP_BILL_DETAIL,DOCTOR,HIS.STAFF_DICT,NAME,1,1,N,Y.NAME = A.DOCTOR,KFY_DETAIL
HIS.INP_BILL_DETAIL,PROCESSING_NURSE,HIS.STAFF_DICT,NAME,1,1,N,Y.NAME = A.PROCESSING_NURSE,KFY_DETAIL
HIS.INP_BILL_DETAIL,NURSE,HIS.STAFF_DICT,NAME,1,1,N,Y.NAME = A.NURSE,KFY_DETAIL
HIS.INP_BILL_DETAIL,DOCTOR_USER,HIS.STAFF_DICT,EMP_NO,1,1,N,A.DOCTOR_USER = SD.EMP_NO,PL_SFXMMX
HIS.INP_BILL_DETAIL,PERFORM_DOCTOR,HIS.STAFF_DICT,NAME,1,1,N,T.NAME = A.PERFORM_DOCTOR,PL_SFXMMX
HIS.INP_BILL_DETAIL,OPERATOR_NO,HIS.STAFF_DICT,EMP_NO,1,1,N,S.EMP_NO = A.OPERATOR_NO,V_EMR_IN_FEE_INFO_CHILD
HIS.INP_BILL_DETAIL,ORDER_GROUP,HIS.STAFF_GROUP_DICT,GROUP_CODE,1,1,N,EEE.GROUP_CODE = A.ORDER_GROUP,PL_SFXMMX
HIS.INP_BILL_DETAIL,ITEM_CODE,UNKNOWN.CDA_VALUE_DOMAIN_MAP,HOSPITAL_CODE,1,1,N,E.HOSPITAL_CODE = A.ITEM_CODE,V_EMR_IN_FEE_INFO_CHILD
HIS.LAB_TEST_MASTER,PATIENT_ID,HIS.PAT_MASTER_INDEX,PATIENT_ID,1,1,N,A.PATIENT_ID = R.PATIENT_ID,V_ESBHL_INSPECTION_ROD
HIS.LAB_TEST_MASTER,VISIT_ID,HIS.PAT_VISIT,VISIT_ID,1,1,N,A.VISIT_ID = T.VISIT_ID,V_ESBHL_INSPECTION_ROD
HIS.LAB_TEST_MASTER,ORDERING_PROVIDER,HIS.STAFF_DICT,EMP_NO,1,1,N,YG.EMP_NO = A.ORDERING_PROVIDER,V_BI_ZYJYSQ
HIS.LAB_TEST_MASTER,PERFORMED_BY,HIS.STAFF_DICT,EMP_NO,1,1,N,H.EMP_NO = A.PERFORMED_BY,V_ESBHL_INSPECTION_ROD
HIS.MED_DICT_BASEINFO,PHY_CLASS,PORTAL_USER.PORTAL_SYS_DICT,DICT_CODE,1,1,N,M.PHY_CLASS = P.DICT_CODE,V_EMR_DOC_ORDER_DRUG
HIS.MED_DICT_BASEINFO,DRUG_ID,UNKNOWN.CDA_VALUE_DOMAIN_MAP,ORDER_CODE,1,1,N,M.DRUG_ID = T.ORDER_CODE,V_EMR_DOC_ORDER_DRUG
HIS.MED_DICT_BASEINFO,DOSE_MODEL_CODE,UNKNOWN.CDA_VALUE_DOMAIN_MAP,HOSPITAL_CODE,1,1,N,V.HOSPITAL_CODE = M.DOSE_MODEL_CODE,V_EMR_OUTPATIENT_RECIPE_BAK
HIS.MR_BASE_DICT,ITEM_CODE,HIS.PAT_MASTER_INDEX,ID_TYPE,1,1,N,MBD.ITEM_CODE = A.ID_TYPE,CDR_PATIENT_INFO
HIS.MR_BILL_COSTS,PATIENT_ID,HIS.PAT_VISIT,PATIENT_ID,1,1,N,R.PATIENT_ID = O.PATIENT_ID,V_EMR_ICH_CHARGE
HIS.MR_BILL_COSTS,VISIT_ID,HIS.PAT_VISIT,VISIT_ID,1,1,N,R.VISIT_ID = O.VISIT_ID,V_EMR_ICH_CHARGE
HIS.NATION_DICT,NATION_CODE,HIS.PAT_MASTER_INDEX,NATION,1,1,N,ND.NATION_CODE = A.NATION,CDR_PATIENT_INFO
HIS.NATION_DICT,NATION_NAME,HIS.PAT_MASTER_INDEX,NATION,1,1,N,ND.NATION_NAME = A.NATION,CDR_PATIENT_INFO
HIS.OCCUPATION_DICT,OCCUPATION_CODE,HIS.PAT_VISIT,OCCUPATION,1,1,N,I.OCCUPATION_CODE = A.OCCUPATION,V_ESBHL_OUTPUT_SUMMARY
HIS.OPERATION,PATIENT_ID,HIS.PAT_MASTER_INDEX,PATIENT_ID,1,1,N,PMI.PATIENT_ID = O.PATIENT_ID,V_EMR_ICH_OPERATION
HIS.OPERATION,OPERATOR,HIS.STAFF_DICT,USER_NAME,1,1,N,SD.USER_NAME = O.OPERATOR,V_EMR_HOS_PREOP_DISCUSS
HIS.OPERATION,ANESTHESIA_DOCTOR,HIS.STAFF_DICT,USER_NAME,1,1,N,SD.USER_NAME = O.ANESTHESIA_DOCTOR,V_EMR_HOS_PREOP_DISCUSS
HIS.OPERATION,PATIENT_ID,MTL.EPR_INPATIENT_DOCINDEX,P_CLINIC_ID,1,1,N,O.PATIENT_ID = T.P_CLINIC_ID,V_EMR_HOS_PREOP_DISCUSS
HIS.OPERATION,VISIT_ID,MTL.EPR_INPATIENT_DOCINDEX,P_INPATIENT_TIMES,1,1,N,O.VISIT_ID = T.P_INPATIENT_TIMES,V_EMR_HOS_PREOP_DISCUSS
HIS.OPERATION,OPERATOR,UNKNOWN.DOC_REGISTER_EMP_MATCH,EMP_NO,1,1,N,YG.EMP_NO = O.OPERATOR,V_EMR_OPERA_RECORD
HIS.OPERATION,ANESTHESIA_DOCTOR,UNKNOWN.DOC_REGISTER_EMP_MATCH,EMP_NO,1,1,N,YG.EMP_NO = O.ANESTHESIA_DOCTOR,V_EMR_OPERA_RECORD
HIS.ORDERS,ORDER_CLASS,HIS.ORDER_CLASS_DICT,ORDER_CLASS_CODE,1,1,N,D.ORDER_CLASS_CODE = A.ORDER_CLASS,V_ESBHL_OUTPUT_DOCADVICE
HIS.ORDERS,DOCTOR,HIS.STAFF_DICT,NAME,1,1,N,YG.NAME = A.DOCTOR,V_BI_ZYYZ
HIS.ORDERS,DOCTOR_USER,HIS.STAFF_DICT,EMP_NO,1,1,N,SD.EMP_NO = T.DOCTOR_USER,V_EMR_DOC_ORDER_CHECK
HIS.ORDERS,NURSE_USER,HIS.STAFF_DICT,EMP_NO,1,1,N,SD.EMP_NO = T.NURSE_USER,V_EMR_DOC_ORDER_CHECK
HIS.ORDERS,STOP_DOCTOR_USER,HIS.STAFF_DICT,EMP_NO,1,1,N,SD.EMP_NO = T.STOP_DOCTOR_USER,V_EMR_DOC_ORDER_CHECK
HIS.ORDERS,STOP_DOCTOR,HIS.STAFF_DICT,EMP_NO,1,1,N,R.EMP_NO = A.STOP_DOCTOR,V_ESBHL_OUTPUT_DOCADVICE
HIS.ORDERS,CANCEL_DOCTOR,HIS.STAFF_DICT,EMP_NO,1,1,N,R.EMP_NO = A.CANCEL_DOCTOR,V_ESBHL_OUTPUT_DOCADVICE
HIS.ORDERS,NAME,LIS.VIEW_PTBH,生成人,1,1,N,A.NAME = A1.生成人,JY_DETAIL
HIS.ORDERS,APP_NO,LIS.VIEW_PTBH,申请单号,1,1,N,A.APP_NO = A1.申请单号,JY_DETAIL
HIS.ORDERS,PATIENT_ID,LIS.VIEW_PTBH,患者ID,1,1,N,A.PATIENT_ID = A1.患者ID,JY_DETAIL
HIS.ORDERS,NAME,LIS.VIEW_PTBH,采样人,1,1,N,A.NAME = A1.采样人,JY_DETAIL
HIS.ORDERS,NAME,LIS.VIEW_PTBH,送出人,1,1,N,A.NAME = A1.送出人,JY_DETAIL
HIS.ORDERS,NAME,LIS.VIEW_PTBH,接收人,1,1,N,A.NAME = A1.接收人,JY_DETAIL
HIS.ORDERS,NAME,LIS.VIEW_PTBH,录入人,1,1,N,A.NAME = A1.录入人,JY_DETAIL
HIS.ORDERS,NAME,LIS.VIEW_PTBH,审核人,1,1,N,A.NAME = A1.审核人,JY_DETAIL
HIS.ORDERS,DOCTOR_USER,UNKNOWN.DOC_REGISTER_EMP_MATCH,EMP_NO,1,1,N,YG.EMP_NO = T.DOCTOR_USER,V_EMR_DOC_ORDER_CHECK
HIS.ORDERS,PATIENT_ID,YDHL.MCS_PATIENT_ALLERY_HISTORY,PATIENT_ID,1,1,N,A.PATIENT_ID = HL.PATIENT_ID,INP_INFO114
HIS.ORDERS,VISIT_ID,YDHL.MCS_PATIENT_ALLERY_HISTORY,VISIT_ID,1,1,N,A.VISIT_ID = HL.VISIT_ID,INP_INFO114
HIS.OUTP_BILL_ITEMS,ITEM_CODE,HIS.PAT_MASTER_INDEX,HOSPITAL_CODE,1,1,N,E.HOSPITAL_CODE = B.ITEM_CODE,V_EMR_OUT_FEE_INFO_CHILD
HIS.OUTP_BILL_ITEMS,ORDERED_BY_DOCTOR,HIS.STAFF_DICT,EMP_NO,1,1,N,S.EMP_NO = B.ORDERED_BY_DOCTOR,V_EMR_OUT_FEE_INFO_CHILD
HIS.OUTP_MR,DOCTOR,HIS.STAFF_DICT,EMP_NO,1,1,N,A.DOCTOR = C.EMP_NO,V_EMR_OUTPATIENT_DIAG_BAK
HIS.OUTP_MR,DOCTOR_NO,HIS.STAFF_DICT,EMP_NO,1,1,N,A.DOCTOR_NO = C.EMP_NO,V_EMR_OUTPATIENT_DIAG_BAK
HIS.OUTP_MR_DIAG_DESC,PATIENT_ID,HIS.PAT_VISIT,PATIENT_ID,1,1,N,PV.PATIENT_ID = A.PATIENT_ID,CDR_APPLY
HIS.OUTP_MR_DIAG_DESC,VISIT_ID,HIS.PAT_VISIT,VISIT_ID,1,1,N,PV.VISIT_ID = A.VISIT_ID,CDR_APPLY
HIS.OUTP_MR_DIAG_DESC,ORDERING_PROVIDER,HIS.STAFF_DICT,EMP_NO,1,1,N,SD.EMP_NO = A.ORDERING_PROVIDER,CDR_APPLY
HIS.OUTP_MR_DIAG_DESC,TRANSCRIPTIONIST,HIS.STAFF_DICT,NAME,1,1,N,A.TRANSCRIPTIONIST = SD.NAME,CDR_APPLY
HIS.OUTP_MR_DIAG_DESC,VERIFIED_BY,HIS.STAFF_DICT,NAME,1,1,N,A.VERIFIED_BY = SD.NAME,CDR_APPLY
HIS.OUTP_RCPT_MASTER,OPERATOR_NO,HIS.STAFF_DICT,EMP_NO,1,1,N,S.EMP_NO = A.OPERATOR_NO,V_EMR_OUT_FEE_INFO_CHILD
HIS.PATIENT_CLASS_DICT,PATIENT_CLASS_CODE,HIS.PAT_VISIT,PATIENT_CLASS,1,1,N,L.PATIENT_CLASS_CODE = A.PATIENT_CLASS,V_ESBHL_INPUT_CASE_FIRP
HIS.PATS_IN_HOSPITAL,PATIENT_ID,HIS.PAT_MASTER_INDEX,PATIENT_ID,1,1,N,A.PATIENT_ID = B.PATIENT_ID,INPAT_LIST
HIS.PAT_MASTER_INDEX,RELATIONSHIP,HIS.RELATIONSHIP_DICT,RELATIONSHIP_CODE,1,1,N,RD.RELATIONSHIP_CODE = A.RELATIONSHIP,CDR_PATIENT_INFO
HIS.PAT_MASTER_INDEX,ID_NO,SHUNNENG.APPOINTINFOVIEW,SFZH,1,1,N,AA.SFZH = B.ID_NO,V_EMR_OUTPATIENT_REGISTER
HIS.PAT_MASTER_INDEX,PATIENT_ID,SM.MED_ANESTHESIA_PLAN,PATIENT_ID,1,1,N,A.PATIENT_ID = R.PATIENT_ID,V_ESBHL_ANE_ROD
HIS.PAT_MASTER_INDEX,PATIENT_ID,UNKNOWN.CDA_VALUE_DOMAIN_MAP,PATIENT_ID,1,1,N,T.PATIENT_ID = T2.PATIENT_ID,V_EMR_DOC_ORDER_DRUG
HIS.PAT_MASTER_INDEX,PATIENT_ID,UNKNOWN.V_EMR_ADMISSION_RECORD,ADMISSION_ID,1,1,N,AR.ADMISSION_ID = TT.PATIENT_ID,V_EMR_ADMISSION_DEAD_RECORD_TF
HIS.PAT_MASTER_INDEX,PATIENT_ID,YDHL.MCS_PATIENT_ALLERY_HISTORY,PATIENT_ID,1,1,N,A.PATIENT_ID = B.PATIENT_ID,INP_INFO114
HIS.PAT_MASTER_INDEX,PAT_INDEX_NO,YDHL.MCS_PATIENT_ALLERY_HISTORY,PATIENT_UID,1,1,N,A.PATIENT_UID = B.PAT_INDEX_NO,INP_INFO114
HIS.PAT_VISIT,RELATIONSHIP,HIS.RELATIONSHIP_DICT,RELATIONSHIP_CODE,1,1,N,B.RELATIONSHIP_CODE = A.RELATIONSHIP,V_ESBHL_INPUT_CASE_FIRP
HIS.PAT_VISIT,ADVANCED_STUDIES_DOCTOR,HIS.STAFF_DICT,EMP_NO,1,1,N,D.EMP_NO = A.ADVANCED_STUDIES_DOCTOR,V_ESBHL_INPUT_CASE_FIRP
HIS.PAT_VISIT,PRACTICE_DOCTOR,HIS.STAFF_DICT,EMP_NO,1,1,N,D.EMP_NO = A.PRACTICE_DOCTOR,V_ESBHL_INPUT_CASE_FIRP
HIS.PAT_VISIT,BLOOD_TYPE,HIS.STAFF_DICT,BLOOD_TYPE_CODE,1,1,N,F.BLOOD_TYPE_CODE = A.BLOOD_TYPE,V_ESBHL_INPUT_CASE_FIRP
HIS.PAT_VISIT,BLOOD_TYPE_RH,HIS.STAFF_DICT,BLOOD_TYPE_CODE,1,1,N,F.BLOOD_TYPE_CODE = A.BLOOD_TYPE_RH,V_ESBHL_INPUT_CASE_FIRP
HIS.PAT_VISIT,DOCTOR_OF_CONTROL_QUALITY,HIS.STAFF_DICT,DEPT_CODE,1,1,N,F.DEPT_CODE = A.DOCTOR_OF_CONTROL_QUALITY,V_ESBHL_INPUT_CASE_FIRP
HIS.PAT_VISIT,NURSE_OF_CONTROL_QUALITY,HIS.STAFF_DICT,DEPT_CODE,1,1,N,F.DEPT_CODE = A.NURSE_OF_CONTROL_QUALITY,V_ESBHL_INPUT_CASE_FIRP
HIS.PAT_VISIT,CATALOGER,HIS.STAFF_DICT,NAME,1,1,N,SD.NAME = A.CATALOGER,CDR_MEDICAL
HIS.PAT_VISIT,PATIENT_ID,HIS.WARD_TRANSFER,PATIENT_ID,1,1,N,Q.PATIENT_ID = A.PATIENT_ID,CDR_HOSPITAL_ORDER
HIS.PAT_VISIT,VISIT_ID,HIS.WARD_TRANSFER,VISIT_ID,1,1,N,Q.VISIT_ID = A.VISIT_ID,CDR_HOSPITAL_ORDER
HIS.PAT_VISIT,DOCTOR_IN_CHARGE,MTL.EPR_INPATIENT_DOCINDEX,EMP_NO,1,1,N,PV.DOCTOR_IN_CHARGE = T.EMP_NO,V_ESBHL_INPUT_ROD
HIS.PAT_VISIT,ATTENDING_DOCTOR,MTL.EPR_INPATIENT_DOCINDEX,EMP_NO,1,1,N,PV.ATTENDING_DOCTOR = T.EMP_NO,V_ESBHL_INPUT_ROD
HIS.PAT_VISIT,PATIENT_ID,SX.B_T_REQD,HZBS,1,1,N,TR.HZBS = P.PATIENT_ID,V_EMR_INFOR_TRANS_BLOOD
HIS.PAT_VISIT,VISIT_ID,SX.B_T_REQD,ZYCS,1,1,N,TR.ZYCS = P.VISIT_ID,V_EMR_INFOR_TRANS_BLOOD
HIS.PAT_VISIT,PATIENT_ID,UNKNOWN.CDA_VALUE_DOMAIN_MAP,PATIENT_ID,1,1,N,T.PATIENT_ID = PV.PATIENT_ID,V_EMR_DOC_ORDER_DRUG
HIS.PAT_VISIT,VISIT_ID,UNKNOWN.CDA_VALUE_DOMAIN_MAP,VISIT_ID,1,1,N,T.VISIT_ID = PV.VISIT_ID,V_EMR_DOC_ORDER_DRUG
HIS.PAT_VISIT,DOCTOR_IN_CHARGE,UNKNOWN.DOC_REGISTER_EMP_MATCH,EMP_NO,1,1,N,YG.EMP_NO = T1.DOCTOR_IN_CHARGE,V_EMR_ADMISSION_DIAGNOSIS
HIS.PAT_VISIT,ATTENDING_DOCTOR,UNKNOWN.DOC_REGISTER_EMP_MATCH,EMP_NO,1,1,N,YG.EMP_NO = T.ATTENDING_DOCTOR,V_EMR_DISCHARGE_RECORD
HIS.PAT_VISIT,PATIENT_ID,YDHL.MCS_PATIENT_ALLERY_HISTORY,PATIENT_ID,1,1,N,A.PATIENT_ID = C.PATIENT_ID,INP_INFO114
HIS.PAT_VISIT,VISIT_ID,YDHL.MCS_PATIENT_ALLERY_HISTORY,VISIT_ID,1,1,N,A.VISIT_ID = C.VISIT_ID,INP_INFO114
HIS.RECK_ITEM_CLASS_DICT,GROUP_CODE,HIS.STAFF_DICT,PERFORMED_BY,1,1,N,AA.PERFORMED_BY = R.GROUP_CODE,PL_SFXMMX
HIS.RECK_ITEM_CLASS_DICT,CLASS_CODE,HIS.STAFF_DICT,CLASS_ON_RECKONING,1,1,N,R.CLASS_CODE = AA.CLASS_ON_RECKONING,PL_SFXMMX
HIS.STAFF_DICT,NAME,MTL.EMRSD47,ZCRXM,1,1,N,SD.NAME = T3.ZCRXM,V_EMR_HOS_PREOP_DISCUSS
HIS.STAFF_DICT,EMP_NO,MTL.EMRSD9,QXHSXM,1,1,N,SD.EMP_NO = T3.QXHSXM,V_EMR_OPERA_RECORD
HIS.STAFF_DICT,EMP_NO,MTL.EMRSD9,XTHSXM,1,1,N,SD.EMP_NO = T3.XTHSXM,V_EMR_OPERA_RECORD
HIS.STAFF_DICT,NAME,NJ.BHOSCHECKUS,REPORTDR,1,1,N,Y.NAME = BH.REPORTDR,JC_DETAIL
HIS.STAFF_DICT,NAME,NJ.BHOSCHECKUS,RECORDDR,1,1,N,Y.NAME = BH.RECORDDR,JC_DETAIL
HIS.STAFF_DICT,NAME,PACS.EXAMINFO,EXAMTECHNICIANNAME,1,1,N,Y.NAME = PE.EXAMTECHNICIANNAME,JC_DETAIL
HIS.STAFF_DICT,NAME,PACS.EXAMINFO,POSTEXAMREPORTERNAME,1,1,N,Y.NAME = PE.POSTEXAMREPORTERNAME,JC_DETAIL
HIS.STAFF_DICT,NAME,PACS.EXAMINFO,POSTEXAMAPPROVENAME,1,1,N,Y.NAME = PE.POSTEXAMAPPROVENAME,JC_DETAIL
HIS.STAFF_DICT,USER_NAME,SM.MED_OPERATION_MASTER,ANESTHESIA_DOCTOR,1,1,N,SD.USER_NAME = MOM.ANESTHESIA_DOCTOR,V_EMR_HOS_PREOP_DISCUSS
HIS.STAFF_DICT,EMP_NO,SM.MED_OPERATION_MASTER,FIRST_SUPPLY_NURSE,1,1,N,SD.EMP_NO = MOM.FIRST_SUPPLY_NURSE,V_EMR_OPERA_RECORD
HIS.STAFF_DICT,EMP_NO,SM.MED_OPERATION_MASTER,FIRST_OPERATION_NURSE,1,1,N,SD.EMP_NO = MOM.FIRST_OPERATION_NURSE,V_EMR_OPERA_RECORD
HIS.STAFF_DICT,EMP_NO,UNKNOWN.AI_ZK_MED_USER_DICT,USERID,1,1,N,T.USERID = A.EMP_NO,V_AI_ZKUSER
HIS.STAFF_DICT,EMP_NO,UNKNOWN.CDA_VALUE_DOMAIN_MAP,DOCTOR_USER,1,1,N,SD.EMP_NO = T.DOCTOR_USER,V_EMR_DOC_ORDER_DRUG
HIS.STAFF_DICT,EMP_NO,UNKNOWN.CDA_VALUE_DOMAIN_MAP,NURSE_USER,1,1,N,SD.EMP_NO = T.NURSE_USER,V_EMR_DOC_ORDER_DRUG
HIS.STAFF_DICT,TITLE,UNKNOWN.TITLE_DICT,TITLE_NAME,1,1,N,SD.TITLE = TD.TITLE_NAME,V_EMR_OUTPATIENT_RECORD
HIS.STAFF_DICT,DEPT_CODE,UNKNOWN.V_DEPTWARD,WARD_CODE,1,1,N,A.DEPT_CODE = B.WARD_CODE,V_AI_ZKUSER
HIS.STAFF_DICT,DEPT_CODE,UNKNOWN.V_DEPTWARD,DEPT_CODE,1,1,N,A.DEPT_CODE = C.DEPT_CODE,V_AI_ZKUSER
HIS.STAFF_DICT,NAME,XD.REPORT_TBL,CONFIRM_DOCTOR,1,1,N,Y.NAME = RT.CONFIRM_DOCTOR,JC_DETAIL
HIS.STAFF_DICT,NAME,XD.STUDY_TBL,UPDATE_USER,1,1,N,Y.NAME = ST.UPDATE_USER,JC_DETAIL
HIS.STAFF_DICT,EMP_NO,YDHL.MCS_PATIENT_ALLERY_HISTORY,DOCTOR_IN_CHARGE,1,1,N,SD.EMP_NO = A.DOCTOR_IN_CHARGE,INP_INFO114
LIS.LAB_REPORT,REPORTID,LIS.LAB_RESULT,REPORTID,1,1,N,LAB.REPORTID = LAR.REPORTID,LAB_REPORT
MTL.EMRSD36,段落编号,MTL.EPR_INPATIENT,ID,1,1,N,T3.段落编号 = T1.ID,V_EMR_ADMISSION_DEAD_RECORD_TF
MTL.EMRSD40,段落编号,MTL.EMRSD_CONTENT,段落编号,1,1,N,T4.段落编号 = T3.段落编号,V_EMR_HOS_DIFFIC_CASE_DISCUSS
MTL.EMRSD40,段落编号,MTL.EPR_INPATIENT,ID,1,1,N,T3.段落编号 = T1.ID,V_EMR_HOS_DIFFIC_CASE_DISCUSS
MTL.EMRSD41,段落编号,MTL.EPR_INPATIENT,ID,1,1,N,T3.段落编号 = T1.ID,V_EMR_HOS_SUCCESSION_RECORD
MTL.EMRSD44,段落编号,MTL.EPR_INPATIENT,ID,1,1,N,T3.段落编号 = T1.ID,V_EMR_HOS_SAVE_RECORD
MTL.EMRSD47,段落编号,MTL.EPR_INPATIENT,ID,1,1,N,T3.段落编号 = T1.ID,V_EMR_HOS_PREOP_DISCUSS
MTL.EMRSD51,段落编号,MTL.EMRSD_CONTENT,段落编号,1,1,N,T4.段落编号 = T3.段落编号,V_EMR_HOS_DND_RECORD
MTL.EMRSD51,段落编号,MTL.EPR_INPATIENT,ID,1,1,N,T3.段落编号 = T1.ID,V_EMR_HOS_DND_RECORD
MTL.EPR_INPATIENT_DOCINDEX,P_CLINIC_ID,SM.MED_OPERATION_MASTER,PATIENT_ID,1,1,N,MOM.PATIENT_ID = T.P_CLINIC_ID,V_EMR_HOS_PREOP_DISCUSS
PACS.EXAMINFO,PATIENTVARCHARRAID,PACS.PATIENTINFO,PATIENTINTRAID,1,1,N,PEI.PATIENTVARCHARRAID = PPI.PATIENTINTRAID,EXAM_REPORT
PACS.EXAMINFO,PROCEDURESTEPID,PACS.PROCEDURESTEPINFO,PROCEDURESTEPID,1,1,N,PEI.PROCEDURESTEPID = PPS.PROCEDURESTEPID,EXAM_REPORT
PACS.EXAMINFO,REPORTID,PACS.REPORT,REPORTID,1,1,N,PEI.REPORTID = PR.REPORTID,EXAM_REPORT
PACS.PROCEDUREINFO,PROCEDUREID,PACS.PROCEDURESTEPINFO,PROCEDUREID,1,1,N,PPS.PROCEDUREID = PP.PROCEDUREID,EXAM_REPORT
SM.MED_OPERATION_MASTER,OPER_ID,SM.MED_OPERATION_SCHEDULE,SCHEDULE_ID,1,1,N,MOS.SCHEDULE_ID = MOM.OPER_ID,V_EMR_INFOR_ANESTHESIA
SM.MED_OPERATION_MASTER,OPERATION_NAME,SM.MED_OPERATION_SCHEDULE,OPERATION_NAME,1,1,N,MOM.OPERATION_NAME = MOS.OPERATION_NAME,CDR_OPERATION_APPLY
SM.MED_OPERATION_MASTER,SURGEON,UNKNOWN.DOC_REGISTER_EMP_MATCH,EMP_NO,1,1,N,YG.EMP_NO = MOM.SURGEON,V_EMR_OPERA_RECORD
SM.MED_OPERATION_MASTER,ANESTHESIA_DOCTOR,UNKNOWN.DOC_REGISTER_EMP_MATCH,EMP_NO,1,1,N,YG.EMP_NO = MOM.ANESTHESIA_DOCTOR,V_EMR_OPERA_RECORD
SX.B_T_REACTIONS,SQLSH,SX.B_T_REQD,SQLSH,1,1,N,TR.SQLSH = R.SQLSH,V_EMR_INFOR_TRANS_BLOOD
SX.B_T_REACTIONS,PK_NO,SX.B_T_XYXXB,PK_NO,1,1,N,S2.PK_NO = R.PK_NO,V_EMR_INFOR_TRANS_BLOOD
SX.B_T_REQD,SQLSH,SX.B_T_XYXXB,XYHZSQDH,1,1,N,TR.SQLSH = S2.XYHZSQDH,V_EMR_INFOR_TRANS_BLOOD
UNKNOWN.CDA_VALUE_DOMAIN_MAP,DOCTOR_USER,UNKNOWN.DOC_REGISTER_EMP_MATCH,EMP_NO,1,1,N,YG.EMP_NO = T.DOCTOR_USER,V_EMR_DOC_ORDER_DRUG
XD.REPORT_TBL,STUDY_SEQ,XD.STUDY_TBL,STUDY_SEQ,1,1,N,ST.STUDY_SEQ = RT.STUDY_SEQ,JC_DETAIL
YDHL.INPATIENTS,PAT_INDEX_NO,YDHL.MCS_DOC_FORM,PATIENT_UID,1,1,N,WSFL.PATIENT_UID = YDZD.PAT_INDEX_NO,T_ESBHL_VAGINAL_DEL_ROD
HIS.PAT_MASTER_INDEX,PATIENT_ID,HIS.PAT_VISIT,PATIENT_ID,25,25,Y,B.PATIENT_ID = A.PATIENT_ID|D.PATIENT_ID = A.PATIENT_ID|P.PATIENT_ID = PMI.PATIENT_ID|PMI.PATIENT_ID = O.PATIENT_ID|PMI.PATIENT_ID = P.PATIENT_ID|PV.PATIENT_ID = PMI.PATIENT_ID|PV.PATIENT_ID = TT.PATIENT_ID|T.PATIENT_ID = PMI.PATIENT_ID|T.PATIENT_ID = SS.PATIENT_ID|T.PATIENT_ID = T1.PATIENT_ID|TT.PATIENT_ID = TTT.PATIENT_ID|V.PATIENT_ID = PMI.PATIENT_ID,EMR_HOS_CHANGE_MAJOR_RECORD|PAT_VIEW|V_EMR_ADMISSION_DEAD_RECORD_TF|V_EMR_ADMISSION_RECORD|V_EMR_ANESTHESIA_RECORD|V_EMR_BOFORE_OPERA_RECORD|V_EMR_DEATH_RECORD|V_EMR_DISCHARGE_RECORD|V_EMR_HOS_CHANGE_MAJOR_RECORD|V_EMR_HOS_DIFFIC_CASE_DISCUSS|V_EMR_HOS_DND_RECORD|V_EMR_HOS_POSTOPER_RECORD|V_EMR_HOS_SAVE_RECORD|V_EMR_HOS_SUCCESSION_RECORD|V_EMR_ICH|V_EMR_ICH_ALLERGIES|V_EMR_ICH_CHARGE|V_EMR_INFOR_CRITICALLY_ILL|V_EMR_INFOR_OPERATION|V_EMR_INFOR_OTHERS|V_EMR_INFOR_SPEC_EXAM_TREAT|V_EMR_INFOR_TRANS_BLOOD|V_EMR_MEDICAL_RECORD_INFO|V_EMR_OPERA_RECORD|V_ESBHL_OUTPUT_SUMMARY
MTL.EPR_INPATIENT,UHID,MTL.EPR_INPATIENT_DOCINDEX,UHID,21,21,Y,EI.UHID = EID.UHID|T.UHID = T1.UHID|T1.UHID = T.UHID|T3.UHID = T4.UHID|TT.UHID = T1.UHID,EMR_HOS_CHANGE_MAJOR_RECORD|TJZRBL|V_EMR_ADMISSION_DEAD_RECORD_TF|V_EMR_ADMISSION_RECORD|V_EMR_DEATH_RECORD|V_EMR_DISCHARGE_RECORD|V_EMR_HOS_CHANGE_MAJOR_RECORD|V_EMR_HOS_DIFFIC_CASE_DISCUSS|V_EMR_HOS_DND_RECORD|V_EMR_HOS_POSTOPER_RECORD|V_EMR_HOS_PREOP_DISCUSS|V_EMR_HOS_SAVE_RECORD|V_EMR_HOS_SUCCESSION_RECORD|V_EMR_INFOR_CRITICALLY_ILL|V_EMR_INFOR_OPERATION|V_EMR_INFOR_OTHERS|V_EMR_INFOR_SPEC_EXAM_TREAT|V_EMR_MEDICAL_RECORD_INFO|V_EMR_OPERA_RECORD|V_ESBHL_INPUT_ROD|V_ESBHL_OPER_ROD
HIS.PAT_VISIT,VISIT_ID,MTL.EPR_INPATIENT_DOCINDEX,P_INPATIENT_TIMES,19,19,Y,PV.VISIT_ID = T.P_INPATIENT_TIMES|T.P_INPATIENT_TIMES = P.VISIT_ID|T.P_INPATIENT_TIMES = TTT.VISIT_ID|T3.P_INPATIENT_TIMES = T.VISIT_ID|TT.P_INPATIENT_TIMES = T.VISIT_ID,EMR_HOS_CHANGE_MAJOR_RECORD|V_EMR_ADMISSION_DEAD_RECORD_TF|V_EMR_ADMISSION_RECORD|V_EMR_DISCHARGE_RECORD|V_EMR_HOS_CHANGE_MAJOR_RECORD|V_EMR_HOS_DIFFIC_CASE_DISCUSS|V_EMR_HOS_DND_RECORD|V_EMR_HOS_POSTOPER_RECORD|V_EMR_HOS_PREOP_DISCUSS|V_EMR_HOS_SAVE_RECORD|V_EMR_HOS_SUCCESSION_RECORD|V_EMR_INFOR_CRITICALLY_ILL|V_EMR_INFOR_OPERATION|V_EMR_INFOR_OTHERS|V_EMR_INFOR_SPEC_EXAM_TREAT|V_EMR_MEDICAL_RECORD_INFO|V_EMR_OPERA_RECORD|V_ESBHL_INPUT_ROD|V_ESBHL_OPER_ROD
HIS.PAT_MASTER_INDEX,INP_NO,MTL.EPR_INPATIENT_DOCINDEX,P_INPATIENT_NO,16,16,Y,PMI.INP_NO = T.P_INPATIENT_NO|T.P_INPATIENT_NO = PMI.INP_NO|T.P_INPATIENT_NO = TT.INP_NO|T3.P_INPATIENT_NO = T1.INP_NO|TT.INP_NO = T.P_INPATIENT_NO|TT.P_INPATIENT_NO = PMI.INP_NO,EMR_HOS_CHANGE_MAJOR_RECORD|V_EMR_ADMISSION_DEAD_RECORD_TF|V_EMR_ADMISSION_RECORD|V_EMR_DISCHARGE_RECORD|V_EMR_HOS_CHANGE_MAJOR_RECORD|V_EMR_HOS_DIFFIC_CASE_DISCUSS|V_EMR_HOS_DND_RECORD|V_EMR_HOS_POSTOPER_RECORD|V_EMR_HOS_SAVE_RECORD|V_EMR_HOS_SUCCESSION_RECORD|V_EMR_INFOR_CRITICALLY_ILL|V_EMR_INFOR_OPERATION|V_EMR_INFOR_OTHERS|V_EMR_INFOR_SPEC_EXAM_TREAT|V_EMR_MEDICAL_RECORD_INFO|V_EMR_OPERA_RECORD
MTL.EMRSD_CONTENT,段落编号,MTL.EPR_INPATIENT,ID,13,13,Y,EC.段落编号 = EI.ID|EC.段落编号 = T1.ID|T4.段落编号 = T1.ID|T5.段落编号 = T1.ID|T5.段落编号 = T4.ID,EMR_HOS_CHANGE_MAJOR_RECORD|TJZRBL|V_EMR_ADMISSION_DEAD_RECORD_TF|V_EMR_ADMISSION_RECORD|V_EMR_DISCHARGE_RECORD|V_EMR_HOS_CHANGE_MAJOR_RECORD|V_EMR_HOS_POSTOPER_RECORD|V_EMR_HOS_PREOP_DISCUSS|V_EMR_HOS_SAVE_RECORD|V_EMR_HOS_SUCCESSION_RECORD|V_EMR_INFOR_CRITICALLY_ILL|V_EMR_INFOR_OPERATION|V_EMR_OPERA_RECORD
MTL.EMRSD_CONTENT,UHID,MTL.EPR_INPATIENT_DOCINDEX,UHID,12,12,Y,EC.UHID = T.UHID|T4.UHID = T.UHID|T4.UHID = TT.UHID|T5.UHID = T.UHID|T5.UHID = T3.UHID,EMR_HOS_CHANGE_MAJOR_RECORD|V_EMR_ADMISSION_RECORD|V_EMR_DISCHARGE_RECORD|V_EMR_HOS_CHANGE_MAJOR_RECORD|V_EMR_HOS_DIFFIC_CASE_DISCUSS|V_EMR_HOS_DND_RECORD|V_EMR_HOS_POSTOPER_RECORD|V_EMR_HOS_PREOP_DISCUSS|V_EMR_HOS_SAVE_RECORD|V_EMR_HOS_SUCCESSION_RECORD|V_EMR_INFOR_CRITICALLY_ILL|V_EMR_OPERA_RECORD
HIS.DEPT_DICT,DEPT_CODE,HIS.PAT_VISIT,DEPT_DISCHARGE_FROM,10,10,Y,A.DEPT_DISCHARGE_FROM = T.DEPT_CODE|D.DEPT_CODE = PV.DEPT_DISCHARGE_FROM|DIS_DEPT.DEPT_CODE = A.DEPT_DISCHARGE_FROM|KS.DEPT_CODE = A.DEPT_DISCHARGE_FROM|KS.DEPT_CODE = B.DEPT_DISCHARGE_FROM|KS.DEPT_CODE = P.DEPT_DISCHARGE_FROM|KS.DEPT_CODE = PV.DEPT_DISCHARGE_FROM|KS.DEPT_CODE = T.DEPT_DISCHARGE_FROM|U.DEPT_CODE = A.DEPT_DISCHARGE_FROM,CDR_MEDICAL|V_BI_ZYSS|V_EMR_DISCHARGE_RECORD|V_EMR_ICH|V_EMR_INFOR_ANESTHESIA|V_EMR_INFOR_TRANS_BLOOD|V_EMR_REFERRAL_HOS_RECORD|V_ESBHL_INPUT_CASE_FIRP|V_ESBHL_INPUT_ROD|V_ESBHL_OPER_ROD
HIS.DIAGNOSIS,PATIENT_ID,HIS.PAT_VISIT,PATIENT_ID,10,10,Y,A.PATIENT_ID = B.PATIENT_ID|A.PATIENT_ID = C.PATIENT_ID|DD.PATIENT_ID = PV.PATIENT_ID|E.PATIENT_ID = A.PATIENT_ID|P.PATIENT_ID = A.PATIENT_ID|T.PATIENT_ID = T1.PATIENT_ID|T.PATIENT_ID = T2.PATIENT_ID|TTT.PATIENT_ID = D2.PATIENT_ID,CDR_MEDICAL_DIAG|EMR_DISCHARGE_RECORD_DIAGNOSIS|V_EMR_ADMISSION_DEAD_RECORD_TF|V_EMR_ADMISSION_DIAGNOSIS|V_EMR_DISCHARGE_RECORD|V_EMR_ICH_DIAGNOSIS|V_EMR_INFOR_CRITICALLY_ILL|V_EMR_REFERRAL_HOS_RECORD|V_ESBHL_INPUT_CASE_FIRP|V_ESBHL_OUTPUT_SUMMARY
HIS.DIAGNOSIS,VISIT_ID,HIS.PAT_VISIT,VISIT_ID,10,10,Y,A.VISIT_ID = B.VISIT_ID|A.VISIT_ID = C.VISIT_ID|A.VISIT_ID = E.VISIT_ID|DD.VISIT_ID = PV.VISIT_ID|P.VISIT_ID = A.VISIT_ID|T.VISIT_ID = T1.VISIT_ID|T.VISIT_ID = T2.VISIT_ID|TTT.VISIT_ID = D2.VISIT_ID,CDR_MEDICAL_DIAG|EMR_DISCHARGE_RECORD_DIAGNOSIS|V_EMR_ADMISSION_DEAD_RECORD_TF|V_EMR_ADMISSION_DIAGNOSIS|V_EMR_DISCHARGE_RECORD|V_EMR_ICH_DIAGNOSIS|V_EMR_INFOR_CRITICALLY_ILL|V_EMR_REFERRAL_HOS_RECORD|V_ESBHL_INPUT_CASE_FIRP|V_ESBHL_OUTPUT_SUMMARY
SM.MED_ANESTHESIA_PLAN,PATIENT_ID,SM.MED_OPERATION_MASTER,PATIENT_ID,10,10,Y,A.PATIENT_ID = B.PATIENT_ID|A.PATIENT_ID = E3.PATIENT_ID|MAP.PATIENT_ID = MOM.PATIENT_ID|MOM.PATIENT_ID = MAP.PATIENT_ID,CDR_OPERATION_VISIT|CDR_SURGICAL_RECORD|V_EMR_ANESTHESIA_RECORD|V_EMR_ANES_AFTER_RECORD|V_EMR_BOFORE_OPERA_RECORD|V_EMR_INFOR_ANESTHESIA|V_EMR_OPERATION_NURSING|V_ESBHL_AFT_ANE_VISIT_ROD|V_ESBHL_ANE_PREO_VISIT_ROD|V_ESBHL_ANE_ROD
SM.MED_ANESTHESIA_PLAN,VISIT_ID,SM.MED_OPERATION_MASTER,VISIT_ID,10,10,Y,A.VISIT_ID = B.VISIT_ID|A.VISIT_ID = E3.VISIT_ID|MAP.VISIT_ID = MOM.VISIT_ID|MOM.VISIT_ID = MAP.VISIT_ID,CDR_OPERATION_VISIT|CDR_SURGICAL_RECORD|V_EMR_ANESTHESIA_RECORD|V_EMR_ANES_AFTER_RECORD|V_EMR_BOFORE_OPERA_RECORD|V_EMR_INFOR_ANESTHESIA|V_EMR_OPERATION_NURSING|V_ESBHL_AFT_ANE_VISIT_ROD|V_ESBHL_ANE_PREO_VISIT_ROD|V_ESBHL_ANE_ROD
SM.MED_ANESTHESIA_PLAN,OPER_ID,SM.MED_OPERATION_MASTER,OPER_ID,10,10,Y,A.OPER_ID = B.OPER_ID|A.OPER_ID = E3.OPER_ID|MAP.OPER_ID = MOM.OPER_ID|MOM.OPER_ID = MAP.OPER_ID,CDR_OPERATION_VISIT|CDR_SURGICAL_RECORD|V_EMR_ANESTHESIA_RECORD|V_EMR_ANES_AFTER_RECORD|V_EMR_BOFORE_OPERA_RECORD|V_EMR_INFOR_ANESTHESIA|V_EMR_OPERATION_NURSING|V_ESBHL_AFT_ANE_VISIT_ROD|V_ESBHL_ANE_PREO_VISIT_ROD|V_ESBHL_ANE_ROD
HIS.DEPT_DICT,DEPT_CODE,HIS.PAT_VISIT,DEPT_ADMISSION_TO,9,9,Y,A.DEPT_ADMISSION_TO = T.DEPT_CODE|ADM_DEPT.DEPT_CODE = A.DEPT_ADMISSION_TO|D.DEPT_CODE = PV.DEPT_ADMISSION_TO|E.DEPT_CODE = A.DEPT_ADMISSION_TO|HD.DEPT_CODE = P.DEPT_ADMISSION_TO|HD.DEPT_CODE = V.DEPT_ADMISSION_TO|T.DEPT_ADMISSION_TO = KS.DEPT_CODE|T.DEPT_ADMISSION_TO = Q.DEPT_CODE|U.DEPT_CODE = A.DEPT_ADMISSION_TO,CDR_MEDICAL|PAT_VIEW|V_EMR_ANESTHESIA_RECORD|V_EMR_BOFORE_OPERA_RECORD|V_EMR_ICH|V_ESBHL_CHECK_ROD|V_ESBHL_INPUT_CASE_FIRP|V_ESBHL_OPER_ROD|V_ESBHL_OUTPUT_SUMMARY
HIS.PAT_VISIT,PATIENT_ID,SM.MED_OPERATION_MASTER,PATIENT_ID,9,9,Y,A.PATIENT_ID = P.PATIENT_ID|A.PATIENT_ID = V.PATIENT_ID|MOM.PATIENT_ID = P.PATIENT_ID|MOM.PATIENT_ID = PV.PATIENT_ID|P.PATIENT_ID = A.PATIENT_ID|V.PATIENT_ID = B.PATIENT_ID,V_EMR_ANES_AFTER_RECORD|V_EMR_ANES_RECORD_MED|V_EMR_BOFORE_OPERA_RECORD|V_EMR_INFOR_ANESTHESIA|V_EMR_INFOR_OPERATION|V_EMR_OPERATION_NURSING|V_EMR_OPERA_RECORD|V_ESBHL_AFT_ANE_VISIT_ROD|V_ESBHL_ANE_PREO_VISIT_ROD
HIS.DEPT_DICT,DEPT_CODE,MTL.EPR_INPATIENT_DOCINDEX,P_DEPT_CODE,8,8,Y,KS.DEPT_CODE = T.P_DEPT_CODE,V_EMR_HOS_DIFFIC_CASE_DISCUSS|V_EMR_HOS_DND_RECORD|V_EMR_HOS_POSTOPER_RECORD|V_EMR_HOS_PREOP_DISCUSS|V_EMR_INFOR_CRITICALLY_ILL|V_EMR_INFOR_OPERATION|V_EMR_INFOR_SPEC_EXAM_TREAT|V_EMR_OPERA_RECORD
HIS.PAT_VISIT,VISIT_ID,SM.MED_OPERATION_MASTER,VISIT_ID,8,8,Y,A.VISIT_ID = P.VISIT_ID|A.VISIT_ID = V.VISIT_ID|MOM.VISIT_ID = PV.VISIT_ID|P.VISIT_ID = A.VISIT_ID|V.VISIT_ID = B.VISIT_ID,V_EMR_ANES_AFTER_RECORD|V_EMR_ANES_RECORD_MED|V_EMR_BOFORE_OPERA_RECORD|V_EMR_INFOR_ANESTHESIA|V_EMR_OPERATION_NURSING|V_EMR_OPERA_RECORD|V_ESBHL_AFT_ANE_VISIT_ROD|V_ESBHL_ANE_PREO_VISIT_ROD
HIS.CLINIC_MASTER,VISIT_DEPT,HIS.DEPT_DICT,DEPT_CODE,6,6,Y,A.VISIT_DEPT = KS.DEPT_CODE|A.VISIT_DEPT = T.DEPT_CODE|D.VISIT_DEPT = A1.DEPT_CODE|DEPT.DEPT_CODE = A.VISIT_DEPT|KS.DEPT_CODE = A.VISIT_DEPT|KS.DEPT_CODE = D.VISIT_DEPT,CDR_MEDICAL_DIAG|CDR_OUTPATIENT_VISIT|PAT_VIEW|V_BI_MZGH|V_EMR_OUTPATIENT_RECIPE|V_EMR_OUTPATIENT_REGISTER
HIS.PAT_MASTER_INDEX,PATIENT_ID,SM.MED_OPERATION_MASTER,PATIENT_ID,6,6,Y,A.PATIENT_ID = B.PATIENT_ID|A.PATIENT_ID = PMI.PATIENT_ID|A.PATIENT_ID = R.PATIENT_ID|MOM.PATIENT_ID = PMI.PATIENT_ID,SM_HZSJ|V_EMR_ANES_AFTER_RECORD|V_EMR_INFOR_ANESTHESIA|V_EMR_OPERATION_NURSING|V_ESBHL_AFT_ANE_VISIT_ROD|V_ESBHL_ANE_PREO_VISIT_ROD
HIS.OPERATION,PATIENT_ID,HIS.PAT_VISIT,PATIENT_ID,5,5,Y,A.PATIENT_ID = B.PATIENT_ID|A.PATIENT_ID = T.PATIENT_ID|O.PATIENT_ID = A.PATIENT_ID|OO.PATIENT_ID = PV.PATIENT_ID|PV.PATIENT_ID = O.PATIENT_ID,V_BI_ZYSS|V_EMR_ICH_OPERATION|V_EMR_OPERA_RECORD|V_ESBHL_INPUT_CASE_FIRP|V_ESBHL_OUTPUT_SUMMARY
HIS.OPERATION,VISIT_ID,HIS.PAT_VISIT,VISIT_ID,5,5,Y,A.VISIT_ID = B.VISIT_ID|A.VISIT_ID = O.VISIT_ID|A.VISIT_ID = T.VISIT_ID|PV.VISIT_ID = O.VISIT_ID,V_BI_ZYSS|V_EMR_ICH_OPERATION|V_EMR_OPERA_RECORD|V_ESBHL_INPUT_CASE_FIRP|V_ESBHL_OUTPUT_SUMMARY
HIS.ORDERS,PATIENT_ID,HIS.PAT_VISIT,PATIENT_ID,3,3,Y,T.PATIENT_ID = A.PATIENT_ID|T.PATIENT_ID = PV.PATIENT_ID|TTT.PATIENT_ID = SW.PATIENT_ID,V_EMR_ADMISSION_DEAD_RECORD_TF|V_EMR_DOC_ORDER_CHECK|V_ESBHL_OUTPUT_DOCADVICE
HIS.ORDERS,VISIT_ID,HIS.PAT_VISIT,VISIT_ID,3,3,Y,T.VISIT_ID = A.VISIT_ID|T.VISIT_ID = PV.VISIT_ID|TTT.VISIT_ID = SW.VISIT_ID,V_EMR_ADMISSION_DEAD_RECORD_TF|V_EMR_DOC_ORDER_CHECK|V_ESBHL_OUTPUT_DOCADVICE
HIS.PATS_IN_HOSPITAL,PATIENT_ID,HIS.PAT_VISIT,PATIENT_ID,3,3,Y,AA.PATIENT_ID = T.PATIENT_ID|P.PATIENT_ID = T.PATIENT_ID,PAT_VIEW|V_EMR_ADMISSION_RECORD|V_EMR_DISCHARGE_RECORD
HIS.PATS_IN_HOSPITAL,VISIT_ID,HIS.PAT_VISIT,VISIT_ID,3,3,Y,AA.VISIT_ID = T.VISIT_ID|P.VISIT_ID = T.VISIT_ID,PAT_VIEW|V_EMR_ADMISSION_RECORD|V_EMR_DISCHARGE_RECORD
HIS.EXAM_MASTER,EXAM_NO,HIS.EXAM_REPORT,EXAM_NO,2,2,Y,ER.EXAM_NO = EM.EXAM_NO|R.EXAM_NO = T.EXAM_NO,TJZRBL|V_EMR_ADMISSION_RECORD_EXAM
HIS.EXAM_MASTER,PATIENT_ID,HIS.PAT_VISIT,PATIENT_ID,2,2,Y,A.PATIENT_ID = T.PATIENT_ID|PV.PATIENT_ID = T.PATIENT_ID,V_EMR_ADMISSION_RECORD_EXAM|V_ESBHL_CHECK_ROD
HIS.LAB_RESULT,ITEM_NO,HIS.LAB_TEST_ITEMS,ITEM_NO,2,2,Y,LTI.ITEM_NO = LR.ITEM_NO,V_EMR_INSPECTION_ALLERGY_TEST|V_EMR_INSPECTION_ITEM_TEST
HIS.OUTP_BILL_ITEMS,RCPT_NO,HIS.OUTP_RCPT_MASTER,RCPT_NO,2,2,Y,B.RCPT_NO = A.RCPT_NO|RM.RCPT_NO = OBI.RCPT_NO,V_EMR_OUT_FEE_INFO_CHILD|V_EMR_OUT_FEE_INFO_MAIN
MTL.EMRSD_CONTENT,UHID,MTL.EPR_INPATIENT,UHID,2,2,Y,T4.UHID = T1.UHID,V_EMR_ADMISSION_DEAD_RECORD_TF|V_EMR_INFOR_OPERATION
HIS.EXAM_MASTER,VISIT_ID,HIS.PAT_VISIT,VISIT_ID,1,1,Y,A.VISIT_ID = T.VISIT_ID,V_ESBHL_CHECK_ROD
HIS.LAB_RESULT,TEST_NO,HIS.LAB_TEST_ITEMS,TEST_NO,1,1,Y,LTI.TEST_NO = LR.TEST_NO,V_EMR_INSPECTION_ALLERGY_TEST
HIS.LAB_RESULT,TEST_NO,HIS.LAB_TEST_MASTER,TEST_NO,1,1,Y,LTM.TEST_NO = LR.TEST_NO,V_EMR_INSPECTION_ALLERGY_TEST
HIS.LAB_TEST_MASTER,PATIENT_ID,HIS.PAT_VISIT,PATIENT_ID,1,1,Y,A.PATIENT_ID = T.PATIENT_ID,V_ESBHL_INSPECTION_ROD
HIS.PAT_VISIT,DOCTOR_IN_CHARGE,HIS.STAFF_DICT,EMP_NO,1,1,Y,YG.EMP_NO = P.DOCTOR_IN_CHARGE,V_EMR_INFOR_OPERATION
HIS.PAT_VISIT,PATIENT_ID,MTL.EPR_INPATIENT_DOCINDEX,P_CLINIC_ID,1,1,Y,PV.PATIENT_ID = T.P_CLINIC_ID,V_EMR_HOS_PREOP_DISCUSS
JHEMR.JHMR_FILE_CONTENT_TEXT,FILE_UNIQUE_ID,JHEMR.JHMR_FILE_INDEX,FILE_UNIQUE_ID,1,1,Y,A.FILE_UNIQUE_ID = B.FILE_UNIQUE_ID,CDR_EMR_DOCUMENT
