view,schema,table,alias
EMR_DISCHARGE_RECORD_DIAGNOSIS,UNKNOWN,DOC_REGISTER_EMP_MATCH,YG
EMR_DISCHARGE_RECORD_DIAGNOSIS,HIS,DIAGNOSIS,T
EMR_DISCHARGE_RECORD_DIAGNOSIS,HIS,PAT_VISIT,T1
EMR_DISCHARGE_RECORD_DIAGNOSIS,HIS,PAT_MASTER_INDEX,T2
EMR_DISCHARGE_RECORD_DIAGNOSIS,CDA,CDA_DICTIONARY,CDA_DICTIONARY
EMR_HOS_CHANGE_MAJOR_RECORD,HIS,DEPT_DICT,DD
EMR_HOS_CHANGE_MAJOR_RECORD,HIS,ADT_LOG,A
EMR_HOS_CHANGE_MAJOR_RECORD,HIS,STAFF_DICT,SD
EMR_HOS_CHANGE_MAJOR_RECORD,MTL,EPR_INPATIENT_DOCINDEX,T
EMR_HOS_CHANGE_MAJOR_RECORD,HIS,PAT_MASTER_INDEX,TT
EMR_HOS_CHANGE_MAJOR_RECORD,HIS,PAT_VISIT,PV
EMR_HOS_CHANGE_MAJOR_RECORD,MTL,EPR_INPATIENT,T1
EMR_HOS_CHANGE_MAJOR_RECORD,MTL,EMRSD42,T3
EMR_HOS_CHANGE_MAJOR_RECORD,MTL,EMRSD_CONTENT,T4
EMR_HOS_CHANGE_MAJOR_RECORD,HIS,DIAGNOSIS,D
EXAM_REPORT,PACS,EXAMINFO,PEI
EXAM_REPORT,PACS,PATIENTINFO,PPI
EXAM_REPORT,PACS,PROCEDURESTEPINFO,PPS
EXAM_REPORT,PACS,PROCEDUREINFO,PP
EXAM_REPORT,PACS,REPORT,PR
INPAT_LIST,HIS,DEPT_DICT,KS
INPAT_LIST,HIS,PATS_IN_HOSPITAL,A
INPAT_LIST,HIS,PAT_MASTER_INDEX,B
INP_INFO114,HIS,ORDERS,HL
INP_INFO114,HIS,STAFF_DICT,SD
INP_INFO114,HIS,STAFF_DICT,YG
INP_INFO114,HIS,PATS_IN_HOSPITAL,A
INP_INFO114,HIS,PAT_MASTER_INDEX,B
INP_INFO114,HIS,PAT_VISIT,C
INP_INFO114,YDHL,MCS_DOC_FORM,A
INP_INFO114,YDHL,MCS_PATIENT_ALLERY_HISTORY,A
JC_DETAIL,HIS,ORDERS,A
JC_DETAIL,HIS,STAFF_DICT,Y
JC_DETAIL,PACS,EXAMINFO,PE
JC_DETAIL,HIS,STAFF_DICT,A
JC_DETAIL,MDK,BHOSCHECKES,BH
JC_DETAIL,NJ,BHOSCHECKUS,BH
JC_DETAIL,XD,STUDY_TBL,ST
JC_DETAIL,XD,REPORT_TBL,RT
JY_DETAIL,HIS,ORDERS,A
JY_DETAIL,HIS,STAFF_DICT,A
JY_DETAIL,LIS,VIEW_PTBH,A1
KFY_DETAIL,HIS,STAFF_DICT,Y
KFY_DETAIL,HIS,ORDERS,A
KFY_DETAIL,HIS,DRUG_DISPENSE_REC,DRUG_DISPENSE_REC
KFY_DETAIL,HIS,DRUG_DISPENSE_REC_MASTER,DRUG_DISPENSE_REC_MASTER
KFY_DETAIL,HIS,INP_BILL_DETAIL,A
LAB_REPORT,LIS,LAB_REPORT,LAB
LAB_REPORT,LIS,LAB_RESULT,LAR
LAB_REPORT,HIS,DEPT_DICT,HIS
PAT_VIEW,HIS,DEPT_DICT,KS
PAT_VIEW,HIS,PATS_IN_HOSPITAL,P
PAT_VIEW,HIS,BEDPATS_IN_HOSPITAL,CW
PAT_VIEW,HIS,PAT_VISIT,T
PAT_VIEW,HIS,PAT_MASTER_INDEX,SS
PAT_VIEW,HIS,CLINIC_MASTER,A
PAT_VIEW,HIS,PAT_MASTER_INDEX,B
PL_SFXMMX,HIS,DEPT_DICT,DEPT_DICT
PL_SFXMMX,HIS,STAFF_DICT,SD
PL_SFXMMX,HIS,STAFF_DICT,T
PL_SFXMMX,HIS,DOCTOR_GROUP,DDD
PL_SFXMMX,HIS,STAFF_GROUP_DICT,EEE
PL_SFXMMX,HIS,STAFF_GROUP_DICT,S
PL_SFXMMX,HIS,RECK_ITEM_CLASS_DICT,R
PL_SFXMMX,HIS,DOCTOR_GROUP,BB
PL_SFXMMX,HIS,STAFF_GROUP_DICT,CCC
PL_SFXMMX,HIS,PAT_MASTER_INDEX,E
PL_SFXMMX,HIS,INP_BILL_DETAIL,A
PL_SFXMMX,HIS,STAFF_DICT,AA
PL_SFXMMX,HIS,DEPT_DICT,BB
PL_SFXMMX,HIS,DOCTOR_GROUP,TT
PL_SFXMMX,HIS,STAFF_GROUP_DICT,R
PL_SFXMMX,HIS,DOCTOR_GROUP,S
PL_SFXMMX,HIS,OUTP_BILL_ITEMS,AA
PL_SFXMMX,HIS,CLINIC_MASTER,CM
PL_TJFBZD,TJ,TJLB,A
PL_TJXMZD,TJ,SFXM,A
SM_HZSJ,SM,MED_OPERATION_MASTER,B
SM_HZSJ,HIS,PAT_MASTER_INDEX,A
TJZRBL,MTL,EPR_INPATIENT_DOCINDEX,EID
TJZRBL,MTL,EPR_INPATIENT,EI
TJZRBL,MTL,EMRSD_CONTENT,EC
TJZRBL,HIS,EXAM_MASTER,EM
TJZRBL,HIS,EXAM_REPORT,ER
T_ESBHL_VAGINAL_DEL_ROD,YDHL,MCS_DOC_FORM,WSFL
T_ESBHL_VAGINAL_DEL_ROD,YDHL,INPATIENTS,YDZD
T_ESBHL_VAGINAL_DEL_ROD,YDHL,MCS_DOC_FORM_RECORDS,R
V_AI_ZKUSER,UNKNOWN,AI_ZK_MED_USER_DICT,T
V_AI_ZKUSER,HIS,STAFF_DICT,A
V_AI_ZKUSER,UNKNOWN,V_DEPTWARD,B
V_AI_ZKUSER,UNKNOWN,V_DEPTWARD,C
V_BI_MZGH,HIS,STAFF_DICT,YG
V_BI_MZGH,HIS,DEPT_DICT,KS
V_BI_MZGH,HIS,CLINIC_MASTER,A
V_BI_ZYJCSQ,HIS,STAFF_DICT,YG
V_BI_ZYJCSQ,HIS,DEPT_DICT,KS
V_BI_ZYJCSQ,HIS,EXAM_MASTER,A
V_BI_ZYJYSQ,HIS,STAFF_DICT,YG
V_BI_ZYJYSQ,HIS,DEPT_DICT,KS
V_BI_ZYJYSQ,HIS,LAB_TEST_MASTER,A
V_BI_ZYSS,HIS,STAFF_DICT,YG
V_BI_ZYSS,HIS,DEPT_DICT,KS
V_BI_ZYSS,HIS,OPERATION,A
V_BI_ZYSS,HIS,PAT_VISIT,B
V_BI_ZYYZ,HIS,STAFF_DICT,YG
V_BI_ZYYZ,HIS,DEPT_DICT,KS
V_BI_ZYYZ,HIS,ORDERS,A
V_BI_ZYYZJE,HIS,STAFF_DICT,YG
V_BI_ZYYZJE,HIS,DEPT_DICT,KS
V_BI_ZYYZJE,HIS,INP_BILL_DETAIL,A
V_DEPTWARD,HIS,DEPT_VS_WARD,A
V_DEPTWARD,HIS,DEPT_DICT,B
V_DEPTWARD,HIS,DEPT_DICT,C
V_EMR_ADMISSION_DEAD_RECORD_TF,HIS,STAFF_DICT,SD
V_EMR_ADMISSION_DEAD_RECORD_TF,MTL,EPR_INPATIENT_DOCINDEX,T
V_EMR_ADMISSION_DEAD_RECORD_TF,MTL,EPR_INPATIENT,T1
V_EMR_ADMISSION_DEAD_RECORD_TF,MTL,EMRSD36,T3
V_EMR_ADMISSION_DEAD_RECORD_TF,MTL,EMRSD_CONTENT,T4
V_EMR_ADMISSION_DEAD_RECORD_TF,HIS,PAT_MASTER_INDEX,TT
V_EMR_ADMISSION_DEAD_RECORD_TF,HIS,PAT_VISIT,TTT
V_EMR_ADMISSION_DEAD_RECORD_TF,UNKNOWN,V_EMR_ADMISSION_RECORD,AR
V_EMR_ADMISSION_DEAD_RECORD_TF,HIS,DIAGNOSIS,D2
V_EMR_ADMISSION_DEAD_RECORD_TF,HIS,DIAGNOSIS,D1
V_EMR_ADMISSION_DEAD_RECORD_TF,HIS,DIAGNOSIS,DD
V_EMR_ADMISSION_DEAD_RECORD_TF,HIS,ORDERS,SW
V_EMR_ADMISSION_DIAGNOSIS,HIS,STAFF_DICT,YG
V_EMR_ADMISSION_DIAGNOSIS,HIS,DEPT_DICT,KS
V_EMR_ADMISSION_DIAGNOSIS,UNKNOWN,DOC_REGISTER_EMP_MATCH,YG
V_EMR_ADMISSION_DIAGNOSIS,HIS,DIAGNOSIS,T
V_EMR_ADMISSION_DIAGNOSIS,HIS,PAT_VISIT,T1
V_EMR_ADMISSION_DIAGNOSIS,HIS,PAT_MASTER_INDEX,T2
V_EMR_ADMISSION_DIAGNOSIS,CDA,CDA_DICTIONARY,CDA_DICTIONARY
V_EMR_ADMISSION_RECORD,CDA,CDA_DICTIONARY,ZD
V_EMR_ADMISSION_RECORD,HIS,DEPT_DICT,DEPT_DICT
V_EMR_ADMISSION_RECORD,HIS,DEPT_DICT,KS
V_EMR_ADMISSION_RECORD,HIS,STAFF_DICT,YG
V_EMR_ADMISSION_RECORD,HIS,PATS_IN_HOSPITAL,AA
V_EMR_ADMISSION_RECORD,HIS,STAFF_DICT,E
V_EMR_ADMISSION_RECORD,HIS,PAT_VISIT,T
V_EMR_ADMISSION_RECORD,HIS,PAT_MASTER_INDEX,PMI
V_EMR_ADMISSION_RECORD,MTL,EPR_INPATIENT_DOCINDEX,TT
V_EMR_ADMISSION_RECORD,MTL,EPR_INPATIENT,T1
V_EMR_ADMISSION_RECORD,MTL,EMRSD34,T3
V_EMR_ADMISSION_RECORD,MTL,EMRSD_CONTENT,T4
V_EMR_ADMISSION_RECORD_EXAM,UNKNOWN,CDA_EXAM_ITEM_MAP,M
V_EMR_ADMISSION_RECORD_EXAM,HIS,EXAM_MASTER,T
V_EMR_ADMISSION_RECORD_EXAM,HIS,EXAM_ITEMS,T1
V_EMR_ADMISSION_RECORD_EXAM,HIS,PAT_VISIT,PV
V_EMR_ADMISSION_RECORD_EXAM,HIS,EXAM_REPORT,R
V_EMR_ANESTHESIA_RECORD,HIS,DEPT_DICT,HD
V_EMR_ANESTHESIA_RECORD,CDA,CDA_DICTIONARY,CD
V_EMR_ANESTHESIA_RECORD,HIS,STAFF_DICT,YG
V_EMR_ANESTHESIA_RECORD,SM,MED_ANESTHESIA_EVENT,MAE
V_EMR_ANESTHESIA_RECORD,SM,MED_CUSTOM_DATA,SQ
V_EMR_ANESTHESIA_RECORD,HIS,STAFF_DICT,SD
V_EMR_ANESTHESIA_RECORD,SM,MED_OPERATION_MASTER,B
V_EMR_ANESTHESIA_RECORD,SM,MED_ANESTHESIA_PLAN,A
V_EMR_ANESTHESIA_RECORD,HIS,OPERATION,O
V_EMR_ANESTHESIA_RECORD,HIS,PAT_VISIT,V
V_EMR_ANESTHESIA_RECORD,HIS,PAT_MASTER_INDEX,PMI
V_EMR_ANESTHESIA_RECORD,HIS,DIAGNOSIS,D
V_EMR_ANES_AFTER_RECORD,HIS,DEPT_DICT,DEPT_DICT
V_EMR_ANES_AFTER_RECORD,CDA,CDA_DICTIONARY,CD
V_EMR_ANES_AFTER_RECORD,HIS,STAFF_DICT,SD
V_EMR_ANES_AFTER_RECORD,SM,MED_OPERATION_MASTER,A
V_EMR_ANES_AFTER_RECORD,SM,MED_OPERATION_SCHEDULE,A1
V_EMR_ANES_AFTER_RECORD,SM,MED_PAT_MASTER_INDEX,B
V_EMR_ANES_AFTER_RECORD,SM,MED_ANESTHESIA_PLAN,E3
V_EMR_ANES_AFTER_RECORD,HIS,OPERATION,O
V_EMR_ANES_AFTER_RECORD,HIS,PAT_VISIT,P
V_EMR_ANES_AFTER_RECORD,HIS,PAT_MASTER_INDEX,PMI
V_EMR_ANES_AFTER_RECORD,HIS,DIAGNOSIS,D
V_EMR_ANES_AFTER_RECORD,SM,MED_CUSTOM_DATA,SH
V_EMR_ANES_RECORD_BLOOD,SM,MED_OPERATION_MASTER,UNPIVOT
V_EMR_ANES_RECORD_BLOOD,HIS,PAT_VISIT,V
V_EMR_ANES_RECORD_MED,SM,MED_OPERATION_MASTER,B
V_EMR_ANES_RECORD_MED,SM,MED_ANESTHESIA_EVENT,MAE
V_EMR_ANES_RECORD_MED,HIS,PAT_VISIT,V
V_EMR_BOFORE_OPERA_RECORD,HIS,DEPT_DICT,HD
V_EMR_BOFORE_OPERA_RECORD,CDA,CDA_DICTIONARY,CD
V_EMR_BOFORE_OPERA_RECORD,SM,MED_CUSTOM_DATA,SQ
V_EMR_BOFORE_OPERA_RECORD,CDA,CDA_DICTIONARY,ZD
V_EMR_BOFORE_OPERA_RECORD,HIS,STAFF_DICT,SD
V_EMR_BOFORE_OPERA_RECORD,SM,MED_OPERATION_MASTER,A
V_EMR_BOFORE_OPERA_RECORD,SM,MED_OPERATION_SCHEDULE,A1
V_EMR_BOFORE_OPERA_RECORD,SM,MED_PAT_MASTER_INDEX,B
V_EMR_BOFORE_OPERA_RECORD,SM,MED_ANESTHESIA_PLAN,E3
V_EMR_BOFORE_OPERA_RECORD,SM,MED_EMR_ARCHIVE_DETIAL,MED_EMR_ARCHIVE_DETIAL
V_EMR_BOFORE_OPERA_RECORD,HIS,OPERATION,O
V_EMR_BOFORE_OPERA_RECORD,HIS,PAT_VISIT,P
V_EMR_BOFORE_OPERA_RECORD,HIS,PAT_MASTER_INDEX,PMI
V_EMR_BOFORE_OPERA_RECORD,HIS,DIAGNOSIS,D
V_EMR_CONSUMABLES,HIS,INP_BILL_DETAIL,B
V_EMR_CONSUMABLES,HIS,PAT_MASTER_INDEX,P
V_EMR_CONSUMABLES,HIS,PAT_VISIT,V
V_EMR_CONSUMABLES,HIS,DEPT_DICT,D
V_EMR_DEATH_RECORD,HIS,DEPT_DICT,DD
V_EMR_DEATH_RECORD,CDA,CDA_DICTIONARY,CD
V_EMR_DEATH_RECORD,HIS,STAFF_DICT,SD
V_EMR_DEATH_RECORD,MTL,EPR_INPATIENT_DOCINDEX,T
V_EMR_DEATH_RECORD,MTL,EPR_INPATIENT,T1
V_EMR_DEATH_RECORD,HIS,PAT_MASTER_INDEX,PMI
V_EMR_DEATH_RECORD,HIS,PAT_VISIT,PV
V_EMR_DEATH_RECORD,HIS,DIAGNOSIS,D
V_EMR_DISCHARGE_RECORD,HIS,DEPT_DICT,KS
V_EMR_DISCHARGE_RECORD,CDA,CDA_DICTIONARY,ZD
V_EMR_DISCHARGE_RECORD,HIS,STAFF_DICT,SD
V_EMR_DISCHARGE_RECORD,HIS,STAFF_DICT,YG
V_EMR_DISCHARGE_RECORD,HIS,PATS_IN_HOSPITAL,AA
V_EMR_DISCHARGE_RECORD,UNKNOWN,DOC_REGISTER_EMP_MATCH,YG
V_EMR_DISCHARGE_RECORD,HIS,PAT_VISIT,T
V_EMR_DISCHARGE_RECORD,HIS,PAT_MASTER_INDEX,T1
V_EMR_DISCHARGE_RECORD,HIS,DIAGNOSIS,T2
V_EMR_DISCHARGE_RECORD,CDA,CDA_DICTIONARY,CDA_DICTIONARY
V_EMR_DISCHARGE_RECORD,MTL,EPR_INPATIENT_DOCINDEX,T3
V_EMR_DISCHARGE_RECORD,MTL,EPR_INPATIENT,T4
V_EMR_DISCHARGE_RECORD,MTL,EMRSD_CONTENT,T5
V_EMR_DOC_ORDER_CHECK,HIS,DEPT_DICT,KS
V_EMR_DOC_ORDER_CHECK,HIS,STAFF_DICT,SD
V_EMR_DOC_ORDER_CHECK,CDA,CDA_DICTIONARY,CD
V_EMR_DOC_ORDER_CHECK,UNKNOWN,DOC_REGISTER_EMP_MATCH,YG
V_EMR_DOC_ORDER_CHECK,HIS,ORDERS,T
V_EMR_DOC_ORDER_CHECK,HIS,PAT_MASTER_INDEX,T2
V_EMR_DOC_ORDER_CHECK,HIS,PAT_VISIT,PV
V_EMR_DOC_ORDER_DRUG,CDA,CDA_DICTIONARY,CD
V_EMR_DOC_ORDER_DRUG,UNKNOWN,DRUG_STANDARD_DICT,DRUG_STANDARD_DICT
V_EMR_DOC_ORDER_DRUG,UNKNOWN,CDA_VALUE_DOMAIN_MAP,T
V_EMR_DOC_ORDER_DRUG,PORTAL_USER,PORTAL_SYS_DICT,P
V_EMR_DOC_ORDER_DRUG,CDA,CDA_DICTIONARY,ZD
V_EMR_DOC_ORDER_DRUG,HIS,DEPT_DICT,KS
V_EMR_DOC_ORDER_DRUG,HIS,STAFF_DICT,SD
V_EMR_DOC_ORDER_DRUG,UNKNOWN,DOC_REGISTER_EMP_MATCH,YG
V_EMR_DOC_ORDER_DRUG,HIS,ORDERS,O
V_EMR_DOC_ORDER_DRUG,HIS,DRUG_DICT,D
V_EMR_DOC_ORDER_DRUG,HIS,PAT_MASTER_INDEX,T2
V_EMR_DOC_ORDER_DRUG,HIS,MED_DICT_BASEINFO,M
V_EMR_DOC_ORDER_DRUG,HIS,PAT_VISIT,PV
V_EMR_HOS_CHANGE_MAJOR_RECORD,HIS,DEPT_DICT,DD
V_EMR_HOS_CHANGE_MAJOR_RECORD,HIS,ADT_LOG,A
V_EMR_HOS_CHANGE_MAJOR_RECORD,HIS,STAFF_DICT,SD
V_EMR_HOS_CHANGE_MAJOR_RECORD,MTL,EPR_INPATIENT_DOCINDEX,T
V_EMR_HOS_CHANGE_MAJOR_RECORD,HIS,PAT_MASTER_INDEX,TT
V_EMR_HOS_CHANGE_MAJOR_RECORD,HIS,PAT_VISIT,PV
V_EMR_HOS_CHANGE_MAJOR_RECORD,MTL,EPR_INPATIENT,T1
V_EMR_HOS_CHANGE_MAJOR_RECORD,MTL,EMRSD42,T3
V_EMR_HOS_CHANGE_MAJOR_RECORD,MTL,EMRSD_CONTENT,T4
V_EMR_HOS_CHANGE_MAJOR_RECORD,HIS,DIAGNOSIS,D
V_EMR_HOS_CONSUL_RECORD,HIS,DEPT_DICT,KS
V_EMR_HOS_CONSUL_RECORD,HIS,STAFF_DICT,YG
V_EMR_HOS_CONSUL_RECORD,HIS,CONSULTATION_DOCTOR_MASTER,T
V_EMR_HOS_CONSUL_RECORD,HIS,CONSULTATION_DOCTOR_DETAIL,T1
V_EMR_HOS_CONSUL_RECORD,HIS,PAT_VISIT,T2
V_EMR_HOS_DIFFIC_CASE_DISCUSS,HIS,DEPT_DICT,KS
V_EMR_HOS_DIFFIC_CASE_DISCUSS,HIS,STAFF_DICT,SD
V_EMR_HOS_DIFFIC_CASE_DISCUSS,MTL,EPR_INPATIENT_DOCINDEX,T
V_EMR_HOS_DIFFIC_CASE_DISCUSS,HIS,PAT_MASTER_INDEX,TT
V_EMR_HOS_DIFFIC_CASE_DISCUSS,HIS,PAT_VISIT,TTT
V_EMR_HOS_DIFFIC_CASE_DISCUSS,MTL,EPR_INPATIENT,T1
V_EMR_HOS_DIFFIC_CASE_DISCUSS,MTL,EMRSD40,T3
V_EMR_HOS_DIFFIC_CASE_DISCUSS,MTL,EMRSD_CONTENT,T4
V_EMR_HOS_DND_RECORD,HIS,DEPT_DICT,KS
V_EMR_HOS_DND_RECORD,CDA,CDA_DICTIONARY,CD
V_EMR_HOS_DND_RECORD,HIS,STAFF_DICT,SD
V_EMR_HOS_DND_RECORD,MTL,EPR_INPATIENT_DOCINDEX,T
V_EMR_HOS_DND_RECORD,MTL,EPR_INPATIENT,T1
V_EMR_HOS_DND_RECORD,MTL,EMRSD51,T3
V_EMR_HOS_DND_RECORD,MTL,EMRSD_CONTENT,T4
V_EMR_HOS_DND_RECORD,HIS,PAT_MASTER_INDEX,TT
V_EMR_HOS_DND_RECORD,HIS,PAT_VISIT,TTT
V_EMR_HOS_DND_RECORD,HIS,DIAGNOSIS,DDD
V_EMR_HOS_DND_RECORD,HIS,DIAGNOSIS,DDDD
V_EMR_HOS_POSTOPER_RECORD,HIS,DEPT_DICT,KS
V_EMR_HOS_POSTOPER_RECORD,MTL,EPR_INPATIENT_DOCINDEX,T
V_EMR_HOS_POSTOPER_RECORD,MTL,EPR_INPATIENT,T1
V_EMR_HOS_POSTOPER_RECORD,MTL,EMRSD_CONTENT,T4
V_EMR_HOS_POSTOPER_RECORD,HIS,PAT_VISIT,PV
V_EMR_HOS_POSTOPER_RECORD,HIS,PAT_MASTER_INDEX,PMI
V_EMR_HOS_PREOP_DISCUSS,HIS,DEPT_DICT,KS
V_EMR_HOS_PREOP_DISCUSS,CDA,CDA_DICTIONARY,CD
V_EMR_HOS_PREOP_DISCUSS,HIS,STAFF_DICT,SD
V_EMR_HOS_PREOP_DISCUSS,HIS,DIAGNOSIS,DD
V_EMR_HOS_PREOP_DISCUSS,MTL,EPR_INPATIENT_DOCINDEX,T
V_EMR_HOS_PREOP_DISCUSS,HIS,PAT_VISIT,PV
V_EMR_HOS_PREOP_DISCUSS,MTL,EPR_INPATIENT,T1
V_EMR_HOS_PREOP_DISCUSS,MTL,EMRSD47,T3
V_EMR_HOS_PREOP_DISCUSS,MTL,EMRSD46,T4
V_EMR_HOS_PREOP_DISCUSS,MTL,EMRSD_CONTENT,T5
V_EMR_HOS_PREOP_DISCUSS,HIS,OPERATION,O
V_EMR_HOS_PREOP_DISCUSS,SM,MED_OPERATION_MASTER,MOM
V_EMR_HOS_SAVE_RECORD,HIS,DEPT_DICT,DD
V_EMR_HOS_SAVE_RECORD,CDA,CDA_DICTIONARY,CD
V_EMR_HOS_SAVE_RECORD,HIS,STAFF_DICT,SD
V_EMR_HOS_SAVE_RECORD,HIS,DIAGNOSIS,D
V_EMR_HOS_SAVE_RECORD,MTL,EPR_INPATIENT_DOCINDEX,T
V_EMR_HOS_SAVE_RECORD,HIS,PAT_MASTER_INDEX,PMI
V_EMR_HOS_SAVE_RECORD,HIS,PAT_VISIT,PV
V_EMR_HOS_SAVE_RECORD,MTL,EPR_INPATIENT,T1
V_EMR_HOS_SAVE_RECORD,MTL,EMRSD44,T3
V_EMR_HOS_SAVE_RECORD,MTL,EMRSD_CONTENT,T4
V_EMR_HOS_SUCCESSION_RECORD,HIS,DEPT_DICT,KS
V_EMR_HOS_SUCCESSION_RECORD,HIS,STAFF_DICT,SD
V_EMR_HOS_SUCCESSION_RECORD,CDA,T_JBJL,J
V_EMR_HOS_SUCCESSION_RECORD,HIS,DIAGNOSIS,D
V_EMR_HOS_SUCCESSION_RECORD,MTL,EPR_INPATIENT_DOCINDEX,T
V_EMR_HOS_SUCCESSION_RECORD,HIS,PAT_MASTER_INDEX,PMI
V_EMR_HOS_SUCCESSION_RECORD,HIS,PAT_VISIT,PV
V_EMR_HOS_SUCCESSION_RECORD,MTL,EPR_INPATIENT,T1
V_EMR_HOS_SUCCESSION_RECORD,MTL,EMRSD41,T3
V_EMR_HOS_SUCCESSION_RECORD,MTL,EMRSD_CONTENT,T4
V_EMR_ICH,HIS,PAT_VISIT,A
V_EMR_ICH,HIS,PAT_MASTER_INDEX,B
V_EMR_ICH,CDA,CDA_DICTIONARY,CDA_DICTIONARY
V_EMR_ICH,HIS,DIAGNOSIS,D
V_EMR_ICH,HIS,STAFF_DICT,STAFF_DICT
V_EMR_ICH,HIS,DEPT_DICT,ADM_DEPT
V_EMR_ICH,HIS,DEPT_DICT,DIS_DEPT
V_EMR_ICH_ALLERGIES,UNKNOWN,REGEXP_REPLACE,REGEXP_REPLACE
V_EMR_ICH_ALLERGIES,HIS,PAT_VISIT,A
V_EMR_ICH_ALLERGIES,HIS,PAT_MASTER_INDEX,B
V_EMR_ICH_CHARGE,HIS,PAT_VISIT,O
V_EMR_ICH_CHARGE,HIS,PAT_MASTER_INDEX,PMI
V_EMR_ICH_CHARGE,HIS,MR_BILL_COSTS,R
V_EMR_ICH_DIAGNOSIS,HIS,DIAGNOSIS,D
V_EMR_ICH_DIAGNOSIS,HIS,DIAGNOSIS,A
V_EMR_ICH_DIAGNOSIS,HIS,PAT_MASTER_INDEX,PMI
V_EMR_ICH_DIAGNOSIS,HIS,PAT_VISIT,P
V_EMR_ICH_DIAGNOSIS,CDA,CDA_DICTIONARY,CDA_DICTIONARY
V_EMR_ICH_OPERATION,HIS,OPERATION_DICT,D
V_EMR_ICH_OPERATION,HIS,OPERATION,O
V_EMR_ICH_OPERATION,HIS,PAT_VISIT,PV
V_EMR_ICH_OPERATION,HIS,PAT_MASTER_INDEX,PMI
V_EMR_ICH_OPERATION,CDA,CDA_DICTIONARY,CDA_DICTIONARY
V_EMR_ICH_OPERATION,HIS,STAFF_DICT,STAFF_DICT
V_EMR_INFOR_ANESTHESIA,HIS,DEPT_DICT,KS
V_EMR_INFOR_ANESTHESIA,CDA,CDA_DICTIONARY,CD
V_EMR_INFOR_ANESTHESIA,SM,MED_CUSTOM_DATA,MCD
V_EMR_INFOR_ANESTHESIA,HIS,STAFF_DICT,SD
V_EMR_INFOR_ANESTHESIA,SM,MED_OPERATION_MASTER,MOM
V_EMR_INFOR_ANESTHESIA,HIS,PAT_VISIT,PV
V_EMR_INFOR_ANESTHESIA,HIS,PAT_MASTER_INDEX,PMI
V_EMR_INFOR_ANESTHESIA,HIS,OPERATION,O
V_EMR_INFOR_ANESTHESIA,SM,MED_ANESTHESIA_PLAN,MAP
V_EMR_INFOR_ANESTHESIA,SM,MED_OPERATION_SCHEDULE,MOS
V_EMR_INFOR_ANESTHESIA,HIS,DIAGNOSIS,A
V_EMR_INFOR_CRITICALLY_ILL,MTL,EMRSD_CONTENT,EC
V_EMR_INFOR_CRITICALLY_ILL,MTL,EPR_INPATIENT,T1
V_EMR_INFOR_CRITICALLY_ILL,MTL,EPR_INPATIENT_DOCINDEX,T
V_EMR_INFOR_CRITICALLY_ILL,MTL,EPR_INPATIENT,D
V_EMR_INFOR_CRITICALLY_ILL,MTL,EMRSD49,E
V_EMR_INFOR_CRITICALLY_ILL,MTL,EMRSD37,E
V_EMR_INFOR_CRITICALLY_ILL,HIS,PAT_MASTER_INDEX,PMI
V_EMR_INFOR_CRITICALLY_ILL,HIS,PAT_VISIT,PV
V_EMR_INFOR_CRITICALLY_ILL,HIS,DIAGNOSIS,DD
V_EMR_INFOR_CRITICALLY_ILL,CDA,CDA_DICTIONARY,CD
V_EMR_INFOR_CRITICALLY_ILL,HIS,DEPT_DICT,KS
V_EMR_INFOR_OPERATION,HIS,DEPT_DICT,KS
V_EMR_INFOR_OPERATION,CDA,CDA_DICTIONARY,CD
V_EMR_INFOR_OPERATION,HIS,STAFF_DICT,YG
V_EMR_INFOR_OPERATION,HIS,STAFF_DICT,SD
V_EMR_INFOR_OPERATION,MTL,EPR_INPATIENT_DOCINDEX,T
V_EMR_INFOR_OPERATION,MTL,EPR_INPATIENT,T1
V_EMR_INFOR_OPERATION,MTL,EMRSD46,T3
V_EMR_INFOR_OPERATION,MTL,EMRSD_CONTENT,T4
V_EMR_INFOR_OPERATION,HIS,PAT_MASTER_INDEX,PMI
V_EMR_INFOR_OPERATION,HIS,PAT_VISIT,P
V_EMR_INFOR_OPERATION,SM,MED_OPERATION_MASTER,MOM
V_EMR_INFOR_OPERATION,HIS,OPERATION,O
V_EMR_INFOR_OPERATION,HIS,DIAGNOSIS,A
V_EMR_INFOR_OTHERS,MTL,EPR_INPATIENT_DOCINDEX,T
V_EMR_INFOR_OTHERS,MTL,EPR_INPATIENT,T1
V_EMR_INFOR_OTHERS,MTL,EMRSD31,X
V_EMR_INFOR_OTHERS,MTL,EMRSD_CONTENT,X
V_EMR_INFOR_OTHERS,HIS,PAT_MASTER_INDEX,PMI
V_EMR_INFOR_OTHERS,HIS,PAT_VISIT,PV
V_EMR_INFOR_OTHERS,HIS,DEPT_DICT,D
V_EMR_INFOR_OTHERS,HIS,DIAGNOSIS,D
V_EMR_INFOR_OTHERS,CDA,CDA_DICTIONARY,CD
V_EMR_INFOR_SPEC_EXAM_TREAT,HIS,DEPT_DICT,KS
V_EMR_INFOR_SPEC_EXAM_TREAT,CDA,CDA_DICTIONARY,CD
V_EMR_INFOR_SPEC_EXAM_TREAT,MTL,EPR_INPATIENT_DOCINDEX,T
V_EMR_INFOR_SPEC_EXAM_TREAT,MTL,EPR_INPATIENT,T1
V_EMR_INFOR_SPEC_EXAM_TREAT,HIS,PAT_MASTER_INDEX,PMI
V_EMR_INFOR_SPEC_EXAM_TREAT,HIS,PAT_VISIT,PV
V_EMR_INFOR_SPEC_EXAM_TREAT,HIS,DIAGNOSIS,A
V_EMR_INFOR_TRANS_BLOOD,CDA,CDA_DICTIONARY,CD
V_EMR_INFOR_TRANS_BLOOD,HIS,DEPT_DICT,KS
V_EMR_INFOR_TRANS_BLOOD,SX,B_T_REQD,TR
V_EMR_INFOR_TRANS_BLOOD,SX,B_T_XYXXB,S2
V_EMR_INFOR_TRANS_BLOOD,SX,B_T_REACTIONS,R
V_EMR_INFOR_TRANS_BLOOD,HIS,PAT_VISIT,P
V_EMR_INFOR_TRANS_BLOOD,HIS,PAT_MASTER_INDEX,PMI
V_EMR_INFOR_TRANS_BLOOD,HIS,DIAGNOSIS,A
V_EMR_INSPECTION_ALLERGY_TEST,HIS,LAB_RESULT,LR
V_EMR_INSPECTION_ALLERGY_TEST,HIS,LAB_TEST_MASTER,LTM
V_EMR_INSPECTION_ALLERGY_TEST,UNKNOWN,V_EMR_INSPECTION_TEST,P
V_EMR_INSPECTION_ALLERGY_TEST,HIS,LAB_TEST_ITEMS,LTI
V_EMR_INSPECTION_ALLERGY_TEST,HIS,CLINIC_ITEM_DICT,CID
V_EMR_INSPECTION_IMAGE_TEST,UNKNOWN,V_EMR_INSPECTION_TEST,P
V_EMR_INSPECTION_ITEM_TEST,HIS,LAB_TEST_MASTER,M0
V_EMR_INSPECTION_ITEM_TEST,HIS,PAT_VISIT,A
V_EMR_INSPECTION_ITEM_TEST,HIS,OUTP_ORDER_DESC,A
V_EMR_INSPECTION_ITEM_TEST,HIS,PAT_MASTER_INDEX,PMI
V_EMR_INSPECTION_ITEM_TEST,HIS,LAB_RESULT,LR
V_EMR_INSPECTION_ITEM_TEST,HIS,LAB_TEST_ITEMS,LTI
V_EMR_INSPECTION_ITEM_TEST,HIS,LIS_EXAMINE_ITEM_MAP,MAP1
V_EMR_INSPECTION_ITEM_TEST,UNKNOWN,CLINIC_ITEM_MAPPING_U,CIM
V_EMR_INSPECTION_TEST,HIS,LAB_TEST_MASTER,M0
V_EMR_INSPECTION_TEST,HIS,PAT_VISIT,A
V_EMR_INSPECTION_TEST,HIS,OUTP_ORDER_DESC,A
V_EMR_INSPECTION_TEST,HIS,PAT_MASTER_INDEX,P
V_EMR_INSPECTION_TEST,HIS,DEPT_DICT,DD
V_EMR_INSPECTION_TEST,HIS,STAFF_DICT,S
V_EMR_INSPECTION_TEST,HIS,LAB_TEST_ITEMS,LI
V_EMR_INSPECTION_TEST,HIS,CLINIC_ITEM_DICT,B
V_EMR_INSPECTION_TEST,HIS,DIAGNOSIS,X
V_EMR_IN_FEE_INFO_CHILD,UNKNOWN,CDA_VALUE_DOMAIN_MAP,E
V_EMR_IN_FEE_INFO_CHILD,HIS,STAFF_DICT,S
V_EMR_IN_FEE_INFO_CHILD,HIS,DEPT_DICT,D
V_EMR_IN_FEE_INFO_CHILD,HIS,INP_BILL_DETAIL,A
V_EMR_IN_FEE_INFO_CHILD,HIS,PAT_MASTER_INDEX,B
V_EMR_IN_FEE_INFO_CHILD,HIS,INP_SETTLE_MASTER_YB,C
V_EMR_IN_FEE_INFO_CHILD,HIS,PRICE_LIST,PL
V_EMR_IN_FEE_INFO_MAIN,HIS,INP_SETTLE_MASTER,S
V_EMR_IN_FEE_INFO_MAIN,HIS,INP_SETTLE_MASTER_YB,Y
V_EMR_IN_FEE_INFO_MAIN,HIS,PAT_VISIT,PV
V_EMR_MEDICAL_RECORD_INFO,HIS,STAFF_DICT,SD
V_EMR_MEDICAL_RECORD_INFO,MTL,EPR_INPATIENT_DOCINDEX,T
V_EMR_MEDICAL_RECORD_INFO,MTL,EPR_INPATIENT,T1
V_EMR_MEDICAL_RECORD_INFO,MTL,EMRSD_CONTENT,EC
V_EMR_MEDICAL_RECORD_INFO,HIS,PAT_MASTER_INDEX,PMI
V_EMR_MEDICAL_RECORD_INFO,HIS,PAT_VISIT,PV
V_EMR_OPERATION_NURSING,HIS,DEPT_DICT,D
V_EMR_OPERATION_NURSING,CDA,CDA_DICTIONARY,CD
V_EMR_OPERATION_NURSING,HIS,STAFF_DICT,SD
V_EMR_OPERATION_NURSING,SM,MED_OPERATION_MASTER,A
V_EMR_OPERATION_NURSING,SM,MED_OPERATION_SCHEDULE,A1
V_EMR_OPERATION_NURSING,SM,MED_ANESTHESIA_PLAN,E3
V_EMR_OPERATION_NURSING,HIS,OPERATION,O
V_EMR_OPERATION_NURSING,HIS,PAT_VISIT,P
V_EMR_OPERATION_NURSING,HIS,PAT_MASTER_INDEX,PMI
V_EMR_OPERATION_NURSING,HIS,DIAGNOSIS,D
V_EMR_OPERATION_NURSING,SM,MED_CUSTOM_DATA,SH
V_EMR_OPERA_RECORD,HIS,DEPT_DICT,KS
V_EMR_OPERA_RECORD,CDA,CDA_DICTIONARY,CD
V_EMR_OPERA_RECORD,HIS,OPERATION,OO
V_EMR_OPERA_RECORD,HIS,STAFF_DICT,SD
V_EMR_OPERA_RECORD,UNKNOWN,DOC_REGISTER_EMP_MATCH,YG
V_EMR_OPERA_RECORD,MTL,EPR_INPATIENT_DOCINDEX,T
V_EMR_OPERA_RECORD,MTL,EPR_INPATIENT,T1
V_EMR_OPERA_RECORD,MTL,EMRSD9,T3
V_EMR_OPERA_RECORD,HIS,PAT_MASTER_INDEX,PMI
V_EMR_OPERA_RECORD,HIS,PAT_VISIT,PV
V_EMR_OPERA_RECORD,SM,MED_OPERATION_MASTER,MOM
V_EMR_OPERA_RECORD,HIS,OPERATION,O
V_EMR_OPERA_RECORD,SM,MED_DIAGNOSIS_DICT,C
V_EMR_OPERA_RECORD,HIS,DIAGNOSIS,DIAGNOSIS
V_EMR_OPERA_RECORD,MTL,EMRSD_CONTENT,T4
V_EMR_OUTPATIENT_DIAG,HIS,OUTP_MR_DIAG_DESC,A
V_EMR_OUTPATIENT_DIAG,HIS,CLINIC_MASTER,B
V_EMR_OUTPATIENT_DIAG,HIS,STAFF_DICT,C
V_EMR_OUTPATIENT_DIAG,HIS,PAT_MASTER_INDEX,PMI
V_EMR_OUTPATIENT_DIAG,CDA,CDA_DICTIONARY,CD
V_EMR_OUTPATIENT_DIAG,HIS,OUTP_MR,A
V_EMR_OUTPATIENT_DIAG_BAK,HIS,OUTP_MR_DIAG_DESC,A
V_EMR_OUTPATIENT_DIAG_BAK,HIS,CLINIC_MASTER,B
V_EMR_OUTPATIENT_DIAG_BAK,HIS,STAFF_DICT,C
V_EMR_OUTPATIENT_DIAG_BAK,HIS,PAT_MASTER_INDEX,PMI
V_EMR_OUTPATIENT_DIAG_BAK,CDA,CDA_DICTIONARY,CD
V_EMR_OUTPATIENT_DIAG_BAK,HIS,OUTP_MR,A
V_EMR_OUTPATIENT_RECIPE,CDA,CDA_DICTIONARY,ZD
V_EMR_OUTPATIENT_RECIPE,HIS,DEPT_DICT,KS
V_EMR_OUTPATIENT_RECIPE,HIS,STAFF_DICT,SD
V_EMR_OUTPATIENT_RECIPE,HIS,DRUG_PRESC_MASTER,A
V_EMR_OUTPATIENT_RECIPE,HIS,DRUG_PRESC_DETAIL,DP
V_EMR_OUTPATIENT_RECIPE,HIS,DRUG_DICT,B
V_EMR_OUTPATIENT_RECIPE,HIS,CLINIC_MASTER,D
V_EMR_OUTPATIENT_RECIPE,HIS,PAT_MASTER_INDEX,PMI
V_EMR_OUTPATIENT_RECIPE_BAK,UNKNOWN,CDA_VALUE_DOMAIN_MAP,V
V_EMR_OUTPATIENT_RECIPE_BAK,PORTAL_USER,PORTAL_SYS_DICT,T
V_EMR_OUTPATIENT_RECIPE_BAK,HIS,DRUG_PRICE_LIST,PL
V_EMR_OUTPATIENT_RECIPE_BAK,HIS,INSUR_VSH_CENTER_ITEM_NEW,M
V_EMR_OUTPATIENT_RECIPE_BAK,HIS,DRUG_PRESC_MASTER,A
V_EMR_OUTPATIENT_RECIPE_BAK,HIS,DRUG_PRESC_DETAIL,T
V_EMR_OUTPATIENT_RECIPE_BAK,HIS,CLINIC_MASTER,D
V_EMR_OUTPATIENT_RECIPE_BAK,HIS,PAT_MASTER_INDEX,PMI
V_EMR_OUTPATIENT_RECIPE_BAK,HIS,MED_DICT_BASEINFO,M
V_EMR_OUTPATIENT_RECIPE_BAK,HIS,DRUG_DICT,DD
V_EMR_OUTPATIENT_RECIPE_BAK,UNKNOWN,DRUG_STANDARD_DICT,G
V_EMR_OUTPATIENT_RECIPE_BAK,CDA,CDA_DICTIONARY,ZD
V_EMR_OUTPATIENT_RECIPE_BAK,PORTAL_USER,PORTAL_SYS_DICT,P
V_EMR_OUTPATIENT_RECIPE_BAK,PORTAL_USER,PORTAL_SYS_DICT,PORTAL_SYS_DICT
V_EMR_OUTPATIENT_RECIPE_BAK,HIS,INSUR_VSH_CENTER_ITEM_NEW,INSUR_VSH_CENTER_ITEM_NEW
V_EMR_OUTPATIENT_RECIPE_ITEM,HIS,DRUG_PRICE_LIST,PL
V_EMR_OUTPATIENT_RECIPE_ITEM,HIS,DRUG_PRESC_MASTER,A
V_EMR_OUTPATIENT_RECIPE_ITEM,HIS,DRUG_PRESC_DETAIL,T
V_EMR_OUTPATIENT_RECIPE_ITEM,HIS,CLINIC_MASTER,D
V_EMR_OUTPATIENT_RECIPE_ITEM,HIS,PAT_MASTER_INDEX,PMI
V_EMR_OUTPATIENT_RECIPE_ITEM,HIS,MED_DICT_BASEINFO,M
V_EMR_OUTPATIENT_RECIPE_ITEM,HIS,DRUG_DICT,DD
V_EMR_OUTPATIENT_RECIPE_ITEM,UNKNOWN,DRUG_STANDARD_DICT,G
V_EMR_OUTPATIENT_RECIPE_ITEM,CDA,CDA_DICTIONARY,ZD
V_EMR_OUTPATIENT_RECIPE_ITEM,UNKNOWN,CDA_VALUE_DOMAIN_MAP,V
V_EMR_OUTPATIENT_RECIPE_ITEM,PORTAL_USER,PORTAL_SYS_DICT,P
V_EMR_OUTPATIENT_RECIPE_ITEM,PORTAL_USER,PORTAL_SYS_DICT,PORTAL_SYS_DICT
V_EMR_OUTPATIENT_RECIPE_ITEM,HIS,INSUR_VSH_CENTER_ITEM_NEW,INSUR_VSH_CENTER_ITEM_NEW
V_EMR_OUTPATIENT_RECORD,HIS,CLINIC_MASTER,X
V_EMR_OUTPATIENT_RECORD,HIS,DEPT_DICT,D
V_EMR_OUTPATIENT_RECORD,HIS,STAFF_DICT,C
V_EMR_OUTPATIENT_RECORD,CDA,CDA_DICTIONARY,ZD
V_EMR_OUTPATIENT_RECORD,UNKNOWN,DOC_REGISTER_EMP_MATCH,YG
V_EMR_OUTPATIENT_RECORD,HIS,STAFF_DICT,SD
V_EMR_OUTPATIENT_RECORD,UNKNOWN,TITLE_DICT,TD
V_EMR_OUTPATIENT_RECORD,UNKNOWN,MUNICIPAL_DICT,MD
V_EMR_OUTPATIENT_RECORD,HIS,CLINIC_MASTER,CM
V_EMR_OUTPATIENT_RECORD,HIS,OUTP_MR,MR
V_EMR_OUTPATIENT_RECORD,HIS,PAT_MASTER_INDEX,PMI
V_EMR_OUTPATIENT_RECORD,HIS,OUTP_RCPT_MASTER,R
V_EMR_OUTPATIENT_RECORD,HIS,OUTP_MR_DIAG_DESC,D
V_EMR_OUTPATIENT_RECORD,CDA,CDA_DICTIONARY,CD
V_EMR_OUTPATIENT_REGISTER,CDA,CDA_DICTIONARY,ZD
V_EMR_OUTPATIENT_REGISTER,UNKNOWN,MUNICIPAL_DICT,PD
V_EMR_OUTPATIENT_REGISTER,UNKNOWN,MUNICIPAL_DICT,MD
V_EMR_OUTPATIENT_REGISTER,UNKNOWN,MUNICIPAL_DICT,DD
V_EMR_OUTPATIENT_REGISTER,HIS,DEPT_DICT,DEPT
V_EMR_OUTPATIENT_REGISTER,HIS,STAFF_DICT,S
V_EMR_OUTPATIENT_REGISTER,SHUNNENG,APPOINTINFOVIEW,AA
V_EMR_OUTPATIENT_REGISTER,HIS,CLINIC_MASTER,X
V_EMR_OUTPATIENT_REGISTER,HIS,CLINIC_MASTER,A
V_EMR_OUTPATIENT_REGISTER,HIS,PAT_MASTER_INDEX,B
V_EMR_OUT_FEE_INFO_CHILD,UNKNOWN,CDA_VALUE_DOMAIN_MAP,E
V_EMR_OUT_FEE_INFO_CHILD,HIS,STAFF_DICT,S
V_EMR_OUT_FEE_INFO_CHILD,HIS,OUTP_RCPT_MASTER,A
V_EMR_OUT_FEE_INFO_CHILD,HIS,OUTP_BILL_ITEMS,B
V_EMR_OUT_FEE_INFO_CHILD,HIS,OUTP_ORDER_DESC,OD
V_EMR_OUT_FEE_INFO_CHILD,HIS,OUTP_TREAT_REC,TR
V_EMR_OUT_FEE_INFO_CHILD,HIS,OUTP_PRESC_T,PT
V_EMR_OUT_FEE_INFO_CHILD,HIS,DEPT_DICT,D
V_EMR_OUT_FEE_INFO_CHILD,HIS,PAT_MASTER_INDEX,E
V_EMR_OUT_FEE_INFO_CHILD,HIS,PRICE_LIST,PL
V_EMR_OUT_FEE_INFO_MAIN,HIS,PAT_MASTER_INDEX,A
V_EMR_OUT_FEE_INFO_MAIN,HIS,OUTP_RCPT_MASTER,B
V_EMR_OUT_FEE_INFO_MAIN,HIS,OUTP_ORDER_DESC,OD
V_EMR_OUT_FEE_INFO_MAIN,HIS,PRICE_LIST,PL
V_EMR_OUT_FEE_INFO_MAIN,HIS,OUTP_BILL_ITEMS,OBI
V_EMR_OUT_FEE_INFO_MAIN,HIS,OUTP_RCPT_MASTER,RM
V_EMR_OUT_FEE_INFO_MAIN,HIS,OUTP_PAYMENTS_MONEY,P
V_EMR_REFERRAL_HOS_RECORD,HIS,ADT_LOG,B
V_EMR_REFERRAL_HOS_RECORD,HIS,STAFF_DICT,YG
V_EMR_REFERRAL_HOS_RECORD,HIS,DIAGNOSIS,C
V_EMR_REFERRAL_HOS_RECORD,HIS,OPERATION,C
V_EMR_REFERRAL_HOS_RECORD,HIS,DEPT_DICT,KS
V_EMR_REFERRAL_HOS_RECORD,HIS,PAT_VISIT,A
V_ESBHL_AFT_ANE_VISIT_ROD,HIS,PAT_MASTER_INDEX,V
V_ESBHL_AFT_ANE_VISIT_ROD,HIS,PAT_MASTER_INDEX,R
V_ESBHL_AFT_ANE_VISIT_ROD,HIS,PAT_VISIT,V
V_ESBHL_AFT_ANE_VISIT_ROD,HIS,PAT_VISIT,P
V_ESBHL_AFT_ANE_VISIT_ROD,SM,MED_OPERATION_MASTER,A
V_ESBHL_AFT_ANE_VISIT_ROD,SM,MED_OPERATION_SCHEDULE,A1
V_ESBHL_AFT_ANE_VISIT_ROD,SM,MED_PAT_MASTER_INDEX,B
V_ESBHL_AFT_ANE_VISIT_ROD,SM,MED_ANESTHESIA_PLAN,E3
V_ESBHL_AFT_ANE_VISIT_ROD,SM,MED_EMR_ARCHIVE_DETIAL,F2
V_ESBHL_AFT_ANE_VISIT_ROD,SM,MED_DIAGNOSIS_DICT,T
V_ESBHL_ANE_PREO_VISIT_ROD,HIS,PAT_MASTER_INDEX,V
V_ESBHL_ANE_PREO_VISIT_ROD,HIS,PAT_MASTER_INDEX,R
V_ESBHL_ANE_PREO_VISIT_ROD,HIS,PAT_VISIT,V
V_ESBHL_ANE_PREO_VISIT_ROD,HIS,PAT_VISIT,P
V_ESBHL_ANE_PREO_VISIT_ROD,SM,MED_OPERATION_MASTER,A
V_ESBHL_ANE_PREO_VISIT_ROD,SM,MED_OPERATION_SCHEDULE,A1
V_ESBHL_ANE_PREO_VISIT_ROD,SM,MED_PAT_MASTER_INDEX,B
V_ESBHL_ANE_PREO_VISIT_ROD,SM,MED_ANESTHESIA_PLAN,E3
V_ESBHL_ANE_PREO_VISIT_ROD,SM,MED_EMR_ARCHIVE_DETIAL,F2
V_ESBHL_ANE_PREO_VISIT_ROD,SM,MED_DIAGNOSIS_DICT,T
V_ESBHL_ANE_ROD,HIS,PAT_VISIT,T
V_ESBHL_ANE_ROD,HIS,PAT_MASTER_INDEX,V
V_ESBHL_ANE_ROD,HIS,PAT_MASTER_INDEX,R
V_ESBHL_ANE_ROD,HIS,PAT_VISIT,V
V_ESBHL_ANE_ROD,HIS,PAT_VISIT,P
V_ESBHL_ANE_ROD,SM,MED_ANESTHESIA_PLAN,A
V_ESBHL_ANE_ROD,SM,MED_OPERATION_MASTER,B
V_ESBHL_ANE_ROD,SM,MED_DIAGNOSIS_DICT,C
V_ESBHL_CHECK_ROD,HIS,PAT_MASTER_INDEX,I
V_ESBHL_CHECK_ROD,HIS,PAT_MASTER_INDEX,R
V_ESBHL_CHECK_ROD,HIS,STAFF_DICT,Y
V_ESBHL_CHECK_ROD,HIS,STAFF_DICT,D
V_ESBHL_CHECK_ROD,HIS,DEPT_DICT,Q
V_ESBHL_CHECK_ROD,HIS,PAT_VISIT,T
V_ESBHL_CHECK_ROD,HIS,EXAM_MASTER,A
V_ESBHL_CHECK_ROD,HIS,DIAGNOSIS,H
V_ESBHL_CHECK_ROD,HIS,OPERATION,O
V_ESBHL_CHINESE_MEDI_PRES,HIS,PAT_MASTER_INDEX,T
V_ESBHL_CHINESE_MEDI_PRES,HIS,PAT_MASTER_INDEX,M
V_ESBHL_CHINESE_MEDI_PRES,HIS,DRUG_DICT,P
V_ESBHL_CHINESE_MEDI_PRES,HIS,DRUG_PRESC_MASTER,A
V_ESBHL_DYING_NUR_ROD,HIS,PAT_MASTER_INDEX,T
V_ESBHL_DYING_NUR_ROD,YDHL,MCS_MSYS_NURSINGLEVEL_CONF,B
V_ESBHL_DYING_NUR_ROD,YDHL,MCS_VITAL_INFO,A
V_ESBHL_DYING_NUR_ROD,HIS,DIAGNOSIS,H
V_ESBHL_DYING_NUR_ROD,YDHL,INPATIENTS,N
V_ESBHL_GEN_NUR_ROD,HIS,PAT_MASTER_INDEX,T
V_ESBHL_GEN_NUR_ROD,YDHL,INPATIENTS,I
V_ESBHL_GEN_NUR_ROD,YDHL,INPATIENTS,N
V_ESBHL_GEN_NUR_ROD,YDHL,MCS_VITAL_INFO,A
V_ESBHL_GEN_NUR_ROD,HIS,DIAGNOSIS,H
V_ESBHL_HIGH_VALUE_ROD,HIS,PAT_MASTER_INDEX,T
V_ESBHL_HIGH_VALUE_ROD,HIS,PAT_VISIT,V
V_ESBHL_HIGH_VALUE_ROD,HIS,INP_BILL_DETAIL,A
V_ESBHL_HIGH_VALUE_ROD,HIS,EXP_DICT_ZZD,D
V_ESBHL_HIGH_VALUE_ROD,HIS,DIAGNOSIS,I
V_ESBHL_INPUT_CASE_FIRP,HIS,MARITAL_STATUS_DICT,M
V_ESBHL_INPUT_CASE_FIRP,HIS,NATION_DICT,I
V_ESBHL_INPUT_CASE_FIRP,HIS,COUNTRY_DICT,I
V_ESBHL_INPUT_CASE_FIRP,HIS,OCCUPATION_DICT,D
V_ESBHL_INPUT_CASE_FIRP,HIS,STAFF_DICT,D
V_ESBHL_INPUT_CASE_FIRP,HIS,RELATIONSHIP_DICT,B
V_ESBHL_INPUT_CASE_FIRP,HIS,PATIENT_CLASS_DICT,L
V_ESBHL_INPUT_CASE_FIRP,HIS,DEPT_DICT,U
V_ESBHL_INPUT_CASE_FIRP,HIS,DIAGNOSIS,E
V_ESBHL_INPUT_CASE_FIRP,HIS,DIAGNOSIS,A
V_ESBHL_INPUT_CASE_FIRP,HIS,DISCHARGE_DISPOSITION_DICT,G
V_ESBHL_INPUT_CASE_FIRP,HIS,BLOOD_TYPE_DICT,F
V_ESBHL_INPUT_CASE_FIRP,HIS,OPERATION,O
V_ESBHL_INPUT_CASE_FIRP,HIS,STAFF_DICT,F
V_ESBHL_INPUT_CASE_FIRP,HIS,PAT_VISIT,A
V_ESBHL_INPUT_OUTPUT_ROD,YDHL,MCS_DOC_INOUT,A
V_ESBHL_INPUT_ROD,HIS,STAFF_DICT,T
V_ESBHL_INPUT_ROD,HIS,DEPT_DICT,D
V_ESBHL_INPUT_ROD,MTL,EPR_INPATIENT_DOCINDEX,T
V_ESBHL_INPUT_ROD,MTL,EPR_INPATIENT,T1
V_ESBHL_INPUT_ROD,MTL,EMRSD34,T3
V_ESBHL_INPUT_ROD,HIS,PAT_MASTER_INDEX,PMI
V_ESBHL_INPUT_ROD,HIS,PAT_VISIT,PV
V_ESBHL_INSPECTION_ROD,HIS,PAT_VISIT,T
V_ESBHL_INSPECTION_ROD,HIS,STAFF_DICT,H
V_ESBHL_INSPECTION_ROD,HIS,PAT_MASTER_INDEX,R
V_ESBHL_INSPECTION_ROD,HIS,DEPT_DICT,D
V_ESBHL_INSPECTION_ROD,HIS,LAB_TEST_MASTER,A
V_ESBHL_INSPECTION_ROD,HIS,DIAGNOSIS,I
V_ESBHL_NUR_PLAN,HIS,PAT_MASTER_INDEX,T
V_ESBHL_NUR_PLAN,YDHL,MCS_MSYS_NURSINGLEVEL_CONF,C
V_ESBHL_NUR_PLAN,YDHL,INPATIENTS,A
V_ESBHL_NUR_PLAN,HIS,DIAGNOSIS,H
V_ESBHL_OPER_ROD,HIS,DEPT_DICT,D
V_ESBHL_OPER_ROD,MTL,EPR_INPATIENT_DOCINDEX,T
V_ESBHL_OPER_ROD,MTL,EPR_INPATIENT,T1
V_ESBHL_OPER_ROD,MTL,EMRSD9,T3
V_ESBHL_OPER_ROD,HIS,PAT_MASTER_INDEX,PMI
V_ESBHL_OPER_ROD,HIS,PAT_VISIT,PV
V_ESBHL_OUTPUT_ASS_GUIDE,HIS,PAT_MASTER_INDEX,T
V_ESBHL_OUTPUT_ASS_GUIDE,YDHL,INPATIENTS,A
V_ESBHL_OUTPUT_DOCADVICE,HIS,PAT_MASTER_INDEX,M
V_ESBHL_OUTPUT_DOCADVICE,HIS,PAT_VISIT,T
V_ESBHL_OUTPUT_DOCADVICE,HIS,ORDER_CLASS_DICT,D
V_ESBHL_OUTPUT_DOCADVICE,HIS,STAFF_DICT,R
V_ESBHL_OUTPUT_DOCADVICE,HIS,ORDERS,A
V_ESBHL_OUTPUT_SUMMARY,HIS,PAT_MASTER_INDEX,D
V_ESBHL_OUTPUT_SUMMARY,HIS,OCCUPATION_DICT,I
V_ESBHL_OUTPUT_SUMMARY,HIS,DEPT_DICT,E
V_ESBHL_OUTPUT_SUMMARY,HIS,PAT_VISIT,A
V_ESBHL_OUTPUT_SUMMARY,HIS,DIAGNOSIS,B
V_ESBHL_OUTPUT_SUMMARY,HIS,OPERATION,T
V_ESBHL_TRE_ROD,HIS,PAT_VISIT,T
V_ESBHL_TRE_ROD,HIS,PAT_MASTER_INDEX,R
V_ESBHL_TRE_ROD,HIS,INP_BILL_DETAIL,A
V_ESBHL_VS_MEASURE_ROD,HIS,PAT_MASTER_INDEX,T
V_ESBHL_VS_MEASURE_ROD,YDHL,INPATIENTS,I
V_ESBHL_VS_MEASURE_ROD,YDHL,MCS_VITAL_INFO,A
V_ESBHL_VS_MEASURE_ROD,HIS,DIAGNOSIS,H
YS_TEST1_ADV,HIS,ORDERS,A
CDR_ADMISSION_INFO,HIS,DEPT_DICT,T
CDR_ADMISSION_INFO,HIS,PATS_IN_HOSPITAL,A
CDR_APPLY,HIS,DEPT_DICT,DD
CDR_APPLY,HIS,STAFF_DICT,SD
CDR_APPLY,HIS,DIAGNOSIS_DICT,DD
CDR_APPLY,HIS,LAB_TEST_MASTER,LAB_TEST_MASTER
CDR_APPLY,HIS,CLINIC_MASTER,CM
CDR_APPLY,HIS,PAT_VISIT,PV
CDR_APPLY,HIS,DIAGNOSIS,A
CDR_APPLY,HIS,OUTP_MR_DIAG_DESC,A
CDR_APPLY,HIS,DIAGNOSIS,DIAGNOSIS
CDR_APPLY,HIS,OUTP_MR_DIAG_DESC,OUTP_MR_DIAG_DESC
CDR_CHECK_REPORT_ES,NJ,BHOSCHECKES,GB
CDR_CHECK_REPORT_ES,NJ,预约登记,YYDJ
CDR_CHECK_REPORT_PACS,PACS,EXAMINFO,E
CDR_CHECK_REPORT_PACS,PACS,PATIENTINFO,P
CDR_CHECK_REPORT_PACS,PACS,MODALITYINFO,M
CDR_CHECK_REPORT_PACS,PACS,PROCEDURESTEPINFO,PSI
CDR_CHECK_REPORT_PACS,PACS,PROCEDUREINFO,PO
CDR_CHECK_REPORT_PACS,PACS,MODALITYTYPEINFO,MT
CDR_CHECK_REPORT_PACS,PACS,REPORT,R
CDR_CHECK_REPORT_US,CS,BHOSCHECKUS,AA
CDR_CHECK_REPORT_XD,HIS,CLINIC_MASTER,CM
CDR_CHECK_REPORT_XD,UNKNOWN,CDR_CHECK_REPORT_XD_COPY,A1
CDR_CHECK_REPORT_XD,HIS,EXAM_MASTER,EXAM_MASTER
CDR_EMR_DOCUMENT,JHEMR,JHMR_FILE_CONTENT_TEXT,A
CDR_EMR_DOCUMENT,JHEMR,JHMR_FILE_INDEX,B
CDR_EMR_DOCUMENT,JHEMR,JHMS_STAT_TEMPLET,JHMS_STAT_TEMPLET
CDR_HOSPITAL,HIS,DEPT_DICT,DEPT_DICT
CDR_HOSPITAL,HIS,STAFF_DICT,STAFF_DICT
CDR_HOSPITAL,HIS,DEPT_VS_WARD,DEPT_VS_WARD
CDR_HOSPITAL,HIS,ADT_LOG,ADT_LOG
CDR_HOSPITAL,HIS,PATS_IN_HOSPITAL,PATS_IN_HOSPITAL
CDR_HOSPITAL,HIS,PAT_VISIT,A
CDR_HOSPITAL_ORDER,HIS,ORDER_CLASS_DICT,ORDER_CLASS_DICT
CDR_HOSPITAL_ORDER,HIS,DEPT_DICT,DEPT_DICT
CDR_HOSPITAL_ORDER,HIS,DEPT_VS_WARD,DEPT_VS_WARD
CDR_HOSPITAL_ORDER,HIS,WARD_TRANSFER,Q
CDR_HOSPITAL_ORDER,HIS,BED_TRANS_LOG,AA
CDR_HOSPITAL_ORDER,HIS,STAFF_DICT,STAFF_DICT
CDR_HOSPITAL_ORDER,HIS,PAT_VISIT,A
CDR_INSPECTION_REPORT,ODS,CDR_INSPECTION_REPORT1,CDR_INSPECTION_REPORT1
CDR_INSPECTION_REPORT_DETALL,ODS,CDR_INSPECTION_REPORT_DETALL1,CDR_INSPECTION_REPORT_DETALL1
CDR_MEDICAL,HIS,COUNTRY_DICT,CD
CDR_MEDICAL,HIS,AREA_DICT,AD
CDR_MEDICAL,HIS,NATION_DICT,ND
CDR_MEDICAL,HIS,OCCUPATION_DICT,OD
CDR_MEDICAL,HIS,RELATIONSHIP_DICT,RD
CDR_MEDICAL,HIS,DEPT_DICT,T
CDR_MEDICAL,HIS,PATS_IN_HOSPITAL,PATS_IN_HOSPITAL
CDR_MEDICAL,HIS,STAFF_DICT,STAFF_DICT
CDR_MEDICAL,HIS,STAFF_DICT,SD
CDR_MEDICAL,HIS,PAT_VISIT,A
CDR_MEDICAL_DIAG,HIS,DIAGNOSIS_TYPE_DICT,DIAGNOSIS_TYPE_DICT
CDR_MEDICAL_DIAG,HIS,DEPT_DICT,A1
CDR_MEDICAL_DIAG,HIS,DEPT_DICT,D
CDR_MEDICAL_DIAG,HIS,STAFF_DICT,D
CDR_MEDICAL_DIAG,HIS,DIAGNOSIS,A
CDR_MEDICAL_DIAG,HIS,PAT_MASTER_INDEX,B
CDR_MEDICAL_DIAG,HIS,PAT_VISIT,C
CDR_MEDICAL_DIAG,HIS,CLINIC_MASTER,D
CDR_OPERATION_AFTER,SM,MED_PAT_MASTER_INDEX,MED_PAT_MASTER_INDEX
CDR_OPERATION_AFTER,SM,MED_CUSTOM_DATA,MCD
CDR_OPERATION_AFTER,SM,MED_OPERATION_MASTER,MOM
CDR_OPERATION_AFTER,SM,MED_PAT_MASTER_INDEX,MPMI
CDR_OPERATION_APPLY,SM,MED_PAT_MASTER_INDEX,MED_PAT_MASTER_INDEX
CDR_OPERATION_APPLY,SM,MED_DEPT_DICT,MED_DEPT_DICT
CDR_OPERATION_APPLY,SM,MED_OPERATING_ROOM,MED_OPERATING_ROOM
CDR_OPERATION_APPLY,SM,MED_OPERATION_MASTER,MOM
CDR_OPERATION_APPLY,SM,MED_OPERATION_SCHEDULE,MOS
CDR_OPERATION_PHARMACY,SM,MED_PAT_MASTER_INDEX,MED_PAT_MASTER_INDEX
CDR_OPERATION_PHARMACY,SM,MED_OPERATING_ROOM,MED_OPERATING_ROOM
CDR_OPERATION_PHARMACY,SM,MED_OPERATION_MASTER,MOM
CDR_OPERATION_PHARMACY,SM,MED_ANESTHESIA_EVENT,MAE
CDR_OPERATION_RECOVERY,SM,MED_PAT_MASTER_INDEX,MED_PAT_MASTER_INDEX
CDR_OPERATION_RECOVERY,SM,MED_CUSTOM_DATA,MCD
CDR_OPERATION_RECOVERY,SM,MED_OPERATION_MASTER,MOM
CDR_OPERATION_VISIT,SM,MED_PAT_MASTER_INDEX,MED_PAT_MASTER_INDEX
CDR_OPERATION_VISIT,SM,MED_CUSTOM_DATA,MCD
CDR_OPERATION_VISIT,SM,MED_OPERATION_MASTER,MOM
CDR_OPERATION_VISIT,SM,MED_ANESTHESIA_PLAN,MAP
CDR_OUTPATIENT_DIAG,HIS,DEPT_DICT,T
CDR_OUTPATIENT_DIAG,HIS,OUTP_MR,A
CDR_OUTPATIENT_VISIT,HIS,OCCUPATION_DICT,OD
CDR_OUTPATIENT_VISIT,HIS,DEPT_DICT,T
CDR_OUTPATIENT_VISIT,HIS,STAFF_DICT,T1
CDR_OUTPATIENT_VISIT,HIS,STAFF_DICT,STAFF_DICT
CDR_OUTPATIENT_VISIT,HIS,CLINIC_MASTER,A
CDR_OUT_PRESCRIPTION,HIS,DEPT_DICT,T
CDR_OUT_PRESCRIPTION,HIS,PERFORM_FREQ_DICT,PERFORM_FREQ_DICT
CDR_OUT_PRESCRIPTION,HIS,ADMINISTRATION_DICT,ADMINISTRATION_DICT
CDR_OUT_PRESCRIPTION,HIS,DRUG_PRESC_MASTER,A
CDR_PATIENT_INFO,HIS,CHARGE_TYPE_DICT,CHARGE_TYPE_DICT
CDR_PATIENT_INFO,HIS,AREA_DICT,AD
CDR_PATIENT_INFO,HIS,COUNTRY_DICT,CD
CDR_PATIENT_INFO,HIS,NATION_DICT,ND
CDR_PATIENT_INFO,HIS,OCCUPATION_DICT,OD
CDR_PATIENT_INFO,HIS,MR_BASE_DICT,MBD
CDR_PATIENT_INFO,HIS,RELATIONSHIP_DICT,RD
CDR_PATIENT_INFO,HIS,PAT_MASTER_INDEX,A
CDR_SURGICAL_RECORD,SM,MED_PAT_MASTER_INDEX,MED_PAT_MASTER_INDEX
CDR_SURGICAL_RECORD,SM,MED_OPERATING_ROOM,MED_OPERATING_ROOM
CDR_SURGICAL_RECORD,SM,MED_OPERATION_MASTER,MOM
CDR_SURGICAL_RECORD,SM,MED_ANESTHESIA_PLAN,MAP
