系统名称,库名,Schema,表名,表中文名,表备注,来源文件名称,来源文件章节,数据库实际备注,文档备注,文档与实际库是否一致,业务域,表类型,数据粒度,总行数,活跃度判断,核心字段,候选主键,候选关联字段,是否纳入数据资产,是否进入数据治理系统,确认状态,判断依据,需要人工确认的问题
HIS_SOURCE,his_ready_10_10_10_15,COMM,BILL_PATTERN_MASTER_copy1,费用模板主记录,费用模板主记录,系统表结构/HIS系统数据库表结构.md,按表名索引匹配，章节需人工确认,费用模板主记录,待从原始表结构文档逐表精确回填,待确认,费用收费,中间表,一行一张收据/结算或一条收费明细,3946,待活跃度统计,PATTERN_NAME+DEPT_CODE,DEPT_CODE+PATTERN_NAME,DEPT_CODE,否,否,建议排除,命中日志/临时/备份/错误/同步/测试关键词或既有排除口径,如该表仍被业务查询或接口依赖，请恢复为待确认
HIS_SOURCE,his_ready_10_10_10_15,COMM,CLIENT_INSTALLATION_LOG,,需要人工确认,系统表结构/HIS系统数据库表结构.md,按表名索引匹配，章节需人工确认,,待从原始表结构文档逐表精确回填,待确认,标准映射表,主数据表,需要人工确认,18,待活跃度统计,,需要验证,,否,否,建议排除,命中日志/临时/备份/错误/同步/测试关键词或既有排除口径,如该表仍被业务查询或接口依赖，请恢复为待确认
HIS_SOURCE,his_ready_10_10_10_15,COMM,CLINIC_OPER_LOG,临床诊疗项目操作日志表,临床诊疗项目操作日志表,系统表结构/HIS系统数据库表结构.md,按表名索引匹配，章节需人工确认,临床诊疗项目操作日志表,待从原始表结构文档逐表精确回填,待确认,手术,日志表,需要人工确认,0,待活跃度统计,OPER_DATE+ITEM_CODE,OPER_DATE+ITEM_CODE,,否,否,建议排除,命中日志/临时/备份/错误/同步/测试关键词或既有排除口径,如该表仍被业务查询或接口依赖，请恢复为待确认
HIS_SOURCE,his_ready_10_10_10_15,COMM,INP_CANCEL_LOG,作废住院号管理表,作废住院号管理表,系统表结构/HIS系统数据库表结构.md,按表名索引匹配，章节需人工确认,作废住院号管理表,待从原始表结构文档逐表精确回填,待确认,住院就诊,主数据表,需要人工确认,0,待活跃度统计,INP_NO,INP_NO,,否,否,建议排除,命中日志/临时/备份/错误/同步/测试关键词或既有排除口径,如该表仍被业务查询或接口依赖，请恢复为待确认
HIS_SOURCE,his_ready_10_10_10_15,COMM,OPERATION_LOG,操作日志,操作日志,系统表结构/HIS系统数据库表结构.md,按表名索引匹配，章节需人工确认,操作日志,待从原始表结构文档逐表精确回填,待确认,手术,日志表,需要人工确认,57407694,待活跃度统计,,需要验证,,否,否,建议排除,命中日志/临时/备份/错误/同步/测试关键词或既有排除口径,如该表仍被业务查询或接口依赖，请恢复为待确认
HIS_SOURCE,his_ready_10_10_10_15,COMM,PRICE_LIST_LOG,价表日志,价表日志,系统表结构/HIS系统数据库表结构.md,按表名索引匹配，章节需人工确认,价表日志,待从原始表结构文档逐表精确回填,待确认,费用收费,日志表,需要人工确认,98,待活跃度统计,ITEM_CLASS+ITEM_CODE+ITEM_SPEC+UNITS+START_DATE+ENTER_DATE,ITEM_CLASS+ITEM_CODE+ITEM_SPEC+UNITS+START_DATE+ENTER_DATE,,否,否,建议排除,命中日志/临时/备份/错误/同步/测试关键词或既有排除口径,如该表仍被业务查询或接口依赖，请恢复为待确认
HIS_SOURCE,his_ready_10_10_10_15,COMM,SECURITY_TEMPLATE,,需要人工确认,系统表结构/HIS系统数据库表结构.md,按表名索引匹配，章节需人工确认,,待从原始表结构文档逐表精确回填,待确认,人员字典,主数据表,需要人工确认,3662,待活跃度统计,APPLICATION+WINDOW+CONTROL+ITEM_NO,APPLICATION+WINDOW+CONTROL+ITEM_NO,,否,否,建议排除,命中日志/临时/备份/错误/同步/测试关键词或既有排除口径,如该表仍被业务查询或接口依赖，请恢复为待确认
HIS_SOURCE,his_ready_10_10_10_15,COMM,TJ_ERROR_LOG,,需要人工确认,系统表结构/HIS系统数据库表结构.md,按表名索引匹配，章节需人工确认,,待从原始表结构文档逐表精确回填,待确认,标准映射表,日志表,需要人工确认,0,待活跃度统计,ERROR_DATE,ERROR_DATE,,否,否,建议排除,命中日志/临时/备份/错误/同步/测试关键词或既有排除口径,如该表仍被业务查询或接口依赖，请恢复为待确认
HIS_SOURCE,his_ready_10_10_10_15,COMM,TJ_LOG_MESSAGE,,需要人工确认,系统表结构/HIS系统数据库表结构.md,按表名索引匹配，章节需人工确认,,待从原始表结构文档逐表精确回填,待确认,标准映射表,日志表,需要人工确认,0,待活跃度统计,LOG_DATE,LOG_DATE,,否,否,建议排除,命中日志/临时/备份/错误/同步/测试关键词或既有排除口径,如该表仍被业务查询或接口依赖，请恢复为待确认
HIS_SOURCE,his_ready_10_10_10_15,COMM,UPDATE_LOG,,需要人工确认,系统表结构/HIS系统数据库表结构.md,按表名索引匹配，章节需人工确认,,待从原始表结构文档逐表精确回填,待确认,标准映射表,主数据表,需要人工确认,9184838,待活跃度统计,,需要验证,,否,否,建议排除,命中日志/临时/备份/错误/同步/测试关键词或既有排除口径,如该表仍被业务查询或接口依赖，请恢复为待确认
HIS_SOURCE,his_ready_10_10_10_15,DRUG_USER,DOCK_CALL_LOG,对接三方的日志,对接三方的日志,系统表结构/HIS系统数据库表结构.md; 系统表结构/HIS系统药房药库表设计文档.md,按表名索引匹配，章节需人工确认,对接三方的日志,待从原始表结构文档逐表精确回填,待确认,药品,日志表,需要人工确认,3198052,待活跃度统计,LOG_ID,LOG_ID,,否,否,建议排除,命中日志/临时/备份/错误/同步/测试关键词或既有排除口径,如该表仍被业务查询或接口依赖，请恢复为待确认
HIS_SOURCE,his_ready_10_10_10_15,DRUG_USER,DRUG_YPID,药品ID临时表,药品ID临时表,系统表结构/HIS系统数据库表结构.md; 系统表结构/HIS系统药房药库表设计文档.md,按表名索引匹配，章节需人工确认,药品ID临时表,待从原始表结构文档逐表精确回填,待确认,药品,中间表,需要人工确认,1411,待活跃度统计,,需要验证,DRUG_CODE,否,否,建议排除,命中日志/临时/备份/错误/同步/测试关键词或既有排除口径,如该表仍被业务查询或接口依赖，请恢复为待确认
HIS_SOURCE,his_ready_10_10_10_15,DRUG_USER,MED_CHECK_DETAIL_copy1,盘点明细表,盘点明细表,系统表结构/HIS系统数据库表结构.md; 系统表结构/HIS系统药房药库表设计文档.md,按表名索引匹配，章节需人工确认,盘点明细表,待从原始表结构文档逐表精确回填,待确认,药品,中间表,需要人工确认,5274,待活跃度统计,,需要验证,,否,否,建议排除,命中日志/临时/备份/错误/同步/测试关键词或既有排除口径,如该表仍被业务查询或接口依赖，请恢复为待确认
HIS_SOURCE,his_ready_10_10_10_15,DRUG_USER,MED_DICT_FACTORY_copy1,药品字典厂商,药品字典厂商,系统表结构/HIS系统数据库表结构.md; 系统表结构/HIS系统药房药库表设计文档.md,按表名索引匹配，章节需人工确认,药品字典厂商,待从原始表结构文档逐表精确回填,待确认,药品,中间表,需要人工确认,1562,待活跃度统计,FACTORY_ID,FACTORY_ID,,否,否,建议排除,命中日志/临时/备份/错误/同步/测试关键词或既有排除口径,如该表仍被业务查询或接口依赖，请恢复为待确认
HIS_SOURCE,his_ready_10_10_10_15,DRUG_USER,MED_DRUG_LOC_copy1,药品库位对照表,药品库位对照表,系统表结构/HIS系统数据库表结构.md; 系统表结构/HIS系统药房药库表设计文档.md,按表名索引匹配，章节需人工确认,药品库位对照表,待从原始表结构文档逐表精确回填,待确认,药品,中间表,需要人工确认,17691,待活跃度统计,BIND_ID,BIND_ID,,否,否,建议排除,命中日志/临时/备份/错误/同步/测试关键词或既有排除口径,如该表仍被业务查询或接口依赖，请恢复为待确认
HIS_SOURCE,his_ready_10_10_10_15,DRUG_USER,MED_TRACE_RECORD,药品追溯码记录表,药品追溯码记录表,系统表结构/HIS系统数据库表结构.md; 系统表结构/HIS系统药房药库表设计文档.md,按表名索引匹配，章节需人工确认,药品追溯码记录表,待从原始表结构文档逐表精确回填,待确认,药品,中间表,需要人工确认,6267417,待活跃度统计,RECORD_ID,RECORD_ID,,否,否,建议排除,命中日志/临时/备份/错误/同步/测试关键词或既有排除口径,如该表仍被业务查询或接口依赖，请恢复为待确认
HIS_SOURCE,his_ready_10_10_10_15,DRUG_USER,MED_TRACE_RECORD_copy1,药品追溯码记录表,药品追溯码记录表,系统表结构/HIS系统数据库表结构.md; 系统表结构/HIS系统药房药库表设计文档.md,按表名索引匹配，章节需人工确认,药品追溯码记录表,待从原始表结构文档逐表精确回填,待确认,药品,中间表,需要人工确认,30,待活跃度统计,RECORD_ID,RECORD_ID,,否,否,建议排除,命中日志/临时/备份/错误/同步/测试关键词或既有排除口径,如该表仍被业务查询或接口依赖，请恢复为待确认
HIS_SOURCE,his_ready_10_10_10_15,DRUG_USER,MED_TRACE_STORGE,药品追溯码库存表,药品追溯码库存表,系统表结构/HIS系统数据库表结构.md; 系统表结构/HIS系统药房药库表设计文档.md,按表名索引匹配，章节需人工确认,药品追溯码库存表,待从原始表结构文档逐表精确回填,待确认,药品,中间表,需要人工确认,4591694,待活跃度统计,RECORD_ID,RECORD_ID,,否,否,建议排除,命中日志/临时/备份/错误/同步/测试关键词或既有排除口径,如该表仍被业务查询或接口依赖，请恢复为待确认
HIS_SOURCE,his_ready_10_10_10_15,DRUG_USER,MED_TRACE_STORGE_copy1,药品追溯码库存表,药品追溯码库存表,系统表结构/HIS系统数据库表结构.md; 系统表结构/HIS系统药房药库表设计文档.md,按表名索引匹配，章节需人工确认,药品追溯码库存表,待从原始表结构文档逐表精确回填,待确认,药品,中间表,需要人工确认,30,待活跃度统计,RECORD_ID,RECORD_ID,,否,否,建议排除,命中日志/临时/备份/错误/同步/测试关键词或既有排除口径,如该表仍被业务查询或接口依赖，请恢复为待确认
HIS_SOURCE,his_ready_10_10_10_15,DRUG_USER,MESSAGE_CENTER,PDA消息提醒,PDA消息提醒,系统表结构/HIS系统数据库表结构.md; 系统表结构/HIS系统药房药库表设计文档.md,按表名索引匹配，章节需人工确认,PDA消息提醒,待从原始表结构文档逐表精确回填,待确认,药品,中间表,需要人工确认,0,待活跃度统计,,需要验证,,否,否,建议排除,命中日志/临时/备份/错误/同步/测试关键词或既有排除口径,如该表仍被业务查询或接口依赖，请恢复为待确认
HIS_SOURCE,his_ready_10_10_10_15,DRUG_USER,PHA_CHECK_DETAIL_copy1,药房盘点明细表,药房盘点明细表,系统表结构/HIS系统数据库表结构.md; 系统表结构/HIS系统药房药库表设计文档.md,按表名索引匹配，章节需人工确认,药房盘点明细表,待从原始表结构文档逐表精确回填,待确认,药品,中间表,需要人工确认,36531,待活跃度统计,,需要验证,,否,否,建议排除,命中日志/临时/备份/错误/同步/测试关键词或既有排除口径,如该表仍被业务查询或接口依赖，请恢复为待确认
HIS_SOURCE,his_ready_10_10_10_15,DRUG_USER,PHA_FIN_MONTHDETAIL_copy1,财务月结明细表,财务月结明细表,系统表结构/HIS系统数据库表结构.md; 系统表结构/HIS系统药房药库表设计文档.md,按表名索引匹配，章节需人工确认,财务月结明细表,待从原始表结构文档逐表精确回填,待确认,药品,中间表,需要人工确认,3262,待活跃度统计,RECORD_NO,RECORD_NO,,否,否,建议排除,命中日志/临时/备份/错误/同步/测试关键词或既有排除口径,如该表仍被业务查询或接口依赖，请恢复为待确认
HIS_SOURCE,his_ready_10_10_10_15,DRUG_USER,PHA_FIN_MONTHSETTLE_copy1,财务月结主表,财务月结主表,系统表结构/HIS系统数据库表结构.md; 系统表结构/HIS系统药房药库表设计文档.md,按表名索引匹配，章节需人工确认,财务月结主表,待从原始表结构文档逐表精确回填,待确认,药品,中间表,一行一张收据/结算或一条收费明细,7,待活跃度统计,FIN_ID,FIN_ID,,否,否,建议排除,命中日志/临时/备份/错误/同步/测试关键词或既有排除口径,如该表仍被业务查询或接口依赖，请恢复为待确认
HIS_SOURCE,his_ready_10_10_10_15,DRUG_USER,PHA_INIT_ACCOUNT_copy1,药房初始化建账表,药房初始化建账表,系统表结构/HIS系统数据库表结构.md; 系统表结构/HIS系统药房药库表设计文档.md,按表名索引匹配，章节需人工确认,药房初始化建账表,待从原始表结构文档逐表精确回填,待确认,药品,中间表,需要人工确认,3308,待活跃度统计,ID,ID,DRUG_CODE,否,否,建议排除,命中日志/临时/备份/错误/同步/测试关键词或既有排除口径,如该表仍被业务查询或接口依赖，请恢复为待确认
HIS_SOURCE,his_ready_10_10_10_15,DRUG_USER,PHA_STORAGE_copy1,药房库存信息,药房库存信息,系统表结构/HIS系统数据库表结构.md; 系统表结构/HIS系统药房药库表设计文档.md,按表名索引匹配，章节需人工确认,药房库存信息,待从原始表结构文档逐表精确回填,待确认,药品,中间表,需要人工确认,3308,待活跃度统计,RECORD_NO,RECORD_NO,,否,否,建议排除,命中日志/临时/备份/错误/同步/测试关键词或既有排除口径,如该表仍被业务查询或接口依赖，请恢复为待确认
HIS_SOURCE,his_ready_10_10_10_15,DRUG_USER,PHA_STORAGE_copy2,药房库存信息,药房库存信息,系统表结构/HIS系统数据库表结构.md; 系统表结构/HIS系统药房药库表设计文档.md,按表名索引匹配，章节需人工确认,药房库存信息,待从原始表结构文档逐表精确回填,待确认,药品,中间表,需要人工确认,4512,待活跃度统计,RECORD_NO,RECORD_NO,,否,否,建议排除,命中日志/临时/备份/错误/同步/测试关键词或既有排除口径,如该表仍被业务查询或接口依赖，请恢复为待确认
HIS_SOURCE,his_ready_10_10_10_15,DRUG_USER,PRINT_DEBUG_LOG,报表打印debuglog表,报表打印debuglog表,系统表结构/HIS系统数据库表结构.md; 系统表结构/HIS系统药房药库表设计文档.md,按表名索引匹配，章节需人工确认,报表打印debuglog表,待从原始表结构文档逐表精确回填,待确认,药品,日志表,需要人工确认,42842,待活跃度统计,,需要验证,,否,否,建议排除,命中日志/临时/备份/错误/同步/测试关键词或既有排除口径,如该表仍被业务查询或接口依赖，请恢复为待确认
HIS_SOURCE,his_ready_10_10_10_15,DRUG_USER,TEMP_REQ_INFO,发药临时表,发药临时表,系统表结构/HIS系统数据库表结构.md; 系统表结构/HIS系统药房药库表设计文档.md,按表名索引匹配，章节需人工确认,发药临时表,待从原始表结构文档逐表精确回填,待确认,药品,中间表,需要人工确认,,待活跃度统计,,需要验证,,否,否,建议排除,命中日志/临时/备份/错误/同步/测试关键词或既有排除口径,如该表仍被业务查询或接口依赖，请恢复为待确认
HIS_SOURCE,his_ready_10_10_10_15,DRUG_USER,TRACE_UPLOAD_TIME_LOG,追溯码时间段上传日志表,追溯码时间段上传日志表,系统表结构/HIS系统数据库表结构.md; 系统表结构/HIS系统药房药库表设计文档.md,按表名索引匹配，章节需人工确认,追溯码时间段上传日志表,待从原始表结构文档逐表精确回填,待确认,药品,日志表,需要人工确认,2012,待活跃度统计,LOG_ID,LOG_ID,,否,否,建议排除,命中日志/临时/备份/错误/同步/测试关键词或既有排除口径,如该表仍被业务查询或接口依赖，请恢复为待确认
HIS_SOURCE,his_ready_10_10_10_15,DRUG_USER,VIEW_DEBUG_LOG,报表打印debuglog表,报表打印debuglog表,系统表结构/HIS系统数据库表结构.md; 系统表结构/HIS系统药房药库表设计文档.md,按表名索引匹配，章节需人工确认,报表打印debuglog表,待从原始表结构文档逐表精确回填,待确认,药品,日志表,需要人工确认,64818,待活跃度统计,,需要验证,DEPT_CODE,否,否,建议排除,命中日志/临时/备份/错误/同步/测试关键词或既有排除口径,如该表仍被业务查询或接口依赖，请恢复为待确认
HIS_SOURCE,his_ready_10_10_10_15,EXAM,BACKUP_PATIENT,,需要人工确认,系统表结构/HIS系统数据库表结构.md,按表名索引匹配，章节需人工确认,,待从原始表结构文档逐表精确回填,待确认,患者主索引,主数据表,需要人工确认,0,待活跃度统计,PID,PID,,否,否,建议排除,命中日志/临时/备份/错误/同步/测试关键词或既有排除口径,如该表仍被业务查询或接口依赖，请恢复为待确认
HIS_SOURCE,his_ready_10_10_10_15,EXAM,BACKUP_STUDY,,需要人工确认,系统表结构/HIS系统数据库表结构.md,按表名索引匹配，章节需人工确认,,待从原始表结构文档逐表精确回填,待确认,检查,主数据表,需要人工确认,0,待活跃度统计,SUID,SUID,,否,否,建议排除,命中日志/临时/备份/错误/同步/测试关键词或既有排除口径,如该表仍被业务查询或接口依赖，请恢复为待确认
HIS_SOURCE,his_ready_10_10_10_15,INPADM,ADT_LOG_BACKUP2025,,需要人工确认,系统表结构/HIS系统数据库表结构.md,按表名索引匹配，章节需人工确认,,待从原始表结构文档逐表精确回填,待确认,住院就诊,日志表,需要人工确认,13,待活跃度统计,,需要验证,DEPT_CODE+PATIENT_ID+VISIT_ID,否,否,建议排除,命中日志/临时/备份/错误/同步/测试关键词或既有排除口径,如该表仍被业务查询或接口依赖，请恢复为待确认
HIS_SOURCE,his_ready_10_10_10_15,INPADM,ADT_LOG_C0525325,,需要人工确认,系统表结构/HIS系统数据库表结构.md,按表名索引匹配，章节需人工确认,,待从原始表结构文档逐表精确回填,待确认,住院就诊,日志表,需要人工确认,7,待活跃度统计,,需要验证,DEPT_CODE+PATIENT_ID+VISIT_ID,否,否,建议排除,命中日志/临时/备份/错误/同步/测试关键词或既有排除口径,如该表仍被业务查询或接口依赖，请恢复为待确认
HIS_SOURCE,his_ready_10_10_10_15,INPADM,BED_TRANS_LOG,,需要人工确认,系统表结构/HIS系统数据库表结构.md,按表名索引匹配，章节需人工确认,,待从原始表结构文档逐表精确回填,待确认,住院就诊,主数据表,需要人工确认,1774570,待活跃度统计,WARD_CODE+BED_NO+LOG_DATE_TIME+ACTION,WARD_CODE+BED_NO+LOG_DATE_TIME+ACTION,PATIENT_ID+VISIT_ID,否,否,建议排除,命中日志/临时/备份/错误/同步/测试关键词或既有排除口径,如该表仍被业务查询或接口依赖，请恢复为待确认
HIS_SOURCE,his_ready_10_10_10_15,INPADM,BED_TRANS_LOG_BACKUP2025,,需要人工确认,系统表结构/HIS系统数据库表结构.md,按表名索引匹配，章节需人工确认,,待从原始表结构文档逐表精确回填,待确认,住院就诊,日志表,需要人工确认,18,待活跃度统计,,需要验证,PATIENT_ID+VISIT_ID,否,否,建议排除,命中日志/临时/备份/错误/同步/测试关键词或既有排除口径,如该表仍被业务查询或接口依赖，请恢复为待确认
HIS_SOURCE,his_ready_10_10_10_15,INPADM,BED_TRANS_LOG_C0525325,,需要人工确认,系统表结构/HIS系统数据库表结构.md,按表名索引匹配，章节需人工确认,,待从原始表结构文档逐表精确回填,待确认,住院就诊,日志表,需要人工确认,7,待活跃度统计,,需要验证,PATIENT_ID+VISIT_ID,否,否,建议排除,命中日志/临时/备份/错误/同步/测试关键词或既有排除口径,如该表仍被业务查询或接口依赖，请恢复为待确认
HIS_SOURCE,his_ready_10_10_10_15,INPADM,ERROR_LOG,,需要人工确认,系统表结构/HIS系统数据库表结构.md,按表名索引匹配，章节需人工确认,,待从原始表结构文档逐表精确回填,待确认,住院就诊,主数据表,需要人工确认,0,待活跃度统计,,需要验证,PATIENT_ID,否,否,建议排除,命中日志/临时/备份/错误/同步/测试关键词或既有排除口径,如该表仍被业务查询或接口依赖，请恢复为待确认
HIS_SOURCE,his_ready_10_10_10_15,INPADM,LEND_BED_LOG,,需要人工确认,系统表结构/HIS系统数据库表结构.md,按表名索引匹配，章节需人工确认,,待从原始表结构文档逐表精确回填,待确认,住院就诊,主数据表,需要人工确认,194332,待活跃度统计,WARD_CODE+LEND_START_DATE+PATIENT_ID+VISIT_ID,WARD_CODE+PATIENT_ID+VISIT_ID+LEND_START_DATE,PATIENT_ID+VISIT_ID+DEPT_CODE,否,否,建议排除,命中日志/临时/备份/错误/同步/测试关键词或既有排除口径,如该表仍被业务查询或接口依赖，请恢复为待确认
HIS_SOURCE,his_ready_10_10_10_15,INPADM,MEDICAL_QC_LOG,,需要人工确认,系统表结构/HIS系统数据库表结构.md,按表名索引匹配，章节需人工确认,,待从原始表结构文档逐表精确回填,待确认,住院就诊,主数据表,需要人工确认,0,待活跃度统计,PATIENT_ID+VISIT_ID+CHECK_DATE,PATIENT_ID+VISIT_ID+CHECK_DATE,PATIENT_ID+VISIT_ID,否,否,建议排除,命中日志/临时/备份/错误/同步/测试关键词或既有排除口径,如该表仍被业务查询或接口依赖，请恢复为待确认
HIS_SOURCE,his_ready_10_10_10_15,INPADM,PATS_IN_HOSPITAL_BACKUP2025,,需要人工确认,系统表结构/HIS系统数据库表结构.md,按表名索引匹配，章节需人工确认,,待从原始表结构文档逐表精确回填,待确认,住院就诊,主数据表,一行一次住院就诊,0,待活跃度统计,,需要验证,PATIENT_ID+VISIT_ID+DEPT_CODE,否,否,建议排除,命中日志/临时/备份/错误/同步/测试关键词或既有排除口径,如该表仍被业务查询或接口依赖，请恢复为待确认
HIS_SOURCE,his_ready_10_10_10_15,INPADM,PATS_IN_HOSPITAL_BK,,需要人工确认,系统表结构/HIS系统数据库表结构.md,按表名索引匹配，章节需人工确认,,待从原始表结构文档逐表精确回填,待确认,住院就诊,主数据表,一行一次住院就诊,99,待活跃度统计,,需要验证,PATIENT_ID+VISIT_ID+DEPT_CODE,否,否,建议排除,命中日志/临时/备份/错误/同步/测试关键词或既有排除口径,如该表仍被业务查询或接口依赖，请恢复为待确认
HIS_SOURCE,his_ready_10_10_10_15,INPADM,PAT_VISIT_BACKUP2025,,需要人工确认,系统表结构/HIS系统数据库表结构.md,按表名索引匹配，章节需人工确认,,待从原始表结构文档逐表精确回填,待确认,住院就诊,主数据表,一行一次住院就诊,3,待活跃度统计,,需要验证,PATIENT_ID+VISIT_ID,否,否,建议排除,命中日志/临时/备份/错误/同步/测试关键词或既有排除口径,如该表仍被业务查询或接口依赖，请恢复为待确认
HIS_SOURCE,his_ready_10_10_10_15,INPBILL,CASHER_WORKING_LOG,收款员工作日志,收款员工作日志,系统表结构/HIS系统数据库表结构.md,按表名索引匹配，章节需人工确认,收款员工作日志,待从原始表结构文档逐表精确回填,待确认,住院就诊,日志表,一行一张收据/结算或一条收费明细,221765,待活跃度统计,OPER_NO+OPER_DATE_TIME,OPER_NO+OPER_DATE_TIME,,否,否,建议排除,命中日志/临时/备份/错误/同步/测试关键词或既有排除口径,如该表仍被业务查询或接口依赖，请恢复为待确认
HIS_SOURCE,his_ready_10_10_10_15,INPBILL,DOWNLOAD_LIST,,需要人工确认,系统表结构/HIS系统数据库表结构.md,按表名索引匹配，章节需人工确认,,待从原始表结构文档逐表精确回填,待确认,住院就诊,主数据表,一行一张收据/结算或一条收费明细,0,待活跃度统计,JYSJ+JYCKH,JYCKH+JYSJ,,否,否,建议排除,命中日志/临时/备份/错误/同步/测试关键词或既有排除口径,如该表仍被业务查询或接口依赖，请恢复为待确认
HIS_SOURCE,his_ready_10_10_10_15,INPBILL,INP_BILL_DETAIL_B,住院费用结账后计的费用备份,住院费用结账后计的费用备份,系统表结构/HIS系统数据库表结构.md,按表名索引匹配，章节需人工确认,住院费用结账后计的费用备份,待从原始表结构文档逐表精确回填,待确认,住院就诊,中间表,一行一张收据/结算或一条收费明细,68,待活跃度统计,PATIENT_ID+VISIT_ID+ITEM_NO,PATIENT_ID+VISIT_ID+ITEM_NO,PATIENT_ID+VISIT_ID+RCPT_NO+DEPT_CODE,否,否,建议排除,命中日志/临时/备份/错误/同步/测试关键词或既有排除口径,如该表仍被业务查询或接口依赖，请恢复为待确认
HIS_SOURCE,his_ready_10_10_10_15,INPBILL,INP_BILL_DETAIL_BACKUP0105,,需要人工确认,系统表结构/HIS系统数据库表结构.md,按表名索引匹配，章节需人工确认,,待从原始表结构文档逐表精确回填,待确认,住院就诊,事实明细表,一行一张收据/结算或一条收费明细,2,待活跃度统计,,需要验证,PATIENT_ID+VISIT_ID+RCPT_NO+DEPT_CODE+ORDER_NO,否,否,建议排除,命中日志/临时/备份/错误/同步/测试关键词或既有排除口径,如该表仍被业务查询或接口依赖，请恢复为待确认
HIS_SOURCE,his_ready_10_10_10_15,INPBILL,INP_BILL_DETAIL_BACKUP2025,,需要人工确认,系统表结构/HIS系统数据库表结构.md,按表名索引匹配，章节需人工确认,,待从原始表结构文档逐表精确回填,待确认,住院就诊,事实明细表,一行一张收据/结算或一条收费明细,128,待活跃度统计,,需要验证,PATIENT_ID+VISIT_ID+RCPT_NO+DEPT_CODE+ORDER_NO,否,否,建议排除,命中日志/临时/备份/错误/同步/测试关键词或既有排除口径,如该表仍被业务查询或接口依赖，请恢复为待确认
HIS_SOURCE,his_ready_10_10_10_15,INPBILL,INP_BILL_DETAIL_BK,,需要人工确认,系统表结构/HIS系统数据库表结构.md,按表名索引匹配，章节需人工确认,,待从原始表结构文档逐表精确回填,待确认,住院就诊,事实明细表,一行一张收据/结算或一条收费明细,527,待活跃度统计,,需要验证,PATIENT_ID+VISIT_ID+RCPT_NO+DEPT_CODE,否,否,建议排除,命中日志/临时/备份/错误/同步/测试关键词或既有排除口径,如该表仍被业务查询或接口依赖，请恢复为待确认
HIS_SOURCE,his_ready_10_10_10_15,INPBILL,INP_BILL_DETAIL_SETTLE_BK,结算退费明细,结算退费明细,系统表结构/HIS系统数据库表结构.md,按表名索引匹配，章节需人工确认,结算退费明细,待从原始表结构文档逐表精确回填,待确认,住院就诊,事实明细表,一行一张收据/结算或一条收费明细,213831,待活跃度统计,,需要验证,PATIENT_ID+VISIT_ID+RCPT_NO,否,否,建议排除,命中日志/临时/备份/错误/同步/测试关键词或既有排除口径,如该表仍被业务查询或接口依赖，请恢复为待确认
HIS_SOURCE,his_ready_10_10_10_15,INPBILL,INP_BILL_DETAIL_copy1,住院病人费用明细记录,住院病人费用明细记录,系统表结构/HIS系统数据库表结构.md,按表名索引匹配，章节需人工确认,住院病人费用明细记录,待从原始表结构文档逐表精确回填,待确认,住院就诊,中间表,一行一张收据/结算或一条收费明细,0,待活跃度统计,PATIENT_ID+VISIT_ID+ITEM_NO,PATIENT_ID+VISIT_ID+ITEM_NO,PATIENT_ID+VISIT_ID+RCPT_NO+DEPT_CODE+ORDER_NO,否,否,建议排除,命中日志/临时/备份/错误/同步/测试关键词或既有排除口径,如该表仍被业务查询或接口依赖，请恢复为待确认
HIS_SOURCE,his_ready_10_10_10_15,INPBILL,INP_BILL_DETAIL_copy2,住院病人费用明细记录,住院病人费用明细记录,系统表结构/HIS系统数据库表结构.md,按表名索引匹配，章节需人工确认,住院病人费用明细记录,待从原始表结构文档逐表精确回填,待确认,住院就诊,中间表,一行一张收据/结算或一条收费明细,0,待活跃度统计,PATIENT_ID+VISIT_ID+ITEM_NO,PATIENT_ID+VISIT_ID+ITEM_NO,PATIENT_ID+VISIT_ID+RCPT_NO+DEPT_CODE+ORDER_NO,否,否,建议排除,命中日志/临时/备份/错误/同步/测试关键词或既有排除口径,如该表仍被业务查询或接口依赖，请恢复为待确认
HIS_SOURCE,his_ready_10_10_10_15,INPBILL,INP_BILL_DETAIL_copy3,住院病人费用明细记录,住院病人费用明细记录,系统表结构/HIS系统数据库表结构.md,按表名索引匹配，章节需人工确认,住院病人费用明细记录,待从原始表结构文档逐表精确回填,待确认,住院就诊,中间表,一行一张收据/结算或一条收费明细,0,待活跃度统计,PATIENT_ID+VISIT_ID+ITEM_NO,PATIENT_ID+VISIT_ID+ITEM_NO,PATIENT_ID+VISIT_ID+RCPT_NO+DEPT_CODE+ORDER_NO,否,否,建议排除,命中日志/临时/备份/错误/同步/测试关键词或既有排除口径,如该表仍被业务查询或接口依赖，请恢复为待确认
HIS_SOURCE,his_ready_10_10_10_15,INPBILL,INP_BILL_DETAIL_copy4,,需要人工确认,系统表结构/HIS系统数据库表结构.md,按表名索引匹配，章节需人工确认,,待从原始表结构文档逐表精确回填,待确认,住院就诊,中间表,一行一张收据/结算或一条收费明细,0,待活跃度统计,PATIENT_ID+VISIT_ID+ITEM_NO,PATIENT_ID+VISIT_ID+ITEM_NO,PATIENT_ID+VISIT_ID+RCPT_NO+DEPT_CODE+ORDER_NO,否,否,建议排除,命中日志/临时/备份/错误/同步/测试关键词或既有排除口径,如该表仍被业务查询或接口依赖，请恢复为待确认
HIS_SOURCE,his_ready_10_10_10_15,INPBILL,INP_PAYMENTS_MONEY_BACKUP2025,,需要人工确认,系统表结构/HIS系统数据库表结构.md,按表名索引匹配，章节需人工确认,,待从原始表结构文档逐表精确回填,待确认,住院就诊,主数据表,一行一张收据/结算或一条收费明细,0,待活跃度统计,,需要验证,RCPT_NO,否,否,建议排除,命中日志/临时/备份/错误/同步/测试关键词或既有排除口径,如该表仍被业务查询或接口依赖，请恢复为待确认
HIS_SOURCE,his_ready_10_10_10_15,INPBILL,INP_SETTLE_DETAIL_BACKUP2025,,需要人工确认,系统表结构/HIS系统数据库表结构.md,按表名索引匹配，章节需人工确认,,待从原始表结构文档逐表精确回填,待确认,住院就诊,事实明细表,一行一张收据/结算或一条收费明细,6,待活跃度统计,,需要验证,RCPT_NO,否,否,建议排除,命中日志/临时/备份/错误/同步/测试关键词或既有排除口径,如该表仍被业务查询或接口依赖，请恢复为待确认
HIS_SOURCE,his_ready_10_10_10_15,INPBILL,INP_SETTLE_MASTER_BACKUP2025,,需要人工确认,系统表结构/HIS系统数据库表结构.md,按表名索引匹配，章节需人工确认,,待从原始表结构文档逐表精确回填,待确认,住院就诊,事实主表,一行一张收据/结算或一条收费明细,1,待活跃度统计,,需要验证,RCPT_NO+PATIENT_ID+VISIT_ID,否,否,建议排除,命中日志/临时/备份/错误/同步/测试关键词或既有排除口径,如该表仍被业务查询或接口依赖，请恢复为待确认
HIS_SOURCE,his_ready_10_10_10_15,INPBILL,INP_SETTLE_MASTER_BK,,需要人工确认,系统表结构/HIS系统数据库表结构.md,按表名索引匹配，章节需人工确认,,待从原始表结构文档逐表精确回填,待确认,住院就诊,事实主表,一行一张收据/结算或一条收费明细,1,待活跃度统计,,需要验证,RCPT_NO+PATIENT_ID+VISIT_ID,否,否,建议排除,命中日志/临时/备份/错误/同步/测试关键词或既有排除口径,如该表仍被业务查询或接口依赖，请恢复为待确认
HIS_SOURCE,his_ready_10_10_10_15,INPBILL,INP_SETTLE_MASTER_copy1,住院病人结算主记录,住院病人结算主记录,系统表结构/HIS系统数据库表结构.md,按表名索引匹配，章节需人工确认,住院病人结算主记录,待从原始表结构文档逐表精确回填,待确认,住院就诊,中间表,一行一张收据/结算或一条收费明细,0,待活跃度统计,RCPT_NO,RCPT_NO,RCPT_NO+PATIENT_ID+VISIT_ID,否,否,建议排除,命中日志/临时/备份/错误/同步/测试关键词或既有排除口径,如该表仍被业务查询或接口依赖，请恢复为待确认
HIS_SOURCE,his_ready_10_10_10_15,INPBILL,PREPAYMENT_RCPT_ADD_BACKUP2025,,需要人工确认,系统表结构/HIS系统数据库表结构.md,按表名索引匹配，章节需人工确认,,待从原始表结构文档逐表精确回填,待确认,住院就诊,主数据表,一行一张收据/结算或一条收费明细,122,待活跃度统计,,需要验证,PATIENT_ID+VISIT_ID+RCPT_NO,否,否,建议排除,命中日志/临时/备份/错误/同步/测试关键词或既有排除口径,如该表仍被业务查询或接口依赖，请恢复为待确认
HIS_SOURCE,his_ready_10_10_10_15,INPBILL,PREPAYMENT_RCPT_BACKUP2025,,需要人工确认,系统表结构/HIS系统数据库表结构.md,按表名索引匹配，章节需人工确认,,待从原始表结构文档逐表精确回填,待确认,住院就诊,主数据表,一行一张收据/结算或一条收费明细,40,待活跃度统计,,需要验证,PATIENT_ID+RCPT_NO+VISIT_ID,否,否,建议排除,命中日志/临时/备份/错误/同步/测试关键词或既有排除口径,如该表仍被业务查询或接口依赖，请恢复为待确认
HIS_SOURCE,his_ready_10_10_10_15,INPBILL,PREPAYMENT_RCPT_BK,,需要人工确认,系统表结构/HIS系统数据库表结构.md,按表名索引匹配，章节需人工确认,,待从原始表结构文档逐表精确回填,待确认,住院就诊,主数据表,一行一张收据/结算或一条收费明细,94,待活跃度统计,,需要验证,PATIENT_ID+RCPT_NO+VISIT_ID,否,否,建议排除,命中日志/临时/备份/错误/同步/测试关键词或既有排除口径,如该表仍被业务查询或接口依赖，请恢复为待确认
HIS_SOURCE,his_ready_10_10_10_15,INPBILL,PREPAYMENT_RCPT_copy1,预交金记录,预交金记录,系统表结构/HIS系统数据库表结构.md,按表名索引匹配，章节需人工确认,预交金记录,待从原始表结构文档逐表精确回填,待确认,住院就诊,中间表,一行一张收据/结算或一条收费明细,20,待活跃度统计,RCPT_NO,RCPT_NO,PATIENT_ID+RCPT_NO+VISIT_ID,否,否,建议排除,命中日志/临时/备份/错误/同步/测试关键词或既有排除口径,如该表仍被业务查询或接口依赖，请恢复为待确认
HIS_SOURCE,his_ready_10_10_10_15,INPBILL,PREPAY_ACCT_BK,,需要人工确认,系统表结构/HIS系统数据库表结构.md,按表名索引匹配，章节需人工确认,,待从原始表结构文档逐表精确回填,待确认,住院就诊,主数据表,一行一张收据/结算或一条收费明细,2,待活跃度统计,,需要验证,,否,否,建议排除,命中日志/临时/备份/错误/同步/测试关键词或既有排除口径,如该表仍被业务查询或接口依赖，请恢复为待确认
HIS_SOURCE,his_ready_10_10_10_15,INPBILL,PREPAY_ACCT_MONEY_BK,,需要人工确认,系统表结构/HIS系统数据库表结构.md,按表名索引匹配，章节需人工确认,,待从原始表结构文档逐表精确回填,待确认,住院就诊,主数据表,一行一张收据/结算或一条收费明细,2,待活跃度统计,,需要验证,,否,否,建议排除,命中日志/临时/备份/错误/同步/测试关键词或既有排除口径,如该表仍被业务查询或接口依赖，请恢复为待确认
HIS_SOURCE,his_ready_10_10_10_15,INPBILL,TMP_030418BILL_DETAIL202605,,需要人工确认,系统表结构/HIS系统数据库表结构.md,按表名索引匹配，章节需人工确认,,待从原始表结构文档逐表精确回填,待确认,住院就诊,事实明细表,一行一张收据/结算或一条收费明细,11171,待活跃度统计,,需要验证,PATIENT_ID+VISIT_ID+RCPT_NO+DEPT_CODE+ORDER_NO,否,否,建议排除,命中日志/临时/备份/错误/同步/测试关键词或既有排除口径,如该表仍被业务查询或接口依赖，请恢复为待确认
HIS_SOURCE,his_ready_10_10_10_15,LAB,INTERFACE,,需要人工确认,系统表结构/HIS系统数据库表结构.md,按表名索引匹配，章节需人工确认,,待从原始表结构文档逐表精确回填,待确认,检验,主数据表,需要人工确认,0,待活跃度统计,CNT_TYPE,CNT_TYPE,,否,否,建议排除,命中日志/临时/备份/错误/同步/测试关键词或既有排除口径,如该表仍被业务查询或接口依赖，请恢复为待确认
HIS_SOURCE,his_ready_10_10_10_15,LAB,LAB_DEPT_TEST_DAY,检验工作量日统计,检验工作量日统计,系统表结构/HIS系统数据库表结构.md,按表名索引匹配，章节需人工确认,检验工作量日统计,待从原始表结构文档逐表精确回填,待确认,检验,中间表,需要人工确认,0,待活跃度统计,ST_DATE+ITEM_CODE+ASSAY_DEPT_CODE+ORDERING_DEPT_CODE,ST_DATE+ORDERING_DEPT_CODE+ASSAY_DEPT_CODE+ITEM_CODE,,否,否,建议排除,命中日志/临时/备份/错误/同步/测试关键词或既有排除口径,如该表仍被业务查询或接口依赖，请恢复为待确认
HIS_SOURCE,his_ready_10_10_10_15,LAB,LAB_DEPT_TEST_MONTH,检验工作量月统计,检验工作量月统计,系统表结构/HIS系统数据库表结构.md,按表名索引匹配，章节需人工确认,检验工作量月统计,待从原始表结构文档逐表精确回填,待确认,检验,中间表,需要人工确认,0,待活跃度统计,ST_MONTH+ITEM_CODE+ASSAY_DEPT_CODE+ORDERING_DEPT_CODE,ST_MONTH+ORDERING_DEPT_CODE+ASSAY_DEPT_CODE+ITEM_CODE,,否,否,建议排除,命中日志/临时/备份/错误/同步/测试关键词或既有排除口径,如该表仍被业务查询或接口依赖，请恢复为待确认
HIS_SOURCE,his_ready_10_10_10_15,LAB,LAB_RESULT_TEMP,临时检验结果,临时检验结果,系统表结构/HIS系统数据库表结构.md,按表名索引匹配，章节需人工确认,临时检验结果,待从原始表结构文档逐表精确回填,待确认,检验,中间表,一行一个检验结果项目,0,待活跃度统计,WORKING_ID+ITEM_NO+RESULT_DATE_TIME,WORKING_ID+ITEM_NO+RESULT_DATE_TIME,,否,否,建议排除,命中日志/临时/备份/错误/同步/测试关键词或既有排除口径,如该表仍被业务查询或接口依赖，请恢复为待确认
HIS_SOURCE,his_ready_10_10_10_15,LAB,LAB_TEST_BATCH_MASTER,核酸登记主记录,核酸登记主记录,系统表结构/HIS系统数据库表结构.md,按表名索引匹配，章节需人工确认,核酸登记主记录,待从原始表结构文档逐表精确回填,待确认,检验,中间表,需要人工确认,429317,待活跃度统计,BATCH_TEST_NO+TEST_NO,BATCH_TEST_NO+TEST_NO,TEST_NO+PATIENT_ID+VISIT_ID,否,否,建议排除,命中日志/临时/备份/错误/同步/测试关键词或既有排除口径,如该表仍被业务查询或接口依赖，请恢复为待确认
HIS_SOURCE,his_ready_10_10_10_15,LAB,LOGINS,,需要人工确认,系统表结构/HIS系统数据库表结构.md,按表名索引匹配，章节需人工确认,,待从原始表结构文档逐表精确回填,待确认,检验,主数据表,需要人工确认,0,待活跃度统计,,需要验证,,否,否,建议排除,命中日志/临时/备份/错误/同步/测试关键词或既有排除口径,如该表仍被业务查询或接口依赖，请恢复为待确认
HIS_SOURCE,his_ready_10_10_10_15,LAB,RUIMEI_INSERT_DATA_WZ,,需要人工确认,系统表结构/HIS系统数据库表结构.md,按表名索引匹配，章节需人工确认,,待从原始表结构文档逐表精确回填,待确认,检验,主数据表,需要人工确认,22062711,待活跃度统计,,需要验证,TEST_NO,否,否,建议排除,命中日志/临时/备份/错误/同步/测试关键词或既有排除口径,如该表仍被业务查询或接口依赖，请恢复为待确认
HIS_SOURCE,his_ready_10_10_10_15,MEDADM,BEDPATS_IN_HOSPITAL_BACKUP2025,,需要人工确认,系统表结构/HIS系统数据库表结构.md,按表名索引匹配，章节需人工确认,,待从原始表结构文档逐表精确回填,待确认,住院就诊,主数据表,一行一次住院就诊,31,待活跃度统计,,需要验证,PATIENT_ID+VISIT_ID+DEPT_CODE,否,否,建议排除,命中日志/临时/备份/错误/同步/测试关键词或既有排除口径,如该表仍被业务查询或接口依赖，请恢复为待确认
HIS_SOURCE,his_ready_10_10_10_15,MEDADM,DEPT_ADT_DAY,科室伤病员流动日统计记录,科室伤病员流动日统计记录,系统表结构/HIS系统数据库表结构.md,按表名索引匹配，章节需人工确认,科室伤病员流动日统计记录,待从原始表结构文档逐表精确回填,待确认,住院就诊,主数据表,需要人工确认,438316,待活跃度统计,ST_DATE+DEPT_CODE+IDENTITY,ST_DATE+DEPT_CODE+IDENTITY,DEPT_CODE,否,否,建议排除,命中日志/临时/备份/错误/同步/测试关键词或既有排除口径,如该表仍被业务查询或接口依赖，请恢复为待确认
HIS_SOURCE,his_ready_10_10_10_15,MEDADM,DEPT_ASST_DAY,辅诊辅疗工作量日统计记录,辅诊辅疗工作量日统计记录,系统表结构/HIS系统数据库表结构.md,按表名索引匹配，章节需人工确认,辅诊辅疗工作量日统计记录,待从原始表结构文档逐表精确回填,待确认,科室字典,主数据表,需要人工确认,0,待活跃度统计,ST_DATE+DEPT_CODE+ITEM_CODE,ST_DATE+DEPT_CODE+ITEM_CODE,DEPT_CODE,否,否,建议排除,命中日志/临时/备份/错误/同步/测试关键词或既有排除口径,如该表仍被业务查询或接口依赖，请恢复为待确认
HIS_SOURCE,his_ready_10_10_10_15,MEDADM,DEPT_EXAM_DAY,特诊检查工作量日统计记录,特诊检查工作量日统计记录,系统表结构/HIS系统数据库表结构.md,按表名索引匹配，章节需人工确认,特诊检查工作量日统计记录,待从原始表结构文档逐表精确回填,待确认,检查,主数据表,需要人工确认,3622,待活跃度统计,ST_DATE+DEPT_CODE+EXAM_CLASS+EXAM_SUB_CLASS,ST_DATE+DEPT_CODE+EXAM_CLASS+EXAM_SUB_CLASS,DEPT_CODE,否,否,建议排除,命中日志/临时/备份/错误/同步/测试关键词或既有排除口径,如该表仍被业务查询或接口依赖，请恢复为待确认
HIS_SOURCE,his_ready_10_10_10_15,MEDADM,DEPT_LOAD_DAY,住院科室工作负荷日统计记录,住院科室工作负荷日统计记录,系统表结构/HIS系统数据库表结构.md,按表名索引匹配，章节需人工确认,住院科室工作负荷日统计记录,待从原始表结构文档逐表精确回填,待确认,住院就诊,主数据表,需要人工确认,458833,待活跃度统计,ST_DATE+DEPT_CODE,ST_DATE+DEPT_CODE,DEPT_CODE,否,否,建议排除,命中日志/临时/备份/错误/同步/测试关键词或既有排除口径,如该表仍被业务查询或接口依赖，请恢复为待确认
HIS_SOURCE,his_ready_10_10_10_15,MEDADM,DEPT_NURSE_DAY,,需要人工确认,系统表结构/HIS系统数据库表结构.md,按表名索引匹配，章节需人工确认,,待从原始表结构文档逐表精确回填,待确认,护理,主数据表,需要人工确认,417888,待活跃度统计,ST_DATE+DEPT_CODE+ITEM_CODE+ITEM_NAME+ITEM_SPEC+UNITS,ST_DATE+DEPT_CODE+ITEM_CODE+ITEM_NAME+ITEM_SPEC+UNITS,DEPT_CODE,否,否,建议排除,命中日志/临时/备份/错误/同步/测试关键词或既有排除口径,如该表仍被业务查询或接口依赖，请恢复为待确认
HIS_SOURCE,his_ready_10_10_10_15,MEDADM,DEPT_OPERATION_DAY,,需要人工确认,系统表结构/HIS系统数据库表结构.md,按表名索引匹配，章节需人工确认,,待从原始表结构文档逐表精确回填,待确认,手术,主数据表,需要人工确认,38342,待活跃度统计,ST_DATE+DEPT_CODE+OUTP_OR_INP,ST_DATE+DEPT_CODE+OUTP_OR_INP,DEPT_CODE,否,否,建议排除,命中日志/临时/备份/错误/同步/测试关键词或既有排除口径,如该表仍被业务查询或接口依赖，请恢复为待确认
HIS_SOURCE,his_ready_10_10_10_15,MEDADM,DEPT_OUTP_NUM_DAY,科室门诊工作量日统计记录,科室门诊工作量日统计记录,系统表结构/HIS系统数据库表结构.md,按表名索引匹配，章节需人工确认,科室门诊工作量日统计记录,待从原始表结构文档逐表精确回填,待确认,门诊就诊,主数据表,需要人工确认,107758,待活跃度统计,,需要验证,DEPT_CODE,否,否,建议排除,命中日志/临时/备份/错误/同步/测试关键词或既有排除口径,如该表仍被业务查询或接口依赖，请恢复为待确认
HIS_SOURCE,his_ready_10_10_10_15,MEDADM,DEPT_TEST_DAY,检验工作量日统计记录,检验工作量日统计记录,系统表结构/HIS系统数据库表结构.md,按表名索引匹配，章节需人工确认,检验工作量日统计记录,待从原始表结构文档逐表精确回填,待确认,检验,中间表,需要人工确认,205166,待活跃度统计,ST_DATE+DEPT_CODE+ITEM_CLASS+ITEM_CODE,ST_DATE+DEPT_CODE+ITEM_CLASS+ITEM_CODE,DEPT_CODE,否,否,建议排除,命中日志/临时/备份/错误/同步/测试关键词或既有排除口径,如该表仍被业务查询或接口依赖，请恢复为待确认
HIS_SOURCE,his_ready_10_10_10_15,MEDADM,DEPT_TEST_DAY_NEW,,需要人工确认,系统表结构/HIS系统数据库表结构.md,按表名索引匹配，章节需人工确认,,待从原始表结构文档逐表精确回填,待确认,检验,中间表,需要人工确认,403745,待活跃度统计,ST_DATE+PERFORMED_BY+ORDERED_BY+SPECIMEN+SUBJECT,ST_DATE+PERFORMED_BY+ORDERED_BY+SPECIMEN+SUBJECT,,否,否,建议排除,命中日志/临时/备份/错误/同步/测试关键词或既有排除口径,如该表仍被业务查询或接口依赖，请恢复为待确认
HIS_SOURCE,his_ready_10_10_10_15,MEDADM,DEPT_TREATE_DAY,,需要人工确认,系统表结构/HIS系统数据库表结构.md,按表名索引匹配，章节需人工确认,,待从原始表结构文档逐表精确回填,待确认,科室字典,主数据表,需要人工确认,2682672,待活跃度统计,ST_DATE+DEPT_CODE+ITEM_CODE+ITEM_NAME+ITEM_SPEC+UNITS,ST_DATE+DEPT_CODE+ITEM_CODE+ITEM_NAME+ITEM_SPEC+UNITS,DEPT_CODE,否,否,建议排除,命中日志/临时/备份/错误/同步/测试关键词或既有排除口径,如该表仍被业务查询或接口依赖，请恢复为待确认
HIS_SOURCE,his_ready_10_10_10_15,MEDADM,EMER120_DAY,120急救工作日记录,120急救工作日记录,系统表结构/HIS系统数据库表结构.md,按表名索引匹配，章节需人工确认,120急救工作日记录,待从原始表结构文档逐表精确回填,待确认,住院就诊,主数据表,需要人工确认,0,待活跃度统计,ST_DATE,ST_DATE,,否,否,建议排除,命中日志/临时/备份/错误/同步/测试关键词或既有排除口径,如该表仍被业务查询或接口依赖，请恢复为待确认
HIS_SOURCE,his_ready_10_10_10_15,MEDADM,EMERGENCY_DAY,急诊工作日统计记录,急诊工作日统计记录,系统表结构/HIS系统数据库表结构.md,按表名索引匹配，章节需人工确认,急诊工作日统计记录,待从原始表结构文档逐表精确回填,待确认,住院就诊,主数据表,需要人工确认,4606,待活跃度统计,ST_DATE+DEPT_CODE+IDENTITY,ST_DATE+DEPT_CODE+IDENTITY,DEPT_CODE,否,否,建议排除,命中日志/临时/备份/错误/同步/测试关键词或既有排除口径,如该表仍被业务查询或接口依赖，请恢复为待确认
HIS_SOURCE,his_ready_10_10_10_15,MEDADM,QU_TEST_DEPT,检验工作量月统计记录,检验工作量月统计记录,系统表结构/HIS系统数据库表结构.md,按表名索引匹配，章节需人工确认,检验工作量月统计记录,待从原始表结构文档逐表精确回填,待确认,检验,中间表,需要人工确认,0,待活跃度统计,YEAR_MONTH+DEPT_CODE+ITEM_CLASS+ITEM_CODE,YEAR_MONTH+DEPT_CODE+ITEM_CLASS+ITEM_CODE,DEPT_CODE,否,否,建议排除,命中日志/临时/备份/错误/同步/测试关键词或既有排除口径,如该表仍被业务查询或接口依赖，请恢复为待确认
HIS_SOURCE,his_ready_10_10_10_15,MEDADM,SPT_SHARINGCENTER_STATISTICS,省检验互认平台数据统计,省检验互认平台数据统计,系统表结构/HIS系统数据库表结构.md,按表名索引匹配，章节需人工确认,省检验互认平台数据统计,待从原始表结构文档逐表精确回填,待确认,住院就诊,主数据表,需要人工确认,162948,待活跃度统计,,需要验证,DEPT_CODE,否,否,建议排除,命中日志/临时/备份/错误/同步/测试关键词或既有排除口径,如该表仍被业务查询或接口依赖，请恢复为待确认
HIS_SOURCE,his_ready_10_10_10_15,MEDADM,ST_DEPT_TECH,,需要人工确认,系统表结构/HIS系统数据库表结构.md,按表名索引匹配，章节需人工确认,,待从原始表结构文档逐表精确回填,待确认,科室字典,主数据表,需要人工确认,0,待活跃度统计,,需要验证,,否,否,建议排除,命中日志/临时/备份/错误/同步/测试关键词或既有排除口径,如该表仍被业务查询或接口依赖，请恢复为待确认
HIS_SOURCE,his_ready_10_10_10_15,MEDADM,ST_DEPT_TECH_DATA,,需要人工确认,系统表结构/HIS系统数据库表结构.md,按表名索引匹配，章节需人工确认,,待从原始表结构文档逐表精确回填,待确认,科室字典,主数据表,需要人工确认,0,待活跃度统计,,需要验证,,否,否,建议排除,命中日志/临时/备份/错误/同步/测试关键词或既有排除口径,如该表仍被业务查询或接口依赖，请恢复为待确认
HIS_SOURCE,his_ready_10_10_10_15,MEDADM,ST_DEPT_TECH_PROJ,,需要人工确认,系统表结构/HIS系统数据库表结构.md,按表名索引匹配，章节需人工确认,,待从原始表结构文档逐表精确回填,待确认,科室字典,主数据表,需要人工确认,0,待活跃度统计,,需要验证,,否,否,建议排除,命中日志/临时/备份/错误/同步/测试关键词或既有排除口径,如该表仍被业务查询或接口依赖，请恢复为待确认
HIS_SOURCE,his_ready_10_10_10_15,MEDADM,ST_DISPENSE,,需要人工确认,系统表结构/HIS系统数据库表结构.md,按表名索引匹配，章节需人工确认,,待从原始表结构文档逐表精确回填,待确认,药品,主数据表,需要人工确认,1052,待活跃度统计,ST_DATE+DEPT_CODE,ST_DATE+DEPT_CODE,DEPT_CODE,否,否,建议排除,命中日志/临时/备份/错误/同步/测试关键词或既有排除口径,如该表仍被业务查询或接口依赖，请恢复为待确认
HIS_SOURCE,his_ready_10_10_10_15,MEDADM,ST_EXAM,,需要人工确认,系统表结构/HIS系统数据库表结构.md,按表名索引匹配，章节需人工确认,,待从原始表结构文档逐表精确回填,待确认,检查,主数据表,需要人工确认,6360,待活跃度统计,ST_DATE+DEPT_CODE+EXAM_CLASS+EXAM_SUB_CLASS,ST_DATE+DEPT_CODE+EXAM_CLASS+EXAM_SUB_CLASS,DEPT_CODE,否,否,建议排除,命中日志/临时/备份/错误/同步/测试关键词或既有排除口径,如该表仍被业务查询或接口依赖，请恢复为待确认
HIS_SOURCE,his_ready_10_10_10_15,MEDADM,ST_IND_BILL_DAY,,需要人工确认,系统表结构/HIS系统数据库表结构.md,按表名索引匹配，章节需人工确认,,待从原始表结构文档逐表精确回填,待确认,费用收费,主数据表,一行一张收据/结算或一条收费明细,22407553,待活跃度统计,ST_DATE+ORDERED_BY+PERFORMED_BY+CHARGE_TYPE+PAT_IDENTITY+ITEM_CLASS+CLASS_ON_INP_RCPT+CLASS_ON_RECKONING,ST_DATE+ORDERED_BY+PERFORMED_BY+CHARGE_TYPE+PAT_IDENTITY+ITEM_CLASS+CLASS_ON_INP_RCPT+CLASS_ON_RECKONING+SUBJ_CODE+CLASS_ON_MR,,否,否,建议排除,命中日志/临时/备份/错误/同步/测试关键词或既有排除口径,如该表仍被业务查询或接口依赖，请恢复为待确认
HIS_SOURCE,his_ready_10_10_10_15,MEDADM,ST_INP_ED_DOCTOR_DAY,,需要人工确认,系统表结构/HIS系统数据库表结构.md,按表名索引匹配，章节需人工确认,,待从原始表结构文档逐表精确回填,待确认,住院就诊,主数据表,需要人工确认,14426714,待活跃度统计,ST_DATE+PERFORM_DOCTOR+PERFORMED_BY+ITEM_CLASS+ITEM_NAME+ITEM_CODE+ITEM_SPEC+UNITS,ST_DATE+PERFORM_DOCTOR+PERFORMED_BY+ITEM_CLASS+ITEM_NAME+ITEM_CODE+ITEM_SPEC+UNITS,,否,否,建议排除,命中日志/临时/备份/错误/同步/测试关键词或既有排除口径,如该表仍被业务查询或接口依赖，请恢复为待确认
HIS_SOURCE,his_ready_10_10_10_15,MEDADM,ST_INP_OD_DOCTOR_DAY,,需要人工确认,系统表结构/HIS系统数据库表结构.md,按表名索引匹配，章节需人工确认,,待从原始表结构文档逐表精确回填,待确认,住院就诊,主数据表,需要人工确认,35737999,待活跃度统计,ST_DATE+ORDER_DOCTOR+ORDERED_BY+ITEM_CLASS+ITEM_NAME+ITEM_CODE+ITEM_SPEC+UNITS,ST_DATE+ORDER_DOCTOR+ORDERED_BY+ITEM_CLASS+ITEM_NAME+ITEM_CODE+ITEM_SPEC+UNITS,,否,否,建议排除,命中日志/临时/备份/错误/同步/测试关键词或既有排除口径,如该表仍被业务查询或接口依赖，请恢复为待确认
HIS_SOURCE,his_ready_10_10_10_15,MEDADM,ST_INSUR_FEE_DAY,住院医保费用合计表,住院医保费用合计表,系统表结构/HIS系统数据库表结构.md,按表名索引匹配，章节需人工确认,住院医保费用合计表,待从原始表结构文档逐表精确回填,待确认,住院就诊,主数据表,需要人工确认,13443,待活跃度统计,ST_DATE+CHARGE_TYPE,ST_DATE+CHARGE_TYPE,,否,否,建议排除,命中日志/临时/备份/错误/同步/测试关键词或既有排除口径,如该表仍被业务查询或接口依赖，请恢复为待确认
HIS_SOURCE,his_ready_10_10_10_15,MEDADM,ST_LAB,,需要人工确认,系统表结构/HIS系统数据库表结构.md,按表名索引匹配，章节需人工确认,,待从原始表结构文档逐表精确回填,待确认,检验,主数据表,需要人工确认,1813,待活跃度统计,ST_DATE+DEPT_CODE+LAB_CLASS,ST_DATE+DEPT_CODE+LAB_CLASS,DEPT_CODE,否,否,建议排除,命中日志/临时/备份/错误/同步/测试关键词或既有排除口径,如该表仍被业务查询或接口依赖，请恢复为待确认
HIS_SOURCE,his_ready_10_10_10_15,MEDADM,ST_OUTD_BILL_DAY,,需要人工确认,系统表结构/HIS系统数据库表结构.md,按表名索引匹配，章节需人工确认,,待从原始表结构文档逐表精确回填,待确认,费用收费,主数据表,一行一张收据/结算或一条收费明细,1600378,待活跃度统计,ST_DATE+ORDERED_BY+PERFORMED_BY+CHARGE_TYPE+PAT_IDENTITY+ITEM_CLASS+CLASS_ON_OUTP_RCPT+CLASS_ON_RECKONING,ST_DATE+ORDERED_BY+PERFORMED_BY+CHARGE_TYPE+PAT_IDENTITY+ITEM_CLASS+CLASS_ON_OUTP_RCPT+CLASS_ON_RECKONING+SUBJ_CODE,,否,否,建议排除,命中日志/临时/备份/错误/同步/测试关键词或既有排除口径,如该表仍被业务查询或接口依赖，请恢复为待确认
HIS_SOURCE,his_ready_10_10_10_15,MEDADM,ST_OUTP_ED_DOCTOR_DAY,,需要人工确认,系统表结构/HIS系统数据库表结构.md,按表名索引匹配，章节需人工确认,,待从原始表结构文档逐表精确回填,待确认,门诊就诊,主数据表,需要人工确认,2291720,待活跃度统计,ST_DATE+PERFORM_DOCTOR+PERFORMED_BY+ITEM_CLASS+ITEM_NAME+ITEM_CODE+ITEM_SPEC+UNITS,ST_DATE+PERFORM_DOCTOR+PERFORMED_BY+ITEM_CLASS+ITEM_NAME+ITEM_CODE+ITEM_SPEC+UNITS,,否,否,建议排除,命中日志/临时/备份/错误/同步/测试关键词或既有排除口径,如该表仍被业务查询或接口依赖，请恢复为待确认
HIS_SOURCE,his_ready_10_10_10_15,MEDADM,ST_OUTP_OD_DOCTOR_DAY,,需要人工确认,系统表结构/HIS系统数据库表结构.md,按表名索引匹配，章节需人工确认,,待从原始表结构文档逐表精确回填,待确认,门诊就诊,主数据表,需要人工确认,6278010,待活跃度统计,ST_DATE+ORDER_DOCTOR+ORDERED_BY+ITEM_CLASS+ITEM_NAME+ITEM_CODE+ITEM_SPEC+UNITS,ST_DATE+ORDER_DOCTOR+ORDERED_BY+ITEM_CLASS+ITEM_NAME+ITEM_CODE+ITEM_SPEC+UNITS,,否,否,建议排除,命中日志/临时/备份/错误/同步/测试关键词或既有排除口径,如该表仍被业务查询或接口依赖，请恢复为待确认
HIS_SOURCE,his_ready_10_10_10_15,MEDADM,ST_OUTSYS_DATA,,需要人工确认,系统表结构/HIS系统数据库表结构.md,按表名索引匹配，章节需人工确认,,待从原始表结构文档逐表精确回填,待确认,住院就诊,主数据表,需要人工确认,0,待活跃度统计,,需要验证,,否,否,建议排除,命中日志/临时/备份/错误/同步/测试关键词或既有排除口径,如该表仍被业务查询或接口依赖，请恢复为待确认
HIS_SOURCE,his_ready_10_10_10_15,MEDADM,ST_OUTSYS_PROJ,,需要人工确认,系统表结构/HIS系统数据库表结构.md,按表名索引匹配，章节需人工确认,,待从原始表结构文档逐表精确回填,待确认,住院就诊,主数据表,需要人工确认,0,待活跃度统计,,需要验证,,否,否,建议排除,命中日志/临时/备份/错误/同步/测试关键词或既有排除口径,如该表仍被业务查询或接口依赖，请恢复为待确认
HIS_SOURCE,his_ready_10_10_10_15,MEDADM,WAED_ADT_DAY,护理伤病员流动日统计记录,护理伤病员流动日统计记录,系统表结构/HIS系统数据库表结构.md,按表名索引匹配，章节需人工确认,护理伤病员流动日统计记录,待从原始表结构文档逐表精确回填,待确认,住院就诊,主数据表,需要人工确认,100649,待活跃度统计,,需要验证,DEPT_CODE,否,否,建议排除,命中日志/临时/备份/错误/同步/测试关键词或既有排除口径,如该表仍被业务查询或接口依赖，请恢复为待确认
HIS_SOURCE,his_ready_10_10_10_15,MEDREC,AUTH_LOG,,需要人工确认,系统表结构/HIS系统数据库表结构.md,按表名索引匹配，章节需人工确认,,待从原始表结构文档逐表精确回填,待确认,住院就诊,主数据表,需要人工确认,0,待活跃度统计,SERIAL_NO,SERIAL_NO,VISIT_ID,否,否,建议排除,命中日志/临时/备份/错误/同步/测试关键词或既有排除口径,如该表仍被业务查询或接口依赖，请恢复为待确认
HIS_SOURCE,his_ready_10_10_10_15,MEDREC,DIAGNOSIS_BACKUP2025,,需要人工确认,系统表结构/HIS系统数据库表结构.md,按表名索引匹配，章节需人工确认,,待从原始表结构文档逐表精确回填,待确认,诊断,主数据表,一行一条诊断,6,待活跃度统计,,需要验证,PATIENT_ID+VISIT_ID+DOCTOR_CODE,否,否,建议排除,命中日志/临时/备份/错误/同步/测试关键词或既有排除口径,如该表仍被业务查询或接口依赖，请恢复为待确认
HIS_SOURCE,his_ready_10_10_10_15,MEDREC,DIAGNOSIS_BK,,需要人工确认,系统表结构/HIS系统数据库表结构.md,按表名索引匹配，章节需人工确认,,待从原始表结构文档逐表精确回填,待确认,诊断,主数据表,一行一条诊断,2009348,待活跃度统计,,需要验证,PATIENT_ID+VISIT_ID,否,否,建议排除,命中日志/临时/备份/错误/同步/测试关键词或既有排除口径,如该表仍被业务查询或接口依赖，请恢复为待确认
HIS_SOURCE,his_ready_10_10_10_15,MEDREC,INPNO_MODIFY_LOG,修改住院号记录,修改住院号记录,系统表结构/HIS系统数据库表结构.md,按表名索引匹配，章节需人工确认,修改住院号记录,待从原始表结构文档逐表精确回填,待确认,住院就诊,主数据表,需要人工确认,3,待活跃度统计,OLD_INP_NO+NEW_INP_NO+MODIFY_DATE,OLD_INP_NO+NEW_INP_NO+MODIFY_DATE,,否,否,建议排除,命中日志/临时/备份/错误/同步/测试关键词或既有排除口径,如该表仍被业务查询或接口依赖，请恢复为待确认
HIS_SOURCE,his_ready_10_10_10_15,MEDREC,MEDICAL_CARD_LOG,医疗卡变更日志,医疗卡变更日志,系统表结构/HIS系统数据库表结构.md,按表名索引匹配，章节需人工确认,医疗卡变更日志,待从原始表结构文档逐表精确回填,待确认,住院就诊,日志表,需要人工确认,1957919,待活跃度统计,CARD_NO+CHANGE_DATE,CARD_NO+CHANGE_DATE,,否,否,建议排除,命中日志/临时/备份/错误/同步/测试关键词或既有排除口径,如该表仍被业务查询或接口依赖，请恢复为待确认
HIS_SOURCE,his_ready_10_10_10_15,MEDREC,MR_COPY_REC,病案复印记录,病案复印记录,系统表结构/HIS系统数据库表结构.md,按表名索引匹配，章节需人工确认,病案复印记录,待从原始表结构文档逐表精确回填,待确认,住院就诊,中间表,需要人工确认,0,待活跃度统计,MR_CLASS+MR_NO+COPY_DATE,MR_CLASS+MR_NO+COPY_DATE,DEPT_CODE,否,否,建议排除,命中日志/临时/备份/错误/同步/测试关键词或既有排除口径,如该表仍被业务查询或接口依赖，请恢复为待确认
HIS_SOURCE,his_ready_10_10_10_15,MEDREC,MR_READ_LOG,病案阅读记录,病案阅读记录,系统表结构/HIS系统数据库表结构.md,按表名索引匹配，章节需人工确认,病案阅读记录,待从原始表结构文档逐表精确回填,待确认,住院就诊,主数据表,需要人工确认,0,待活跃度统计,PATIENT_ID+VISIT_ID+REQUISITION_DATE+REQUISITION_DEPT,PATIENT_ID+VISIT_ID+REQUISITION_DATE+REQUISITION_DEPT,PATIENT_ID+VISIT_ID,否,否,建议排除,命中日志/临时/备份/错误/同步/测试关键词或既有排除口径,如该表仍被业务查询或接口依赖，请恢复为待确认
HIS_SOURCE,his_ready_10_10_10_15,MEDREC,MR_TEMPLET_INDEX,病历模板索引,病历模板索引,系统表结构/HIS系统数据库表结构.md,按表名索引匹配，章节需人工确认,病历模板索引,待从原始表结构文档逐表精确回填,待确认,病历文书,主数据表,需要人工确认,0,待活跃度统计,TEMPLET_ID,TEMPLET_ID,DEPT_CODE,否,否,建议排除,命中日志/临时/备份/错误/同步/测试关键词或既有排除口径,如该表仍被业务查询或接口依赖，请恢复为待确认
HIS_SOURCE,his_ready_10_10_10_15,MEDREC,MR_TEMPLET_SELECTION,病历模板选择,病历模板选择,系统表结构/HIS系统数据库表结构.md,按表名索引匹配，章节需人工确认,病历模板选择,待从原始表结构文档逐表精确回填,待确认,病历文书,主数据表,需要人工确认,0,待活跃度统计,USER_NAME+TEMPLET_ID,USER_NAME+TEMPLET_ID,,否,否,建议排除,命中日志/临时/备份/错误/同步/测试关键词或既有排除口径,如该表仍被业务查询或接口依赖，请恢复为待确认
HIS_SOURCE,his_ready_10_10_10_15,MEDREC,MR_TRACE_LOG,病案追踪日志,病案追踪日志,系统表结构/HIS系统数据库表结构.md,按表名索引匹配，章节需人工确认,病案追踪日志,待从原始表结构文档逐表精确回填,待确认,住院就诊,日志表,需要人工确认,0,待活跃度统计,MR_CLASS+MR_NO+RELEASED_DATE_TIME,MR_CLASS+MR_NO+RELEASED_DATE_TIME,VISIT_ID,否,否,建议排除,命中日志/临时/备份/错误/同步/测试关键词或既有排除口径,如该表仍被业务查询或接口依赖，请恢复为待确认
HIS_SOURCE,his_ready_10_10_10_15,MEDREC,MR_WT2_INTERFACE,卫统2接口表（医院职工）,卫统2接口表（医院职工）,系统表结构/HIS系统数据库表结构.md,按表名索引匹配，章节需人工确认,卫统2接口表（医院职工）,待从原始表结构文档逐表精确回填,待确认,住院就诊,主数据表,需要人工确认,0,待活跃度统计,USERNAME+ZFZJLB+SFZHM,USERNAME+ZFZJLB+SFZHM,,否,否,建议排除,命中日志/临时/备份/错误/同步/测试关键词或既有排除口径,如该表仍被业务查询或接口依赖，请恢复为待确认
HIS_SOURCE,his_ready_10_10_10_15,MEDREC,MR_WT3_INTERFACE,卫统3表（医院设备）,卫统3表（医院设备）,系统表结构/HIS系统数据库表结构.md,按表名索引匹配，章节需人工确认,卫统3表（医院设备）,待从原始表结构文档逐表精确回填,待确认,住院就诊,主数据表,需要人工确认,0,待活跃度统计,SBDH,SBDH,,否,否,建议排除,命中日志/临时/备份/错误/同步/测试关键词或既有排除口径,如该表仍被业务查询或接口依赖，请恢复为待确认
HIS_SOURCE,his_ready_10_10_10_15,MEDREC,MR_WT4_1_INTERFACE,卫统4-1接口表,卫统4-1接口表,系统表结构/HIS系统数据库表结构.md,按表名索引匹配，章节需人工确认,卫统4-1接口表,待从原始表结构文档逐表精确回填,待确认,住院就诊,主数据表,需要人工确认,0,待活跃度统计,ZYCS+BAH,BAH+ZYCS,,否,否,建议排除,命中日志/临时/备份/错误/同步/测试关键词或既有排除口径,如该表仍被业务查询或接口依赖，请恢复为待确认
HIS_SOURCE,his_ready_10_10_10_15,MEDREC,MR_WT4_2_INTERFACE,,需要人工确认,系统表结构/HIS系统数据库表结构.md,按表名索引匹配，章节需人工确认,,待从原始表结构文档逐表精确回填,待确认,住院就诊,主数据表,需要人工确认,0,待活跃度统计,ZYCS+BAH,BAH+ZYCS,,否,否,建议排除,命中日志/临时/备份/错误/同步/测试关键词或既有排除口径,如该表仍被业务查询或接口依赖，请恢复为待确认
HIS_SOURCE,his_ready_10_10_10_15,MEDREC,MR_WT4_INTERFACE,卫统4接口表（医院患者）,卫统4接口表（医院患者）,系统表结构/HIS系统数据库表结构.md,按表名索引匹配，章节需人工确认,卫统4接口表（医院患者）,待从原始表结构文档逐表精确回填,待确认,住院就诊,主数据表,需要人工确认,0,待活跃度统计,ZYCS+BAH+RYRQ,BAH+ZYCS+RYRQ,,否,否,建议排除,命中日志/临时/备份/错误/同步/测试关键词或既有排除口径,如该表仍被业务查询或接口依赖，请恢复为待确认
HIS_SOURCE,his_ready_10_10_10_15,MEDREC,MR_WT5_INTERFACE,卫统5接口表（医院患者）,卫统5接口表（医院患者）,系统表结构/HIS系统数据库表结构.md,按表名索引匹配，章节需人工确认,卫统5接口表（医院患者）,待从原始表结构文档逐表精确回填,待确认,住院就诊,主数据表,需要人工确认,0,待活跃度统计,S0102+S0103,S0103+S0102,,否,否,建议排除,命中日志/临时/备份/错误/同步/测试关键词或既有排除口径,如该表仍被业务查询或接口依赖，请恢复为待确认
HIS_SOURCE,his_ready_10_10_10_15,MEDREC,OPERATION_BK,,需要人工确认,系统表结构/HIS系统数据库表结构.md,按表名索引匹配，章节需人工确认,,待从原始表结构文档逐表精确回填,待确认,手术,主数据表,需要人工确认,444936,待活跃度统计,,需要验证,PATIENT_ID+VISIT_ID,否,否,建议排除,命中日志/临时/备份/错误/同步/测试关键词或既有排除口径,如该表仍被业务查询或接口依赖，请恢复为待确认
HIS_SOURCE,his_ready_10_10_10_15,MEDREC,PAT_MASTER_INDEX_copy1,,需要人工确认,系统表结构/HIS系统数据库表结构.md,按表名索引匹配，章节需人工确认,,待从原始表结构文档逐表精确回填,待确认,患者主索引,中间表,一行一个患者主索引,0,待活跃度统计,PATIENT_ID,PATIENT_ID,PATIENT_ID,否,否,建议排除,命中日志/临时/备份/错误/同步/测试关键词或既有排除口径,如该表仍被业务查询或接口依赖，请恢复为待确认
HIS_SOURCE,his_ready_10_10_10_15,MEDREC,PAT_MASTER_RENAME_LOG,修改姓名记录表,修改姓名记录表,系统表结构/HIS系统数据库表结构.md,按表名索引匹配，章节需人工确认,修改姓名记录表,待从原始表结构文档逐表精确回填,待确认,患者就诊,事实主表,需要人工确认,11535,待活跃度统计,ENTER_DATE+PATIENT_ID,ENTER_DATE+PATIENT_ID,PATIENT_ID,否,否,建议排除,命中日志/临时/备份/错误/同步/测试关键词或既有排除口径,如该表仍被业务查询或接口依赖，请恢复为待确认
HIS_SOURCE,his_ready_10_10_10_15,MEDREC,PAT_VISIT_BACKUP2025,,需要人工确认,系统表结构/HIS系统数据库表结构.md,按表名索引匹配，章节需人工确认,,待从原始表结构文档逐表精确回填,待确认,住院就诊,主数据表,一行一次住院就诊,3,待活跃度统计,,需要验证,PATIENT_ID+VISIT_ID,否,否,建议排除,命中日志/临时/备份/错误/同步/测试关键词或既有排除口径,如该表仍被业务查询或接口依赖，请恢复为待确认
HIS_SOURCE,his_ready_10_10_10_15,MEDREC,PAT_VISIT_BACKUP2026_0114,,需要人工确认,系统表结构/HIS系统数据库表结构.md,按表名索引匹配，章节需人工确认,,待从原始表结构文档逐表精确回填,待确认,住院就诊,主数据表,一行一次住院就诊,2,待活跃度统计,,需要验证,PATIENT_ID+VISIT_ID,否,否,建议排除,命中日志/临时/备份/错误/同步/测试关键词或既有排除口径,如该表仍被业务查询或接口依赖，请恢复为待确认
HIS_SOURCE,his_ready_10_10_10_15,MEDREC,PAT_VISIT_NEW_BACKUP2026_0114,,需要人工确认,系统表结构/HIS系统数据库表结构.md,按表名索引匹配，章节需人工确认,,待从原始表结构文档逐表精确回填,待确认,住院就诊,主数据表,一行一次住院就诊,2,待活跃度统计,,需要验证,PATIENT_ID+VISIT_ID,否,否,建议排除,命中日志/临时/备份/错误/同步/测试关键词或既有排除口径,如该表仍被业务查询或接口依赖，请恢复为待确认
HIS_SOURCE,his_ready_10_10_10_15,MEDREC,PAT_VISIT_TEMP,病人住院主记录,病人住院主记录,系统表结构/HIS系统数据库表结构.md,按表名索引匹配，章节需人工确认,病人住院主记录,待从原始表结构文档逐表精确回填,待确认,住院就诊,主数据表,一行一次住院就诊,5272,待活跃度统计,,需要验证,PATIENT_ID+VISIT_ID,否,否,建议排除,命中日志/临时/备份/错误/同步/测试关键词或既有排除口径,如该表仍被业务查询或接口依赖，请恢复为待确认
HIS_SOURCE,his_ready_10_10_10_15,MEDREC,PMI_MERGED_LOG,主索引合并记录,主索引合并记录,系统表结构/HIS系统数据库表结构.md,按表名索引匹配，章节需人工确认,主索引合并记录,待从原始表结构文档逐表精确回填,待确认,住院就诊,主数据表,需要人工确认,5,待活跃度统计,PID_MERGED+PID_RETAINED+MERGED_DATE,PID_MERGED+PID_RETAINED+MERGED_DATE,,否,否,建议排除,命中日志/临时/备份/错误/同步/测试关键词或既有排除口径,如该表仍被业务查询或接口依赖，请恢复为待确认
HIS_SOURCE,his_ready_10_10_10_15,MEDREC,TRANSFER_BACKUP2025,,需要人工确认,系统表结构/HIS系统数据库表结构.md,按表名索引匹配，章节需人工确认,,待从原始表结构文档逐表精确回填,待确认,住院就诊,主数据表,需要人工确认,7,待活跃度统计,,需要验证,PATIENT_ID+VISIT_ID,否,否,建议排除,命中日志/临时/备份/错误/同步/测试关键词或既有排除口径,如该表仍被业务查询或接口依赖，请恢复为待确认
HIS_SOURCE,his_ready_10_10_10_15,ORDADM,GROUP_ORDER_MASTER_copy1,成组医嘱模板主记录,成组医嘱模板主记录,系统表结构/HIS系统数据库表结构.md,按表名索引匹配，章节需人工确认,成组医嘱模板主记录,待从原始表结构文档逐表精确回填,待确认,医嘱,中间表,需要人工确认,7041,待活跃度统计,GROUP_ORDER_ID,GROUP_ORDER_ID,DEPT_CODE,否,否,建议排除,命中日志/临时/备份/错误/同步/测试关键词或既有排除口径,如该表仍被业务查询或接口依赖，请恢复为待确认
HIS_SOURCE,his_ready_10_10_10_15,ORDADM,ORDERS_BACKUP2025,,需要人工确认,系统表结构/HIS系统数据库表结构.md,按表名索引匹配，章节需人工确认,,待从原始表结构文档逐表精确回填,待确认,医嘱,主数据表,一行一条医嘱或医嘱子项,65,待活跃度统计,,需要验证,PATIENT_ID+VISIT_ID+ORDER_NO+ORDER_SUB_NO,否,否,建议排除,命中日志/临时/备份/错误/同步/测试关键词或既有排除口径,如该表仍被业务查询或接口依赖，请恢复为待确认
HIS_SOURCE,his_ready_10_10_10_15,ORDADM,ORDERS_BK,,需要人工确认,系统表结构/HIS系统数据库表结构.md,按表名索引匹配，章节需人工确认,,待从原始表结构文档逐表精确回填,待确认,医嘱,主数据表,一行一条医嘱或医嘱子项,0,待活跃度统计,,需要验证,PATIENT_ID+VISIT_ID+ORDER_NO+ORDER_SUB_NO,否,否,建议排除,命中日志/临时/备份/错误/同步/测试关键词或既有排除口径,如该表仍被业务查询或接口依赖，请恢复为待确认
HIS_SOURCE,his_ready_10_10_10_15,ORDADM,ORDERS_BK_PT,,需要人工确认,系统表结构/HIS系统数据库表结构.md,按表名索引匹配，章节需人工确认,,待从原始表结构文档逐表精确回填,待确认,医嘱,主数据表,一行一条医嘱或医嘱子项,3789,待活跃度统计,PATIENT_ID+VISIT_ID+ORDER_NO+ORDER_SUB_NO,PATIENT_ID+VISIT_ID+ORDER_NO+ORDER_SUB_NO,PATIENT_ID+VISIT_ID+ORDER_NO+ORDER_SUB_NO,否,否,建议排除,命中日志/临时/备份/错误/同步/测试关键词或既有排除口径,如该表仍被业务查询或接口依赖，请恢复为待确认
HIS_SOURCE,his_ready_10_10_10_15,ORDADM,ORDERS_CANCEL,取消住院患者医嘱备份,取消住院患者医嘱备份,系统表结构/HIS系统数据库表结构.md,按表名索引匹配，章节需人工确认,取消住院患者医嘱备份,待从原始表结构文档逐表精确回填,待确认,住院就诊,中间表,一行一条医嘱或医嘱子项,7361,待活跃度统计,,需要验证,PATIENT_ID+VISIT_ID+ORDER_NO+ORDER_SUB_NO,否,否,建议排除,命中日志/临时/备份/错误/同步/测试关键词或既有排除口径,如该表仍被业务查询或接口依赖，请恢复为待确认
HIS_SOURCE,his_ready_10_10_10_15,ORDADM,ORDERS_CHANGE_LOG,医嘱批量绑费修改记录,医嘱批量绑费修改记录,系统表结构/HIS系统数据库表结构.md,按表名索引匹配，章节需人工确认,医嘱批量绑费修改记录,待从原始表结构文档逐表精确回填,待确认,医嘱,主数据表,一行一条医嘱或医嘱子项,104,待活跃度统计,,需要验证,PATIENT_ID+VISIT_ID+ORDER_NO,否,否,建议排除,命中日志/临时/备份/错误/同步/测试关键词或既有排除口径,如该表仍被业务查询或接口依赖，请恢复为待确认
HIS_SOURCE,his_ready_10_10_10_15,ORDADM,ORDERS_COSTS_BACKUP2025,,需要人工确认,系统表结构/HIS系统数据库表结构.md,按表名索引匹配，章节需人工确认,,待从原始表结构文档逐表精确回填,待确认,医嘱,主数据表,一行一条医嘱或医嘱子项,49,待活跃度统计,,需要验证,PATIENT_ID+VISIT_ID+ORDER_NO+ORDER_SUB_NO,否,否,建议排除,命中日志/临时/备份/错误/同步/测试关键词或既有排除口径,如该表仍被业务查询或接口依赖，请恢复为待确认
HIS_SOURCE,his_ready_10_10_10_15,ORDADM,ORDERS_COSTS_BK,,需要人工确认,系统表结构/HIS系统数据库表结构.md,按表名索引匹配，章节需人工确认,,待从原始表结构文档逐表精确回填,待确认,医嘱,主数据表,一行一条医嘱或医嘱子项,77,待活跃度统计,,需要验证,PATIENT_ID+VISIT_ID+ORDER_NO+ORDER_SUB_NO,否,否,建议排除,命中日志/临时/备份/错误/同步/测试关键词或既有排除口径,如该表仍被业务查询或接口依赖，请恢复为待确认
HIS_SOURCE,his_ready_10_10_10_15,ORDADM,ORDERS_COSTS_CANCEL,取消住院患者医嘱计价项目备份,取消住院患者医嘱计价项目备份,系统表结构/HIS系统数据库表结构.md,按表名索引匹配，章节需人工确认,取消住院患者医嘱计价项目备份,待从原始表结构文档逐表精确回填,待确认,住院就诊,中间表,一行一条医嘱或医嘱子项,3205,待活跃度统计,PATIENT_ID+VISIT_ID+ORDER_NO+ITEM_NO,PATIENT_ID+VISIT_ID+ORDER_NO+ITEM_NO,PATIENT_ID+VISIT_ID+ORDER_NO+ORDER_SUB_NO,否,否,建议排除,命中日志/临时/备份/错误/同步/测试关键词或既有排除口径,如该表仍被业务查询或接口依赖，请恢复为待确认
HIS_SOURCE,his_ready_10_10_10_15,ORDADM,ORDERS_EXECUTE_DETAILS_TEST,医嘱执行明细-拆分使用的测试表 勿动,医嘱执行明细-拆分使用的测试表 勿动,系统表结构/HIS系统数据库表结构.md,按表名索引匹配，章节需人工确认,医嘱执行明细-拆分使用的测试表 勿动,待从原始表结构文档逐表精确回填,待确认,医嘱,中间表,一行一条医嘱或医嘱子项,1536612,待活跃度统计,,需要验证,PATIENT_ID+VISIT_ID+ORDER_NO+ORDER_SUB_NO,否,否,建议排除,命中日志/临时/备份/错误/同步/测试关键词或既有排除口径,如该表仍被业务查询或接口依赖，请恢复为待确认
HIS_SOURCE,his_ready_10_10_10_15,ORDADM,ORDER_BILLING_LOG,医嘱滚费日志表,医嘱滚费日志表,系统表结构/HIS系统数据库表结构.md,按表名索引匹配，章节需人工确认,医嘱滚费日志表,待从原始表结构文档逐表精确回填,待确认,医嘱,日志表,一行一张收据/结算或一条收费明细,0,待活跃度统计,ID,ID,PATIENT_ID+VISIT_ID+ORDER_NO+ORDER_SUB_NO,否,否,建议排除,命中日志/临时/备份/错误/同步/测试关键词或既有排除口径,如该表仍被业务查询或接口依赖，请恢复为待确认
HIS_SOURCE,his_ready_10_10_10_15,ORDADM,ORDER_BILLING_LOG_TEST,医嘱滚费日志表,医嘱滚费日志表,系统表结构/HIS系统数据库表结构.md,按表名索引匹配，章节需人工确认,医嘱滚费日志表,待从原始表结构文档逐表精确回填,待确认,医嘱,日志表,一行一张收据/结算或一条收费明细,1983655,待活跃度统计,ID,ID,PATIENT_ID+VISIT_ID+ORDER_NO+ORDER_SUB_NO,否,否,建议排除,命中日志/临时/备份/错误/同步/测试关键词或既有排除口径,如该表仍被业务查询或接口依赖，请恢复为待确认
HIS_SOURCE,his_ready_10_10_10_15,ORDADM,ORDER_BILLING_TYPE_LOG,医嘱滚费异常日志表,医嘱滚费异常日志表,系统表结构/HIS系统数据库表结构.md,按表名索引匹配，章节需人工确认,医嘱滚费异常日志表,待从原始表结构文档逐表精确回填,待确认,医嘱,日志表,一行一张收据/结算或一条收费明细,0,待活跃度统计,ID,ID,PATIENT_ID+VISIT_ID,否,否,建议排除,命中日志/临时/备份/错误/同步/测试关键词或既有排除口径,如该表仍被业务查询或接口依赖，请恢复为待确认
HIS_SOURCE,his_ready_10_10_10_15,ORDADM,ORDER_BILLING_TYPE_LOG_TEST,医嘱滚费异常日志表,医嘱滚费异常日志表,系统表结构/HIS系统数据库表结构.md,按表名索引匹配，章节需人工确认,医嘱滚费异常日志表,待从原始表结构文档逐表精确回填,待确认,医嘱,日志表,一行一张收据/结算或一条收费明细,35210,待活跃度统计,ID,ID,PATIENT_ID+VISIT_ID,否,否,建议排除,命中日志/临时/备份/错误/同步/测试关键词或既有排除口径,如该表仍被业务查询或接口依赖，请恢复为待确认
HIS_SOURCE,his_ready_10_10_10_15,ORDADM,ORDER_ERROR_LOG,,需要人工确认,系统表结构/HIS系统数据库表结构.md,按表名索引匹配，章节需人工确认,,待从原始表结构文档逐表精确回填,待确认,医嘱,日志表,需要人工确认,0,待活跃度统计,,需要验证,PATIENT_ID+ORDER_NO+ORDER_SUB_NO,否,否,建议排除,命中日志/临时/备份/错误/同步/测试关键词或既有排除口径,如该表仍被业务查询或接口依赖，请恢复为待确认
HIS_SOURCE,his_ready_10_10_10_15,ORDADM,ORDER_SPLIT_LOG,医嘱拆解日志表,医嘱拆解日志表,系统表结构/HIS系统数据库表结构.md,按表名索引匹配，章节需人工确认,医嘱拆解日志表,待从原始表结构文档逐表精确回填,待确认,医嘱,日志表,需要人工确认,0,待活跃度统计,ID,ID,PATIENT_ID+VISIT_ID+ORDER_NO+ORDER_SUB_NO,否,否,建议排除,命中日志/临时/备份/错误/同步/测试关键词或既有排除口径,如该表仍被业务查询或接口依赖，请恢复为待确认
HIS_SOURCE,his_ready_10_10_10_15,ORDADM,ORDER_SPLIT_LOG_TEST,医嘱拆解日志表,医嘱拆解日志表,系统表结构/HIS系统数据库表结构.md,按表名索引匹配，章节需人工确认,医嘱拆解日志表,待从原始表结构文档逐表精确回填,待确认,医嘱,日志表,需要人工确认,198083239,待活跃度统计,ID,ID,PATIENT_ID+VISIT_ID+ORDER_NO+ORDER_SUB_NO,否,否,建议排除,命中日志/临时/备份/错误/同步/测试关键词或既有排除口径,如该表仍被业务查询或接口依赖，请恢复为待确认
HIS_SOURCE,his_ready_10_10_10_15,OUTPADM,CLINIC_MASTER_BK,,需要人工确认,系统表结构/HIS系统数据库表结构.md,按表名索引匹配，章节需人工确认,,待从原始表结构文档逐表精确回填,待确认,门诊就诊,事实主表,一行一次门诊就诊,30,待活跃度统计,,需要验证,PATIENT_ID,否,否,建议排除,命中日志/临时/备份/错误/同步/测试关键词或既有排除口径,如该表仍被业务查询或接口依赖，请恢复为待确认
HIS_SOURCE,his_ready_10_10_10_15,OUTPADM,CLINIC_MASTER_DAYNUMBER_TEMP,科室工作量按星期统计临时表,科室工作量按星期统计临时表,系统表结构/HIS系统数据库表结构.md,按表名索引匹配，章节需人工确认,科室工作量按星期统计临时表,待从原始表结构文档逐表精确回填,待确认,门诊就诊,中间表,一行一次门诊就诊,710,待活跃度统计,VISIT_DATE+VISIT_NO,VISIT_DATE+VISIT_NO,,否,否,建议排除,命中日志/临时/备份/错误/同步/测试关键词或既有排除口径,如该表仍被业务查询或接口依赖，请恢复为待确认
HIS_SOURCE,his_ready_10_10_10_15,OUTPADM,CLINIC_RETURNED_ACCT_BK,,需要人工确认,系统表结构/HIS系统数据库表结构.md,按表名索引匹配，章节需人工确认,,待从原始表结构文档逐表精确回填,待确认,门诊就诊,主数据表,需要人工确认,1,待活跃度统计,,需要验证,PATIENT_ID,否,否,建议排除,命中日志/临时/备份/错误/同步/测试关键词或既有排除口径,如该表仍被业务查询或接口依赖，请恢复为待确认
HIS_SOURCE,his_ready_10_10_10_15,OUTPADM,MR_REQUEST_QUEUE_BACKUP,请求提供病案队列备份,请求提供病案队列备份,系统表结构/HIS系统数据库表结构.md,按表名索引匹配，章节需人工确认,请求提供病案队列备份,待从原始表结构文档逐表精确回填,待确认,门诊就诊,中间表,需要人工确认,0,待活跃度统计,PATIENT_ID+REGISTRATION_DATE,PATIENT_ID+REGISTRATION_DATE,PATIENT_ID,否,否,建议排除,命中日志/临时/备份/错误/同步/测试关键词或既有排除口径,如该表仍被业务查询或接口依赖，请恢复为待确认
HIS_SOURCE,his_ready_10_10_10_15,OUTPADM,OUTP_COUNSEL_QUEUE,待分诊队列,待分诊队列,系统表结构/HIS系统数据库表结构.md,按表名索引匹配，章节需人工确认,待分诊队列,待从原始表结构文档逐表精确回填,待确认,门诊就诊,中间表,需要人工确认,0,待活跃度统计,COUNSEL_NO+QUEUE_NAME+CLINIC_LABEL,COUNSEL_NO+QUEUE_NAME+CLINIC_LABEL,,否,否,建议排除,命中日志/临时/备份/错误/同步/测试关键词或既有排除口径,如该表仍被业务查询或接口依赖，请恢复为待确认
HIS_SOURCE,his_ready_10_10_10_15,OUTPADM,OUTP_QUEUE_SEQUENCE,队列序号记录表,队列序号记录表,系统表结构/HIS系统数据库表结构.md,按表名索引匹配，章节需人工确认,队列序号记录表,待从原始表结构文档逐表精确回填,待确认,门诊就诊,中间表,需要人工确认,0,待活跃度统计,QUEUE_CODE+COUNSEL_DATE+COUNSEL_SEQUENCE,QUEUE_CODE+COUNSEL_DATE+COUNSEL_SEQUENCE,,否,否,建议排除,命中日志/临时/备份/错误/同步/测试关键词或既有排除口径,如该表仍被业务查询或接口依赖，请恢复为待确认
HIS_SOURCE,his_ready_10_10_10_15,OUTPADM,REGIST_REPRINT_LOG,挂号发票重打日志,挂号发票重打日志,系统表结构/HIS系统数据库表结构.md,按表名索引匹配，章节需人工确认,挂号发票重打日志,待从原始表结构文档逐表精确回填,待确认,门诊就诊,日志表,需要人工确认,0,待活跃度统计,REPRINT_OPERATOR+REPRINT_DATETIME+VISIT_DATE+VISIT_NO,REPRINT_OPERATOR+REPRINT_DATETIME+VISIT_DATE+VISIT_NO,PATIENT_ID,否,否,建议排除,命中日志/临时/备份/错误/同步/测试关键词或既有排除口径,如该表仍被业务查询或接口依赖，请恢复为待确认
HIS_SOURCE,his_ready_10_10_10_15,OUTPBILL,OUTP_ORDER_DESC_TEMP,,需要人工确认,系统表结构/HIS系统数据库表结构.md,按表名索引匹配，章节需人工确认,,待从原始表结构文档逐表精确回填,待确认,门诊就诊,主数据表,一行一张收据/结算或一条收费明细,104,待活跃度统计,VISIT_DATE+VISIT_NO,VISIT_DATE+VISIT_NO,PATIENT_ID+RCPT_NO,否,否,建议排除,命中日志/临时/备份/错误/同步/测试关键词或既有排除口径,如该表仍被业务查询或接口依赖，请恢复为待确认
HIS_SOURCE,his_ready_10_10_10_15,OUTPBILL,OUTP_PAYMENTS_MONEY_BK,,需要人工确认,系统表结构/HIS系统数据库表结构.md,按表名索引匹配，章节需人工确认,,待从原始表结构文档逐表精确回填,待确认,门诊就诊,主数据表,一行一张收据/结算或一条收费明细,42,待活跃度统计,,需要验证,RCPT_NO,否,否,建议排除,命中日志/临时/备份/错误/同步/测试关键词或既有排除口径,如该表仍被业务查询或接口依赖，请恢复为待确认
HIS_SOURCE,his_ready_10_10_10_15,OUTPBILL,OUTP_PAYMENTS_MONEY_copy1,门诊病人支付方式记录,门诊病人支付方式记录,系统表结构/HIS系统数据库表结构.md,按表名索引匹配，章节需人工确认,门诊病人支付方式记录,待从原始表结构文档逐表精确回填,待确认,门诊就诊,中间表,一行一张收据/结算或一条收费明细,3,待活跃度统计,RCPT_NO+MONEY_TYPE,RCPT_NO+MONEY_TYPE,RCPT_NO,否,否,建议排除,命中日志/临时/备份/错误/同步/测试关键词或既有排除口径,如该表仍被业务查询或接口依赖，请恢复为待确认
HIS_SOURCE,his_ready_10_10_10_15,OUTPBILL,OUTP_RCPT_MASTER_BACK,门诊医疗收据记录备份,门诊医疗收据记录备份,系统表结构/HIS系统数据库表结构.md,按表名索引匹配，章节需人工确认,门诊医疗收据记录备份,待从原始表结构文档逐表精确回填,待确认,门诊就诊,中间表,一行一张收据/结算或一条收费明细,0,待活跃度统计,RCPT_NO,RCPT_NO,RCPT_NO+PATIENT_ID,否,否,建议排除,命中日志/临时/备份/错误/同步/测试关键词或既有排除口径,如该表仍被业务查询或接口依赖，请恢复为待确认
HIS_SOURCE,his_ready_10_10_10_15,OUTPBILL,OUTP_RCPT_MASTER_BK,,需要人工确认,系统表结构/HIS系统数据库表结构.md,按表名索引匹配，章节需人工确认,,待从原始表结构文档逐表精确回填,待确认,门诊就诊,事实主表,一行一张收据/结算或一条收费明细,42,待活跃度统计,,需要验证,RCPT_NO+PATIENT_ID,否,否,建议排除,命中日志/临时/备份/错误/同步/测试关键词或既有排除口径,如该表仍被业务查询或接口依赖，请恢复为待确认
HIS_SOURCE,his_ready_10_10_10_15,OUTPBILL,TEMP_ACCT_DETAIL,,需要人工确认,系统表结构/HIS系统数据库表结构.md,按表名索引匹配，章节需人工确认,,待从原始表结构文档逐表精确回填,待确认,门诊就诊,事实明细表,一行一张收据/结算或一条收费明细,12468,待活跃度统计,,需要验证,,否,否,建议排除,命中日志/临时/备份/错误/同步/测试关键词或既有排除口径,如该表仍被业务查询或接口依赖，请恢复为待确认
HIS_SOURCE,his_ready_10_10_10_15,OUTPBILL,ZPW_TEMP_ACCT_DETAIL,,需要人工确认,系统表结构/HIS系统数据库表结构.md,按表名索引匹配，章节需人工确认,,待从原始表结构文档逐表精确回填,待确认,门诊就诊,中间表,一行一张收据/结算或一条收费明细,0,待活跃度统计,,需要验证,,否,否,建议排除,命中日志/临时/备份/错误/同步/测试关键词或既有排除口径,如该表仍被业务查询或接口依赖，请恢复为待确认
HIS_SOURCE,his_ready_10_10_10_15,PHARMACY,DRUG_DISPENSE_PRE_copy1,,需要人工确认,系统表结构/HIS系统数据库表结构.md; 系统表结构/HIS系统药房药库表设计文档.md,按表名索引匹配，章节需人工确认,,待从原始表结构文档逐表精确回填,待确认,药品,中间表,需要人工确认,65535,待活跃度统计,OPER_BATCH_NO+OPER_ITEM_NO,OPER_BATCH_NO+OPER_ITEM_NO,PATIENT_ID+VISIT_ID+ORDER_NO+ORDER_SUB_NO+DRUG_CODE,否,否,建议排除,命中日志/临时/备份/错误/同步/测试关键词或既有排除口径,如该表仍被业务查询或接口依赖，请恢复为待确认
HIS_SOURCE,his_ready_10_10_10_15,PHARMACY,DRUG_DISPENSE_REC_copy1,摆药记录,摆药记录,系统表结构/HIS系统数据库表结构.md; 系统表结构/HIS系统药房药库表设计文档.md,按表名索引匹配，章节需人工确认,摆药记录,待从原始表结构文档逐表精确回填,待确认,药品,中间表,需要人工确认,0,待活跃度统计,DISPENSING_DATE_TIME+PATIENT_ID+VISIT_ID+ORDER_NO+ORDER_SUB_NO,DISPENSING_DATE_TIME+PATIENT_ID+VISIT_ID+ORDER_NO+ORDER_SUB_NO,PATIENT_ID+VISIT_ID+ORDER_NO+ORDER_SUB_NO+DRUG_CODE,否,否,建议排除,命中日志/临时/备份/错误/同步/测试关键词或既有排除口径,如该表仍被业务查询或接口依赖，请恢复为待确认
HIS_SOURCE,his_ready_10_10_10_15,PHARMACY,DRUG_DISPENSE_REQ_copy1,摆药请求,摆药请求,系统表结构/HIS系统数据库表结构.md; 系统表结构/HIS系统药房药库表设计文档.md,按表名索引匹配，章节需人工确认,摆药请求,待从原始表结构文档逐表精确回填,待确认,药品,中间表,需要人工确认,0,待活跃度统计,WARD+DISPENSARY+POST_DATE_TIME+ITEM_NO,WARD+DISPENSARY+ITEM_NO+POST_DATE_TIME,,否,否,建议排除,命中日志/临时/备份/错误/同步/测试关键词或既有排除口径,如该表仍被业务查询或接口依赖，请恢复为待确认
HIS_SOURCE,his_ready_10_10_10_15,PHARMACY,DRUG_EXPORT_DETAIL_LOG_NEW,,需要人工确认,系统表结构/HIS系统数据库表结构.md; 系统表结构/HIS系统药房药库表设计文档.md,按表名索引匹配，章节需人工确认,,待从原始表结构文档逐表精确回填,待确认,药品,日志表,需要人工确认,86262,待活跃度统计,,需要验证,DRUG_CODE,否,否,建议排除,命中日志/临时/备份/错误/同步/测试关键词或既有排除口径,如该表仍被业务查询或接口依赖，请恢复为待确认
HIS_SOURCE,his_ready_10_10_10_15,PHARMACY,DRUG_EXPORT_MASTER_LOG_NEW,药品出库主记录,药品出库主记录,系统表结构/HIS系统数据库表结构.md; 系统表结构/HIS系统药房药库表设计文档.md,按表名索引匹配，章节需人工确认,药品出库主记录,待从原始表结构文档逐表精确回填,待确认,药品,日志表,需要人工确认,20191,待活跃度统计,,需要验证,,否,否,建议排除,命中日志/临时/备份/错误/同步/测试关键词或既有排除口径,如该表仍被业务查询或接口依赖，请恢复为待确认
HIS_SOURCE,his_ready_10_10_10_15,PHARMACY,DRUG_IMPORT_DETAIL_LOG_NEW,,需要人工确认,系统表结构/HIS系统数据库表结构.md; 系统表结构/HIS系统药房药库表设计文档.md,按表名索引匹配，章节需人工确认,,待从原始表结构文档逐表精确回填,待确认,药品,日志表,需要人工确认,107874,待活跃度统计,,需要验证,DRUG_CODE,否,否,建议排除,命中日志/临时/备份/错误/同步/测试关键词或既有排除口径,如该表仍被业务查询或接口依赖，请恢复为待确认
HIS_SOURCE,his_ready_10_10_10_15,PHARMACY,DRUG_IMPORT_EXPORT_TRACE_CODE,药品出入库追溯码,药品出入库追溯码,系统表结构/HIS系统数据库表结构.md; 系统表结构/HIS系统药房药库表设计文档.md,按表名索引匹配，章节需人工确认,药品出入库追溯码,待从原始表结构文档逐表精确回填,待确认,药品,中间表,需要人工确认,1129521,待活跃度统计,DOCUMENT_NO+ITEM_NO+DRUG_CODE+DRUG_SPEC+ITEM_NO2,DOCUMENT_NO+ITEM_NO+DRUG_CODE+DRUG_SPEC+ITEM_NO2,DRUG_CODE,否,否,建议排除,命中日志/临时/备份/错误/同步/测试关键词或既有排除口径,如该表仍被业务查询或接口依赖，请恢复为待确认
HIS_SOURCE,his_ready_10_10_10_15,PHARMACY,DRUG_IMPORT_MASTER_LOG_NEW,,需要人工确认,系统表结构/HIS系统数据库表结构.md; 系统表结构/HIS系统药房药库表设计文档.md,按表名索引匹配，章节需人工确认,,待从原始表结构文档逐表精确回填,待确认,药品,日志表,需要人工确认,37912,待活跃度统计,,需要验证,,否,否,建议排除,命中日志/临时/备份/错误/同步/测试关键词或既有排除口径,如该表仍被业务查询或接口依赖，请恢复为待确认
HIS_SOURCE,his_ready_10_10_10_15,PHARMACY,DRUG_PRESC_DETAIL_TEMP_REFUND,待发药处方明细记录-退费,待发药处方明细记录-退费,系统表结构/HIS系统数据库表结构.md; 系统表结构/HIS系统药房药库表设计文档.md,按表名索引匹配，章节需人工确认,待发药处方明细记录-退费,待从原始表结构文档逐表精确回填,待确认,处方,中间表,需要人工确认,3284,待活跃度统计,PRESC_DATE+PRESC_NO+ITEM_NO,PRESC_DATE+PRESC_NO+ITEM_NO,PRESC_NO+DRUG_CODE+ORDER_NO+ORDER_SUB_NO,否,否,建议排除,命中日志/临时/备份/错误/同步/测试关键词或既有排除口径,如该表仍被业务查询或接口依赖，请恢复为待确认
HIS_SOURCE,his_ready_10_10_10_15,PHARMACY,DRUG_PRESC_MASTER_TEMP_REFUND,待发药处方主记录-退费,待发药处方主记录-退费,系统表结构/HIS系统数据库表结构.md; 系统表结构/HIS系统药房药库表设计文档.md,按表名索引匹配，章节需人工确认,待发药处方主记录-退费,待从原始表结构文档逐表精确回填,待确认,处方,中间表,需要人工确认,1230,待活跃度统计,PRESC_DATE+PRESC_NO,PRESC_DATE+PRESC_NO,PRESC_NO+PATIENT_ID+RCPT_NO+VISIT_ID,否,否,建议排除,命中日志/临时/备份/错误/同步/测试关键词或既有排除口径,如该表仍被业务查询或接口依赖，请恢复为待确认
HIS_SOURCE,his_ready_10_10_10_15,PHARMACY,DRUG_PRESC_QUEUE_LABEL,药品瓶签处方序号信息,药品瓶签处方序号信息,系统表结构/HIS系统数据库表结构.md; 系统表结构/HIS系统药房药库表设计文档.md,按表名索引匹配，章节需人工确认,药品瓶签处方序号信息,待从原始表结构文档逐表精确回填,待确认,处方,中间表,需要人工确认,1,待活跃度统计,STORAGE+PRESC_DATE+PRESC_NO,PRESC_DATE+PRESC_NO+STORAGE,PRESC_NO,否,否,建议排除,命中日志/临时/备份/错误/同步/测试关键词或既有排除口径,如该表仍被业务查询或接口依赖，请恢复为待确认
HIS_SOURCE,his_ready_10_10_10_15,PHARMACY,DRUG_PRESC_TRACE_CODE,处方发药追溯码,处方发药追溯码,系统表结构/HIS系统数据库表结构.md; 系统表结构/HIS系统药房药库表设计文档.md,按表名索引匹配，章节需人工确认,处方发药追溯码,待从原始表结构文档逐表精确回填,待确认,处方,中间表,需要人工确认,338480,待活跃度统计,PRESC_DATE+PRESC_NO+ITEM_NO+TRACE_CODE+ITEM_NO2,PRESC_DATE+PRESC_NO+ITEM_NO+TRACE_CODE+ITEM_NO2,PRESC_NO+DRUG_CODE+PATIENT_ID,否,否,建议排除,命中日志/临时/备份/错误/同步/测试关键词或既有排除口径,如该表仍被业务查询或接口依赖，请恢复为待确认
HIS_SOURCE,his_ready_10_10_10_15,PHARMACY,DRUG_STOCK_LOG_CHS,,需要人工确认,系统表结构/HIS系统数据库表结构.md; 系统表结构/HIS系统药房药库表设计文档.md,按表名索引匹配，章节需人工确认,,待从原始表结构文档逐表精确回填,待确认,药品,日志表,需要人工确认,69288363,待活跃度统计,,需要验证,DRUG_CODE,否,否,建议排除,命中日志/临时/备份/错误/同步/测试关键词或既有排除口径,如该表仍被业务查询或接口依赖，请恢复为待确认
HIS_SOURCE,his_ready_10_10_10_15,PHARMACY,DRUG_STOCK_LOG_NEW,,需要人工确认,系统表结构/HIS系统数据库表结构.md; 系统表结构/HIS系统药房药库表设计文档.md,按表名索引匹配，章节需人工确认,,待从原始表结构文档逐表精确回填,待确认,药品,日志表,需要人工确认,5685585,待活跃度统计,,需要验证,DRUG_CODE,否,否,建议排除,命中日志/临时/备份/错误/同步/测试关键词或既有排除口径,如该表仍被业务查询或接口依赖，请恢复为待确认
HIS_SOURCE,his_ready_10_10_10_15,PHARMACY,DRUG_STOCK_SUPPLYINDICATORLOG,药品库存供应标志修改日志,药品库存供应标志修改日志,系统表结构/HIS系统数据库表结构.md; 系统表结构/HIS系统药房药库表设计文档.md,按表名索引匹配，章节需人工确认,药品库存供应标志修改日志,待从原始表结构文档逐表精确回填,待确认,药品,日志表,需要人工确认,195623,待活跃度统计,,需要验证,DRUG_CODE,否,否,建议排除,命中日志/临时/备份/错误/同步/测试关键词或既有排除口径,如该表仍被业务查询或接口依赖，请恢复为待确认
HIS_SOURCE,his_ready_10_10_10_15,PHARMACY,DRUG_STOP_LOG,药品编码停用日志,药品编码停用日志,系统表结构/HIS系统数据库表结构.md; 系统表结构/HIS系统药房药库表设计文档.md,按表名索引匹配，章节需人工确认,药品编码停用日志,待从原始表结构文档逐表精确回填,待确认,药品,日志表,需要人工确认,18,待活跃度统计,DRUG_CODE+CHANGE_DATE,DRUG_CODE+CHANGE_DATE,DRUG_CODE,否,否,建议排除,命中日志/临时/备份/错误/同步/测试关键词或既有排除口径,如该表仍被业务查询或接口依赖，请恢复为待确认
HIS_SOURCE,his_ready_10_10_10_15,PHARMACY,DRUG_TEMP_DETAIL,,需要人工确认,系统表结构/HIS系统数据库表结构.md; 系统表结构/HIS系统药房药库表设计文档.md,按表名索引匹配，章节需人工确认,,待从原始表结构文档逐表精确回填,待确认,药品,中间表,需要人工确认,0,待活跃度统计,PRESC_DATE+PRESC_NO+ITEM_NO,PRESC_DATE+PRESC_NO+ITEM_NO,PRESC_NO+DRUG_CODE+ORDER_NO+ORDER_SUB_NO,否,否,建议排除,命中日志/临时/备份/错误/同步/测试关键词或既有排除口径,如该表仍被业务查询或接口依赖，请恢复为待确认
HIS_SOURCE,his_ready_10_10_10_15,PHARMACY,DRUG_TEMP_MASTER,药品处方主记录,药品处方主记录,系统表结构/HIS系统数据库表结构.md; 系统表结构/HIS系统药房药库表设计文档.md,按表名索引匹配，章节需人工确认,药品处方主记录,待从原始表结构文档逐表精确回填,待确认,处方,中间表,需要人工确认,0,待活跃度统计,PRESC_DATE+PRESC_NO,PRESC_DATE+PRESC_NO,PRESC_NO+PATIENT_ID+VISIT_ID+RCPT_NO,否,否,建议排除,命中日志/临时/备份/错误/同步/测试关键词或既有排除口径,如该表仍被业务查询或接口依赖，请恢复为待确认
HIS_SOURCE,his_ready_10_10_10_15,PHARMACY,INP_BILL_DETAIL_BK,,需要人工确认,系统表结构/HIS系统数据库表结构.md; 系统表结构/HIS系统药房药库表设计文档.md,按表名索引匹配，章节需人工确认,,待从原始表结构文档逐表精确回填,待确认,住院就诊,事实明细表,一行一张收据/结算或一条收费明细,251,待活跃度统计,,需要验证,PATIENT_ID+VISIT_ID+RCPT_NO+DEPT_CODE,否,否,建议排除,命中日志/临时/备份/错误/同步/测试关键词或既有排除口径,如该表仍被业务查询或接口依赖，请恢复为待确认
