schema,table,comment,row_count_stats,column_count,domain,grain,pk,confidence,note,source
HIS,血栓弹力图试验TEG,,0,31,,,,,,metadata
HIS,非心电图室收取常规心电图检查,,0,29,,,,,,metadata
HIS,收取机械辅助排痰费用同时收取,,0,30,,,,,,metadata
HIS,脊柱椎间融合器植入植骨融合术时,,0,35,,,,,,metadata
HIS,肺癌根治术收取肺楔形切除术,,0,35,,,,,,metadata
HIS,肠切除术费用同时收取肠粘连松解,,0,30,,,,,,metadata
HIS,开展关节置换术同时收取,,0,36,,,,,,metadata
HIS,开展断指再植术同时收取肌腱,,0,36,,,,,,metadata
HIS,收取单胎顺产接生费用同时收取宫,,0,31,,,,,,metadata
HIS,收取一次性使用麻醉穿刺包费用,,0,28,,,,,,metadata
HIS,收取一次性床垫费用住院,,0,29,,,,,,metadata
HIS,收取一次性床垫费用门诊,,0,24,,,,,,metadata
HIS,CA_STAMPSIGN_LOG,CA签名日志,0,7,,,,,,metadata
HIS,ORDER_BILLING_LOG,医嘱滚费日志表,0,17,,,,,,metadata
HIS,ORDER_BILLING_LOG_TEST,医嘱滚费日志表,0,17,,,,,,metadata
HIS,违规数据,,0,65,,,,,,metadata
HIS,ORDER_BILLING_TYPE_LOG,医嘱滚费异常日志表,0,8,,,,,,metadata
HIS,ORDER_BILLING_TYPE_LOG_TEST,医嘱滚费异常日志表,0,8,,,,,,metadata
HIS,ORDERS_COSTS_TEST,医嘱计价项目,0,25,,,,,,metadata
HIS,ORDERS_TEST,医嘱,0,84,,,,,,metadata
HIS,PATS_IN_HOSPITAL_TEST,在院病人记录,0,33,,,,,,metadata
HIS,SYS_EMPLOYEE,员工,2453,37,,,,,,metadata
HIS,EXP_DICT_1,,0,2,,,,,,metadata
HIS,EXP_DICT_Z,,0,4,,,,,,metadata
HIS,EXP_DICT_ZZ,,0,4,,,,,,metadata
HIS,EXP_DICT_ZZD,,10898,4,,,,,,metadata
HIS,FLJL,,2477,34,,,,,,metadata
HIS,CHARGE_TYPE_DICT_ZDY,,16,3,,,,,,metadata
HIS,CHARGE_TYPE_DICT_ZDY_BX,,16,3,,,,,,metadata
HIS,OPERATION_GB,,8880,2,,,,,,metadata
HIS,OPERATION_YB,,36791,2,,,,,,metadata
HIS,DIAGNOSIS_GB,,22916,2,,,,,,metadata
HIS,ZJH,,9200,5,,,,,,metadata
HIS,ORDERS00507543,,52,88,,,,,,metadata
HIS,NURSING_DEPT_REL,门诊护理单元与科室关联表,0,4,,,,,,metadata
HIS,INSUR_VSH_CENTER_ITEM_NEW_TEMP,,0,43,,,,,,metadata
HIS,REJECT_ITEM,项目互斥维护表,0,9,,,,,,metadata
HIS,DW_PROJECT_INFO_ONE,对照目录-省二,0,53,,,,,,metadata
HIS,ORDERS_EXECUTE_DETAILS_TEST,医嘱执行明细-拆分使用的测试表 勿动,0,30,,,,,,metadata
HIS,ORDER_SPLIT_LOG,医嘱拆解日志表,0,15,,,,,,metadata
HIS,ORDER_SPLIT_LOG_TEST,医嘱拆解日志表,0,15,,,,,,metadata
HIS,DW_PROJECT_INFO0401,对照目录-省二,0,53,,,,,,metadata
HIS,病种数据,,0,10,,,,,,metadata
HIS,EMPL_LEVE,,0,5,,,,,,metadata
HIS,EXAM_CLASS_DICT_NEW,,23,13,,,,,,metadata
HIS,OPS_CLINIC_DEPT_VS,,0,4,,,,,,metadata
HIS,手术标本检查与诊断单切,,0,69,,,,,,metadata
HIS,INSUR_VSH_CENTER_ITEM_NEW,,0,43,,,,,,metadata
HIS,肩外展功能重建术,,0,65,,,,,,metadata
HIS,YYXMBM,,0,4,,,,,,metadata
HIS,INSUR_VSH_CENTER_ITEM_NEW0401,,0,43,,,,,,metadata
HIS,胸腔闭式引流,,0,65,,,,,,metadata
HIS,收取临床操作的彩色多普勒,,0,67,,,,,,metadata
HIS,术中体温监测,,0,65,,,,,,metadata
HIS,DW_PROJECT_INFO,对照目录-省二,0,53,,,,,,metadata
HIS,YYXMBM0401,,0,4,,,,,,metadata
HIS,冠状动脉成像时同时收取增强扫描,,0,65,,,,,,metadata
HIS,不得重复收取气管切开护理,,0,65,,,,,,metadata
HIS,不得重复收取一般专项护理,,0,65,,,,,,metadata
HIS,收取心肺复苏术费用同时收气管,,0,65,,,,,,metadata
HIS,DW_PROJECT_DOWNLOAD_LOG0401,,944,9,,,,,,metadata
HIS,重复收取局部浸润麻醉,,0,65,,,,,,metadata
HIS,乳腺肿物切除术,,0,65,,,,,,metadata
HIS,血清总蛋白测定超1次收费,,0,65,,,,,,metadata
HIS,血清天门冬氨酸氨基转移酶测定,,0,65,,,,,,metadata
HIS,C反应蛋白,,0,65,,,,,,metadata
HIS,BNP,,0,65,,,,,,metadata
HIS,不得收取麻醉中监测费用,,0,65,,,,,,metadata
HIS,肿瘤标志物,,0,66,,,,,,metadata
HIS,日常生活能力评定,,0,65,,,,,,metadata
HIS,孕酮测定限女性,,0,65,,,,,,metadata
HIS,游离前列腺特异性抗原测定,,0,65,,,,,,metadata
HIS,BED_REC_LOG,床位状态变更记录,0,9,,,,,,metadata
HIS,TMEP1,,0,10,,,,,,metadata
HIS,水合氯醛糖浆组合包装违规记录表,,0,65,,,,,,metadata
HIS,七叶皂苷注射液,,0,65,,,,,,metadata
HIS,整蛋白型肠内营养剂,,0,65,,,,,,metadata
HIS,复方氨基酸注射液,,0,65,,,,,,metadata
HIS,单方,,0,65,,,,,,metadata
HIS,中长链脂肪乳注射液,,0,65,,,,,,metadata
HIS,妇科特殊治疗限女性,,0,65,,,,,,metadata
HIS,盐酸坦索罗辛缓释胶囊女用男药,,0,65,,,,,,metadata
HIS,黄体酮注射液限女性,,0,65,,,,,,metadata
HIS,阴囊坏死扩创术限男性,,0,65,,,,,,metadata
HIS,大关节松动训练单日计费大于1,,0,65,,,,,,metadata
HIS,乳腺肿物穿刺术计价为次,,0,65,,,,,,metadata
HIS,言语训练单日计费大于1,,0,65,,,,,,metadata
HIS,运动疗法每日支付不超过2次,,0,65,,,,,,metadata
HIS,作业疗法每日支付不超过1次,,0,65,,,,,,metadata
HIS,日常生活能力评定一个疾病过程,,0,65,,,,,,metadata
HIS,咽鼓管压力测定,,0,67,,,,,,metadata
HIS,稳态诱听,,0,67,,,,,,metadata
HIS,经同一切口进行的两种不同疾病,,0,65,,,,,,metadata
HIS,同一手术两个切口,,0,65,,,,,,metadata
HIS,PUB_DICTIONARY,数据字典,6318,31,,,,,,metadata
HIS,MR_AREA_DICT,病人来源字典,2990,6,,,,,,metadata
HIS,WAED_ADT_DAY,护理伤病员流动日统计记录,98291,25,,,,,,metadata
HIS,DEPT_ADT_DAY,科室伤病员流动日统计记录,433053,24,,,,,,metadata
HIS,INP_BILL_DETAIL,住院病人费用明细记录,215721688,74,住院费用,住院费用明细,PATIENT_ID|VISIT_ID,A,"巨表(约2亿行),查询必限定",curated
HIS,DEPT_VS_WARD,临床科室与病房（区）对照,184,2,,,,,,metadata
HIS,WARD_TRANSFER,病人在科记录,253805,16,,,,,,metadata
HIS,MR_COMM_VS_HIS_COMM,2011版病案首页国家基础数据与HIS对照字典,82,5,,,,,,metadata
HIS,ORDERS,医嘱,41033865,88,医嘱,一次住院×医嘱,PATIENT_ID|VISIT_ID|ORDER_NO,B,状态1新开2执行3停止有效/4作废无效,curated
HIS,OUTP_MR_DIAG_DESC,门诊病历诊断记录,3135738,13,,,,,,metadata
HIS,NATION_DICT,民族字典,58,9,,,,,,metadata
HIS,EXAM_MASTER,检查主记录 ,3385322,58,检查,一份检查,EXAM_NO,A,"EXAM_CLASS 存中文(CT/磁共振),非字典内码",curated
HIS,OPS_TREAT_NARCOTISM,门诊手术处置麻醉信息,577,12,,,,,,metadata
HIS,NEWBORN_REC,,8603,75,,,,,,metadata
HIS,PAT_MASTER_INDEX,病人主索引,1939319,113,患者主数据,一名患者,PATIENT_ID,A,患者主索引;含 INP_NO 住院号用于关联 EMR 文书,curated
HIS,OPERATION,手术记录,527895,31,手术,HIS侧手术/操作,PATIENT_ID|VISIT_ID|OPERATION_NO,B,"OPER_ID 全为 NULL,不要用它关联手麻",curated
HIS,CONSULTATION_DOCTOR_DETAIL,会诊子表,456577,16,,,,,,metadata
HIS,CONSULTATION_DOCTOR_MASTER,会诊主表,456265,18,,,,,,metadata
HIS,OUTP_MR,门诊病历记录,5684755,43,门诊,门诊病历,,B,与门诊就诊关联,curated
HIS,OUTP_ORDERS,门诊医嘱主记录,11768337,17,,,,,,metadata
HIS,DIAGNOSIS_DICT,疾病字典,50220,34,,,,,,metadata
HIS,CLINIC_VS_CHARGE,临床诊疗项目与价表项目对照表,23771,12,,,,,,metadata
HIS,STAFF_GROUP_DICT,工作组字典,555,7,,,,,,metadata
HIS,EXAM_REPORT,检查报告,1314456,14,检查,检查报告,EXAM_NO,A,"无 PATIENT_ID,必经 EXAM_NO 关联 EXAM_MASTER",curated
HIS,CDA_DICTIONARY,,39730,6,,,,,,metadata
HIS,PAT_MASTER_RENAME_LOG,修改姓名记录表,12253,9,,,,,,metadata
HIS,OUTP_ORDER_DESC,开单记录,13056770,13,,,,,,metadata
HIS,OUTP_TREAT_REC,检查治疗医嘱明细记录,10906462,37,,,,,,metadata
HIS,DRUG_DISPENSE_REC_MASTER,医嘱打印记录表,2725733,9,,,,,,metadata
HIS,DRUG_PRESC_DETAIL,药品处方明细记录,15510667,35,,,,,,metadata
HIS,DEPT_VS_WARD_NEW,临床科室与病房（区）对照,228,3,,,,,,metadata
HIS,RECK_ITEM_CLASS_DICT,核算项目分类字典,33,9,,,,,,metadata
HIS,DIAGNOSIS_EMR,,181305,12,,,,,,metadata
HIS,SETTLE_ZY_REC,,305341,33,,,,,,metadata
HIS,CLINIC_RETURNED_ACCT,挂号结帐主记录,86561,24,,,,,,metadata
HIS,OUTP_BILL_ITEMS,门诊病人诊疗费用项目,28614987,64,门诊费用,门诊收费明细,RCPT_NO|ITEM_NO,B,,curated
HIS,STAT_WARD_MODIFYFIX,,39,12,,,,,,metadata
HIS,PATIENT_STATUS_DICT,病情状态字典,3,4,,,,,,metadata
HIS,LAB_TEST_MASTER,检验主记录,9134900,49,检验,一份检验报告,TEST_NO,A,检验主表;住院 VISIT_ID 或 0/NULL=门诊,curated
HIS,DRUG_DISPENSE_REC,摆药记录,47120278,30,,,,,,metadata
HIS,DEPT_DICT,科室字典,815,46,科室字典,一个科室,DEPT_CODE,A,含院内 DEPT_CODE/NAME;QMPT 为平台标准(如有),curated
HIS,PRICE_LIST,价表,99554,46,,,,,,metadata
HIS,AREA_DICT,行政区字典,3027,11,,,,,,metadata
HIS,CLINIC_ITEM_DICT,临床诊疗项目字典,19062,32,,,,,,metadata
HIS,DOCTOR_GROUP,,1150,7,,,,,,metadata
HIS,LAB_RESULT,检验结果,96312418,26,检验,报告×项目×结果,TEST_NO|ITEM_NO|PRINT_ORDER,A,"约1亿行,查询必用 TEST_NO 限定",curated
HIS,PAT_VISIT,病人住院主记录,575041,268,就诊,一名患者一次住院,PATIENT_ID|VISIT_ID,A,住院就诊事实主表;出院时间常用于上报范围,curated
HIS,MR_BASE_DICT,病案接口公共编码字典,573,5,,,,,,metadata
HIS,DRUG_PRESC_MASTER,药品处方主记录,6215528,60,,,,,,metadata
HIS,OPERATION_MASTER,手术信息,198941,46,,,,,,metadata
HIS,STAT_VS_CHARGE_TYPE,卫统5医保接口用医疗付款方式(停用，启用新表),16,9,,,,,,metadata
HIS,CLINIC_MASTER,就诊记录,5642875,94,门诊,门诊就诊主记录,PATIENT_ID|VISIT_DATE|VISIT_NO,B,门诊主线,curated
HIS,OUTP_RCPT_MASTER,门诊医疗收据记录,9819756,56,门诊费用,门诊收据主表,RCPT_NO,B,,curated
HIS,ADMINISTRATION_DICT,给药途径字典,108,11,,,,,,metadata
HIS,SPECIMAN_DICT,标本字典,240,12,,,,,,metadata
HIS,LAB_TEST_ITEMS,检验项目,9602577,16,检验,报告×项目,TEST_NO|ITEM_NO,A,PK_LAB_TEST_ITEMS2=ORDER_ID+ORDER_ITEM_ID,curated
HIS,STAFF_DICT,工作人员字典,4216,30,人员字典,一名职工,EMP_NO,A,医师工号/姓名/身份证,curated
HIS,FLJL_copy1,,2509,34,,,,,,metadata
HIS,病房床位费,,0,14,,,,,,metadata
HIS,住院诊查费,,0,14,,,,,,metadata
HIS,基础护理费,,0,14,,,,,,metadata
HIS,防褥疮气垫加收费用,,0,15,,,,,,metadata
HIS,氧气吸入费用,,0,19,,,,,,metadata
HIS,血氧饱和度监测,,0,19,,,,,,metadata
HIS,心电监测费用,,0,19,,,,,,metadata
HIS,收取疾病健康教育费用,,0,29,,,,,,metadata
HIS,收取高流量湿化氧疗费用同时收取,,0,22,,,,,,metadata
HIS,收取疼痛综合评估费用,,0,29,,,,,,metadata
HIS,胃肠减压费用,,0,28,,,,,,metadata
HIS,ACT监测大于1次,,0,28,,,,,,metadata
HIS,心外科收取手术项下ACT监测费用,,0,32,,,,,,metadata
HIS,编码33手术项目中项目名称带腹腔,,0,31,,,,,,metadata
HIS,收取麻醉中监测费用同时收,,0,30,,,,,,metadata
HIS,收取冷光源治疗费用,,0,27,,,,,,metadata
HIS,收取一次性使用呼吸过滤器费用,,0,30,,,,,,metadata
HIS,收取高频电刀使用费用,,0,27,,,,,,metadata
HIS,未使用双极电凝镊收取费用住院,,0,29,,,,,,metadata
HIS,未使用双极电凝镊收取费用门诊,,0,24,,,,,,metadata
HIS,收取高频电刀使用费用同时收取双,,0,30,,,,,,metadata
HIS,收取尿常规检查加沉渣费用住院,,0,39,,,,,,metadata
HIS,收取尿常规检查加沉渣费用门诊,,0,33,,,,,,metadata
HIS,收取粪便常规费用同时收取隐血试,,0,32,,,,,,metadata
HIS,快速石蜡切片检查住院,,0,26,,,,,,metadata
HIS,快速石蜡切片检查门诊,,0,22,,,,,,metadata
HIS,收射频消融术同时收彩色多普勒超,,0,28,,,,,,metadata
HIS,纤维结肠镜检查住院,,0,27,,,,,,metadata
HIS,纤维结肠镜检查门诊,,0,21,,,,,,metadata
HIS,纤维胃十二指肠镜检查门诊,,0,21,,,,,,metadata
HIS,纤维胃十二指肠镜检查住院,,0,27,,,,,,metadata
HIS,SYS_USER_ROLE,用户角色关系维护表,0,3,,,,,,metadata
HIS,BI_INP_BILL_DAY_DOCTOR_SUM,,0,7,,,,,,metadata
HIS,zy_register_log,HIS 医保登记日志,0,11,,,,,,metadata
HIS,11111,,0,4,,,,,,metadata
HIS,DATA_EXT_TEMP,,0,6,,,,,,metadata
HIS,LIS_EXAMINE_ITEM_MAP,LIS本地检验项目与平台检验项目值域对照表,4698,10,检验,检验项目平台值域映射,,B,,curated
HIS,PUB_SKIN_TEST,皮试记录,0,24,,,,,,metadata
HIS,纤维结肠镜检查住院_新,,0,25,,,,,,metadata
HIS,纤维胃十二指肠镜检查住院_新,,0,25,,,,,,metadata
HIS,快速石蜡切片检查住院_新,,0,24,,,,,,metadata
HIS,DISPOSAL_LOG,护士站处置操作日志,0,11,,,,,,metadata
HIS,py_temp,,0,355,,,,,,metadata
HIS,INP_BILL_DETAIL20260324,,2835,74,,,,,,metadata
HIS,PH_SS,,0,5,,,,,,metadata
HIS,复杂模拟定位,,0,70,,,,,,metadata
HIS,CA_LOGIN_INFO,CA登录信息表,0,8,,,,,,metadata
HIS,SYS_ROLE,角色,0,10,,,,,,metadata
HIS,SYS_ROLE_PERMISSION,角色权限表,0,10,,,,,,metadata
HIS,EXAM_RPT_PATTERN,检查报告模版,1207,12,,,,,,metadata
HIS,OCCUPATION_DICT,职业分类字典,13,10,,,,,,metadata
HIS,STAFF_GROUP_CLASS_DICT,工作组类字典,15,2,,,,,,metadata
HIS,EXAM_CLASS_DICT,检查类别字典,23,13,,,,,,metadata
HIS,BED_REC,床位记录,5163,18,,,,,,metadata
HIS,PATS_IN_TRANSFERRING,转科病人记录,55,7,,,,,,metadata
HIS,INSUR_CATALOG_NEW,,6123,3,,,,,,metadata
HIS,MED_DICT_FACTORY,药品字典厂商,1618,48,,,,,,metadata
HIS,MED_DICT_BASEINFO,药品目录表,6037,102,,,,,,metadata
HIS,MR_BILL_COSTS,2011版病案首页住院病人费用记录,6742587,5,,,,,,metadata
HIS,INP_SETTLE_MASTER,住院病人结算主记录,622182,20,住院费用,住院结算主表,PATIENT_ID|VISIT_ID,A,,curated
HIS,DIAGNOSIS_JH,,176113,6,,,,,,metadata
HIS,MR_BILL_CLASS_DICT,2011版病案首页费用分类字典,31,12,,,,,,metadata
HIS,COUNTRY_DICT,国家及地区字典,41,10,,,,,,metadata
HIS,EXAM_SUBCLASS_DICT,检查子类字典,81,9,,,,,,metadata
HIS,PATIENT_STATUS_CHG_DICT,病人状态变化字典,16,4,,,,,,metadata
HIS,MED_DICT_PRICE,药品产地价格表,8486,47,,,,,,metadata
HIS,DIAGNOSIS,诊断记录 ,3324186,23,诊断,一次住院×一条诊断,PATIENT_ID|VISIT_ID|DIAGNOSIS_TYPE|DIAGNOSIS_NO,A,DIAGNOSIS_TYPE: 2入院3出院8病理7损伤1门急诊,curated
HIS,OUTP_PAYMENTS_MONEY,门诊病人支付方式记录,11295386,9,,,,,,metadata
HIS,BEDPATS_IN_HOSPITAL,,4830897,29,,,,,,metadata
HIS,DIAGNOSIS_TYPE_DICT,诊断类别字典,12,6,诊断字典,一个诊断类型,DIAGNOSIS_TYPE_CODE,A,诊断类型字典,curated
HIS,RELATIONSHIP_DICT,社会关系字典,25,10,,,,,,metadata
HIS,DISCHARGE_DISPOSITION_DICT,出院方式字典,7,11,,,,,,metadata
HIS,SPECIAL_CONSUL_NOFEE_SETTING,,49,2,,,,,,metadata
HIS,DRUG_PRICE_LIST,药品价格,32190,29,,,,,,metadata
HIS,PATS_IN_HOSPITAL,在院病人记录,1250,34,就诊,在院床位兜底,PATIENT_ID|VISIT_ID,A,病区/床号兜底,curated
HIS,PATIENT_CLASS_DICT,入院方式字典,4,4,,,,,,metadata
HIS,ORDER_STATUS_DICT,医嘱状态字典,8,4,,,,,,metadata
HIS,LAB_ITEM_CLASS_DICT,检验项目类别字典,16,8,,,,,,metadata
HIS,ANAESTHESIA_DICT,麻醉方法字典,35,7,,,,,,metadata
HIS,DEPT_CLINIC_ATTR_DICT,科室临床属性字典,6,4,,,,,,metadata
HIS,DIM_AREA_MAPPING,行政区划代码映射字典表,261,8,,,,,,metadata
HIS,LAB_TEST_ITEMS_DETAIL,,4045082,12,,,,,,metadata
HIS,TEST_ONE,,2747,43,,,,,,metadata
HIS,BLOOD_TYPE_DICT,血型字典,6,3,,,,,,metadata
HIS,MARITAL_STATUS_DICT,婚姻状况字典,9,10,,,,,,metadata
HIS,BED_TRANS_LOG,,1779988,9,,,,,,metadata
HIS,PORTAL_SYS_DICT,,1772,18,,,,,,metadata
HIS,HIS_VS_HRP_DEPT,his_hrp科室对照,287,4,,,,,,metadata
HIS,CONSULTATION_MDT_DETAIL,,9,14,,,,,,metadata
HIS,INP_SETTLE_MASTER_YB,省、市医保结算记录,464715,49,,,,,,metadata
HIS,STAFF_VS_GROUP,工作人员分组情况,9376,6,,,,,,metadata
HIS,DRUG_DICT,药品字典,6039,21,,,,,,metadata
HIS,ORDER_CLASS_DICT,医嘱类别字典,9,6,,,,,,metadata
HIS,TEMP_ORDER_FEE_DIAG_OPER,,28840774,32,,,,,,metadata
HIS,OPS_EMERGENCY_TRIAGE_INFO,急诊分诊信息,0,26,,,,,,metadata
HIS,CONSULTATION_MDT_MASTER,,7,14,,,,,,metadata
HIS,OUTP_PRESC_T,处方医嘱明细记录,5852899,50,,,,,,metadata
HIS,INP_SETTLE_MASTER_YB_0122,,1,49,,,,,,metadata
HIS,CHARGE_TYPE_DICT,费别字典,19,16,,,,,,metadata
HIS,PERFORM_FREQ_DICT,医嘱执行频率字典,59,6,,,,,,metadata
HIS,OPERATION_DICT,手术操作字典,16450,22,,,,,,metadata
HIS,EXAM_ITEMS,检查项目记录,4374561,12,,,,,,metadata
HIS,TEMP20260211,,917,6,,,,,,metadata
HIS,ADT_LOG,病人入出转及状态变化日志,1326775,10,,,,,,metadata
HIS,LAB_RESULT_MAPPING,,119,4,,,,,,metadata
HIS,DW_PROJECT_DOWNLOAD_LOG,,840,12,,,,,,metadata
HIS,LS,,0,9,,,,,,metadata
HIS,LS2,,0,8,,,,,,metadata
HIS,LS3,,0,8,,,,,,metadata
HIS,OPS_CLINIC_INFO_PROVINCE,省平台门诊病案首页,0,213,,,,,,metadata
HIS,LS4,,0,8,,,,,,metadata
HIS,LS5,,0,8,,,,,,metadata
HIS,MR_BILL_COSTS_PATIENTINF,,0,2,,,,,,metadata
HIS,异地出院,,0,9,,,,,,metadata
HIS,职工住院,,0,6,,,,,,metadata
HIS,居民住院,,0,6,,,,,,metadata
HIS,XHAAA,,0,1,,,,,,metadata
HIS,BI_OUTP_FEE_DAY_SUM,,0,10,,,,,,metadata
HIS,SPECIAL_DURG_RECORD,14天医嘱药品记录,0,15,,,,,,metadata
HIS,EMPLCODELIST,,0,1,,,,,,metadata
HIS,D07_EXAM_ITEM_MAP,D07影像诊断报告院内检查项目与省级CV04.30.009检查项目对照表,0,5,,,,,,metadata
JHEMR,YDHL_202501,,96995,46,,,,,,metadata
JHEMR,BCJL202603,,43721,15,,,,,,metadata
JHEMR,DEPT_DICT,,310,36,,,,,,metadata
JHEMR,JHMS_STAT_TEMPLET,随访管理-映射类-随访对应模板,128,4,,,,,,metadata
JHEMR,MED_ROLES,,2,4,,,,,,metadata
JHEMR,MED_PERMISSIONS,,13,5,,,,,,metadata
JHEMR,MED_AUDIT_DIMENSION_RESULT,,270205,19,,,,,,metadata
JHEMR,MED_AUDIT_CONCLUSION,,50735,16,,,,,,metadata
JHEMR,MED_ROLE_PERMISSIONS,,16,2,,,,,,metadata
JHEMR,MED_USERS,,1,10,,,,,,metadata
JHEMR,MED_QC_FEEDBACK,,1338,18,,,,,,metadata
JHEMR,MED_QC_FEEDBACK_HISTORY,,1338,7,,,,,,metadata
JHEMR,JHMR_FILE_CONTENT,,0,2,,,,,,metadata
JHEMR,MED_QC_ALERT_FEEDBACK,,9,15,,,,,,metadata
JHEMR,MED_PUSH_LOG,,82427,37,,,,,,metadata
JHEMR,MED_SCHEDULER_HISTORY,,265,10,,,,,,metadata
JHEMR,MED_NOTIFY_LOG,,4384,8,,,,,,metadata
JHEMR,MED_DEPARTMENTS,,2,5,,,,,,metadata
JHEMR,MED_SCHEDULER_RUN_LOCK,,2,7,,,,,,metadata
JHEMR,JHMR_TEMPLET_CLASS,模板维护-字典类-模板分类字典,123,17,,,,,,metadata
JHEMR,PAT_DIAGNOSIS,病历诊断-业务类-诊断录入诊断,772618,51,电子病历(新),新 EMR 诊断,PATIENT_ID|VISIT_ID,A,按 PATIENT_ID+VISIT_ID 挂 HIS 住院,curated
JHEMR,JHMR_FILE_INDEX,病历文书-业务类-新版本病历文件索引,1119370,67,电子病历(新),文书索引,FILE_UNIQUE_ID,A,FILE_FLAG<>'T' 有效;TOPIC like '%手术记录%',curated
JHEMR,JHMR_FILE_VISIT_TYPE_VS_DG,病历文书-映射类-就诊类型与提取疾病分组条目对照2012.05.24陈联忠,157,2,,,,,,metadata
JHEMR,FIRST_PAGE_COSTS,病案首页-业务类-首页费用(接口同步),101225,60,电子病历(新),病案首页费用,PATIENT_ID|VISIT_ID,A,按 PATIENT_ID+VISIT_ID 挂 HIS 住院,curated
JHEMR,MED_ROLE_MENUS,,0,3,,,,,,metadata
JHEMR,MED_ROLE_DEPARTMENTS,,0,3,,,,,,metadata
JHEMR,JHMR_FILE_CONTENT_TEXT,,1141816,2,电子病历(新),文书正文,FILE_UNIQUE_ID,A,MR_CONTENT 正文,curated
JHEMR,JHMR_FILE_CONTENT_DG,病历内容表-业务类-文档中节点内容存放表,2836299,10,电子病历(新),文书打散内容,FILE_UNIQUE_ID,A,含 PATIENT_ID+VISIT_ID，可直接挂 HIS 住院,curated
JHEMR,MED_EXPORT_AUDIT_LOG,,36,12,,,,,,metadata
JHEMR,MED_QC_RECORD_ALERT_LOG,,1542,23,,,,,,metadata
JHEMR,TEMP_PAT_VISIT_LIST,,249,5,,,,,,metadata
WSCTS,T_GRADE_TYPE,,18,3,,,,,,metadata
WSCTS,T_GRADE,,1148,10,,,,,,metadata
WSCTS,T_GROUP,,0,8,,,,,,metadata
WSCTS,T_HTTP_CONNECTION,,1,7,,,,,,metadata
WSCTS,T_LOG_CONFIGURE,,24,8,,,,,,metadata
WSCTS,T_OID_MAPPING,唯一对象映射表,352,8,,,,,,metadata
WSCTS,T_OID_TYPE,,0,11,,,,,,metadata
WSCTS,T_OPERATE_LOG,,154,5,,,,,,metadata
WSCTS,T_RANGE_TYPE,,473,7,,,,,,metadata
WSCTS,T_ROLE,,2,7,,,,,,metadata
WSCTS,T_ROLE_FUNC,,28,2,,,,,,metadata
WSCTS,T_STANDARD_VERSION,,910,7,,,,,,metadata
WSCTS,T_SYSTEM_DICTIONARY,,1042,6,,,,,,metadata
WSCTS,T_SYSTEM_VERSION,,0,8,,,,,,metadata
WSCTS,T_TABLE_BUSINESS,,73,13,,,,,,metadata
WSCTS,T_TABLE_TYPE,,26,9,,,,,,metadata
WSCTS,T_TENANT,,1,5,,,,,,metadata
WSCTS,T_TERM_RANGE_INFO,,44965,7,,,,,,metadata
WSCTS,T_TEST_CASE,,428,18,,,,,,metadata
WSCTS,T_USER,,2,16,,,,,,metadata
WSCTS,T_USER_TEST,,0,3,,,,,,metadata
WSCTS,APPLICATION,符合性测试申请表,3,28,,,,,,metadata
WSCTS,C3P0_TEST,,0,1,,,,,,metadata
WSCTS,MSGCATEGORY,,7,18,,,,,,metadata
WSCTS,ORGINFO,,2,31,,,,,,metadata
WSCTS,PROJECT,,1,16,,,,,,metadata
WSCTS,RESULT,,1,14,,,,,,metadata
WSCTS,STATISTICREPORTDATA,,0,10,,,,,,metadata
WSCTS,T_ACCOUNT,,2,11,,,,,,metadata
WSCTS,T_ACCOUNT_GROUP,,0,2,,,,,,metadata
WSCTS,T_ACCOUNT_ROLE,,2,2,,,,,,metadata
WSCTS,T_DATA_ELEMENT_TYPE,,0,5,,,,,,metadata
WSCTS,T_DATA_SET_TYPE,,428,8,,,,,,metadata
WSCTS,T_DOCUMENT_RATIO,,73,5,,,,,,metadata
WSCTS,T_EXECUTE_PROCESS,,694,12,,,,,,metadata
WSCTS,T_FUNC,,24,13,,,,,,metadata
WSCTS,MSGELEMENT,,244,19,,,,,,metadata
WSCTS,MSGSINGLE,,7,10,,,,,,metadata
WSCTS,RESULTMSG,,1,17,,,,,,metadata
WSCTS,SENDMSG,,428,13,,,,,,metadata
WSCTS,STATISTICREPORT,,1,12,,,,,,metadata
WSCTS,T_DATA_ELEMENT_INFO,,0,12,,,,,,metadata
WSCTS,T_DATA_SET_INFO,,15957,15,,,,,,metadata
WSCTS,T_EXCHAGE_TEMPLATE_STANDARD,,73,3,,,,,,metadata
WSCTS,T_MSG_INSTANCE,,428,16,,,,,,metadata
WSCTS,T_OID_INFO,,0,11,,,,,,metadata
CDA,TT_ESBHL_DAILY_COU_ROD,,278938,34,,,,,,metadata
CDA,TT_ESBHL_OUTPUT_ASS_GUIDE,,595880,44,,,,,,metadata
CDA,TT_ESBHL_NUR_PLAN,,70700,46,,,,,,metadata
CDA,TT_ESBHL_SHIFT_ROD,,72,53,,,,,,metadata
CDA,TT_ESBHL_VAGINAL_DEL_ROD,,147,113,,,,,,metadata
CDA,TT_ESBHL_BLOOD_TRANSFU_ROD,,86066,55,,,,,,metadata
CDA,TT_ESBHL_WESTERN_MEDI_PRES,,1403401,47,,,,,,metadata
CDA,TT_ESBHL_CHINESE_MEDI_PRES,,183136,58,,,,,,metadata
CDA,TT_ESBHL_VS_MEASURE_ROD,,6281102,41,,,,,,metadata
CDA,CDA_DICTIONARY,,79031,7,字典,院内码↔国标码映射,,A,被所有 V_EMR_* 依赖;ICD-10: 字典名称='ICD-10诊断编码' 系统标识='HIS',curated
CDA,TT_ESBHL_TRANSFER_ROD,,51706,61,,,,,,metadata
CDA,TT_ESBHL_RESCUE_ROD,,803036,48,,,,,,metadata
CDA,TT_ESBHL_CONSULTATION_ROD,,5228959,53,,,,,,metadata
CDA,TT_ESBHL_STAGE_SUMMARY,,1221,50,,,,,,metadata
CDA,TT_ESBHL_DIFC_DISCUSS_ROD,,117,41,,,,,,metadata
CDA,TT_ESBHL_OTHER_IFM_CENT,,457462,42,,,,,,metadata
CDA,TT_ESBHL_DYING_NOTICE,,45267,42,,,,,,metadata
CDA,TT_ESBHL_SCHECK_STREA_CENT,,53131,45,,,,,,metadata
CDA,TT_ESBHL_ANE_IFM_CENT,,126994,52,,,,,,metadata
CDA,TT_ESBHL_OPER_IFM_BOOK,,1994606,55,,,,,,metadata
CDA,TT_ESBHL_INPUT_OUTPUT_ROD,,7888766,50,,,,,,metadata
CDA,TT_ESBHL_DEATH_CASE_DIS_ROD,,7790,49,,,,,,metadata
CDA,TT_ESBHL_OPER_NUR_ROD,,417993,73,,,,,,metadata
CDA,TT_ESBHL_SUP_DOC_ROUNDS_ROD,,195172,34,,,,,,metadata
CDA,TT_ESBHL_OUTPUT_DOCADVICE,,6881593,61,,,,,,metadata
CDA,TT_ESBHL_PREO_DIS,,106113,56,,,,,,metadata
CDA,TT_ESBHL_TFHOUR_INOP_ROD,,20788,74,,,,,,metadata
CDA,TT_ESBHL_CES_SEC_ROD,,126,105,,,,,,metadata
CDA,TT_ESBHL_FIRST_COU_ROD,,97971,46,,,,,,metadata
CDA,TT_ESBHL_HIGH_VALUE_ROD,,9500626,36,,,,,,metadata
CDA,TT_ESBHL_TFHOUR_INDEATH_ROD,,7192,68,,,,,,metadata
CDA,TT_ESBHL_PREO_SUMMARY,,1185246,54,,,,,,metadata
CDA,TT_ESBHL_DEATH_ROD,,6859,43,,,,,,metadata
CDA,TT_ESBHL_OUTPUT_ROD,,915868,51,,,,,,metadata
CDA,TT_ESBHL_INPUT_CASE_FIRP,,101312,198,,,,,,metadata
CDA,TT_ESBHL_DEL_ROD,,2188,78,,,,,,metadata
CDA,TT_ESBHL_ANE_ROD,,453668,90,,,,,,metadata
CDA,TT_ESBHL_ANE_PREO_VISIT_ROD,,34232,66,,,,,,metadata
CDA,TT_ESBHL_CHECK_ROD,,369590,84,,,,,,metadata
CDA,TT_ESBHL_CHECK_ROD_XD,,241003,84,,,,,,metadata
CDA,TT_ESBHL_AFT_ANE_VISIT_ROD,,39611,50,,,,,,metadata
CDA,TT_ESBHL_OUTPUT_SUMMARY,,915868,81,,,,,,metadata
CDA,TT_ESBHL_TRE_ROD,,8210863,62,,,,,,metadata
CDA,TT_ESBHL_DYING_NUR_ROD,,7392484,49,,,,,,metadata
CDA,TT_ESBHL_MED_ROD_ABSTRACT,,477407,88,,,,,,metadata
CDA,TT_ESBHL_DOOR_EMER_MED_ROD,,1383489,61,,,,,,metadata
CDA,TT_ESBHL_BLOOD_TRE_CENT,,82276,51,,,,,,metadata
CDA,TT_ESBHL_POS_FIRST_COU_ROD,,345523,41,,,,,,metadata
CDA,TT_ESBHL_INSPECTION_ROD,,33365233,63,,,,,,metadata
CDA,TT_ESBHL_INPUT_ROD,,179590,117,,,,,,metadata
CDA,TT_ESBHL_CHECK_ROD_ES,,209117,84,,,,,,metadata
CDA,TT_PATIENT_NURSE_INFO,,103965,27,,,,,,metadata
CDA,TT_ESBHL_ADMISSION_ASS,,454426,96,,,,,,metadata
CDA,DIAG_NAME,,36479,7,,,,,,metadata
CDA,CDA_DICTIONARY_COPY,,39725,6,,,,,,metadata
CDA,TT_ESBHL_CHECK_ROD_US,,0,83,,,,,,metadata
CDA,TT_ESBHL_GEN_NUR_ROD,,3001442,68,,,,,,metadata
CDA,TT_ESBHL_OPER_ROD,,137013,71,,,,,,metadata
CDA,TT_ESBHL_EMER_STAY_MED_ROD,,1400821,76,,,,,,metadata
CDA,B,,275,7,,,,,,metadata
CDA,CDA_COUNT,,27489,5,,,,,,metadata
CDA,V1_ESBHL_ANE_PREO_VISIT_ROD,,394,61,,,,,,metadata
CDA,CDA_DATA_SOURCE,,1,9,,,,,,metadata
CDA,CDA_DATASET,,3409,4,,,,,,metadata
CDA,CDA_DATASET_TYPE,,78,8,,,,,,metadata
CDA,CDA_DATASOURCE,,53,5,,,,,,metadata
CDA,CDA_DESENSITIZATION,患者基本信息加密,4,7,,,,,,metadata
CDA,CDA_DOCUMENT,,0,24,,,,,,metadata
CDA,CDA_DOCUMENT_DETAILS,,0,3,,,,,,metadata
CDA,CDA_INCREASE_LOG,,0,7,,,,,,metadata
CDA,CDA_INNERELEMENT,,2228,15,,,,,,metadata
CDA,CDA_PATIENT_INFO,患者基本信息,1,22,,,,,,metadata
CDA,CDA_PATIENT_VISIT,患者就诊表,1,12,,,,,,metadata
CDA,CDA_RANGE_TYPE,,477,9,,,,,,metadata
CDA,CDA_SYS_DATA_SOURCE,,1,18,,,,,,metadata
CDA,CDA_VIEW,,53,3,,,,,,metadata
CDA,CDA_XML_DESENSITIZATION,,9,6,,,,,,metadata
CDA,CDA_XML_XPATH,,448,5,,,,,,metadata
CDA,CDA_XSL,,0,4,,,,,,metadata
CDA,TTT_ESBHL_TRE_ROD,,8210805,62,,,,,,metadata
CDA,TT_ESBHL_PREO_SUMMARY_1,,155714,54,,,,,,metadata
CDA,TT_ESBHL_PREO_DIS_1,,260934,56,,,,,,metadata
CDA,LS,,608,3,,,,,,metadata
CDA,V1_ESBHL_WESTERN_MEDI_PRES,,16923,35,,,,,,metadata
CDA,SSXX,,0,12,,,,,,metadata
CDA,CDR_CHECK_REPORT,检查报告,352494,79,,,,,,metadata
LIS,LAB_RESULTALERT,,11445,85,,,,,,metadata
LIS,SECSYSUSER,,4237,34,,,,,,metadata
LIS,REQ_MASTER_PAT,,2782060,82,,,,,,metadata
LIS,LAB_REPORTLOG,,6080869,11,,,,,,metadata
LIS,DC_DEPT,,824,21,,,,,,metadata
LIS,REQ_MASTER,,2782059,63,检验,LIS 申请主表,BARCODE,A,LIS 内部申请主表,curated
LIS,LAB_REPORT,,2914665,130,检验,LIS 报告主表,REPORTID,A,REPORTID 挂 LAB_RESULT；BARCODE 与 HIS.TEST_NO 需按时间拆分,curated
LIS,LAB_RESULT,,39951987,50,,,,,,metadata
LIS,REQ_DETAIL,,3083064,39,检验,LIS 申请明细,BARCODE,A,按 BARCODE 挂 REQ_MASTER,curated
LIS,VIEW_PTBH,,1549183,21,,,,,,metadata
LIS,OGGTEST,,5,2,,,,,,metadata
YBEMR,MEDICAL_API_MEDICALRECORDS,,1315213,39,,,,,,metadata
YBEMR,CLINIC_API_OUTRECORDHOMEPAGE,,1194799,15,,,,,,metadata
YBEMR,CLINIC_API_FIRSTOUTRECORD,,943371,22,,,,,,metadata
YBEMR,CLINIC_API_REPEATEDOUTRECORD,,299411,21,,,,,,metadata
YBEMR,CLINIC_API_CHINAFIRSTOUTRECORD,,6674,22,,,,,,metadata
YBEMR,CLINIC_API_CHINASECOUTRECORD,,12496,22,,,,,,metadata
YBEMR,CLINIC_API_FIAFIRSTOUTRECORD,,54350,28,,,,,,metadata
YBEMR,CLINIC_API_FIASECOUTRECORD,,1922,28,,,,,,metadata
YBEMR,CLINIC_API_OUTVIEWRECORD,,9,20,,,,,,metadata
YBEMR,DATA_API_PATIENT,,508133,39,,,,,,metadata
YBEMR,CLINIC_API_VISUALRECORD,,192,27,,,,,,metadata
YBEMR,CLINIC_API_OBSERVERECORD,,1863,13,,,,,,metadata
YBEMR,OUTPATIENTWARDROUNDRECORD,,16,14,,,,,,metadata
YBEMR,OUTPATIENTSALVAGERECORD,,79,14,,,,,,metadata
ODS,MCS_PATROL_INFO,,0,15,,,,,,metadata
ODS,PATIENTINFO,,0,58,,,,,,metadata
ODS,PACSREPORT,,0,70,,,,,,metadata
ODS,预约登记,,0,110,,,,,,metadata
ODS,PUB_LYYP,,395,5,,,,,,metadata
ODS,MUNICIPAL_DICT,市级行政区划字典,3242,3,,,,,,metadata
ODS,TITLE_DICT,职称字典表,60,6,,,,,,metadata
ODS,CDR_INSPECTION_REPORT1,,1206566,87,,,,,,metadata
ODS,CDR_INSPECTION_REPORT_DETALL1,,17502269,36,,,,,,metadata
ODS,A,,37334,4,,,,,,metadata
ODS,HIS_VS_COSTACCOUNTING,,418,5,,,,,,metadata
ODS,CDR_CHECK_REPORT_XD_COPY,,332763,76,,,,,,metadata
ODS,CLINIC_ITEM_MAPPING,,522,7,,,,,,metadata
ODS,CLINIC_ITEM_MAPPING_U,,383,4,,,,,,metadata
ODS,CDA_VALUE_DOMAIN_MAP,值域对照表,8147,6,,,,,,metadata
ODS,DOC_REGISTER_EMP_MATCH,,1833,11,,,,,,metadata
ODS,CDA_EXAM_ITEM_MAP,检查项目值域对照表,182,16,,,,,,metadata
ODS,DRUG_STANDARD_DICT,药品标准基础数据导入表,3479,300,,,,,,metadata
ODS,AI_ZK_MED_USER_DICT,人员字典表,2059,8,,,,,,metadata
PACS,PACSREPORT,,0,70,,,,,,metadata
PACS,OGG_TEST,,3,2,,,,,,metadata
PACS,REPORT,InnoDB free: 175104 kB,1099400,74,影像,PACS 报告,ReportID,A,PACS 内部报告表,curated
PACS,PATIENTINFO,,474243,59,影像,PACS 患者信息,PatientIntraID,A,PACS 内部患者表；与 HIS 检查无直接同键,curated
PACS,PROCEDUREINFO_T,,32,10,,,,,,metadata
PACS,MEDIAINFO_T,,386,7,,,,,,metadata
PACS,EXAMINFO_T,,884026,175,,,,,,metadata
PACS,MODALITYINFO_T,,19,37,,,,,,metadata
PACS,PATIENTINFO_T,,391578,58,,,,,,metadata
PACS,PROCEDURESTEPINFO_T,,560,35,,,,,,metadata
PACS,REPORT_T,,870412,70,,,,,,metadata
PACS,MEDIAINFO,,387,7,,,,,,metadata
PACS,EXAMINFO,,1218872,180,影像,PACS 检查主表,ExamID,A,PACS 内部检查主表；ReportID 挂 REPORT,curated
PACS,PROCEDURESTEPINFO,,1008,37,,,,,,metadata
PACS,PROCEDUREINFO,,33,11,,,,,,metadata
PACS,MODALITYINFO,,29,38,,,,,,metadata
PACS,MODALITYTYPEINFO,,35,6,,,,,,metadata
PACS,CRITICAL_CONTENT,,20,15,,,,,,metadata
DBZ,EMR_SHOUYE1,,43008,90,,,,,,metadata
DBZ,EMR_SHOUYE2024OLD,,64634,50,,,,,,metadata
DBZ,EMR_SHOUYE2024,,63600,47,,,,,,metadata
DBZ,EXAM_REPORT_TABLE,,127401,21,,,,,,metadata
KZL,PATIENT_ID,,189362,5,,,,,,metadata
KZL,EXAM_REPORT,,1757536,31,,,,,,metadata
JXXT,PL_KJKMZD,,1429,3,,,,,,metadata
JXXT,PL_GZXZD,,89,4,,,,,,metadata
JXXT,PL_ZGLB,,19,4,,,,,,metadata
JXXT,PL_GDZCFL,,5893,4,,,,,,metadata
JXXT,PL_XIAODUBAOLY_MX,,309717,13,,,,,,metadata
JXXT,PL_WZFLZD,,35,3,,,,,,metadata
JXXT,PL_WZXHMX,,744009,16,,,,,,metadata
JXXT,PL_WZZD,,31412,5,,,,,,metadata
MDK,BHOSCHECKES,,113827,207,,,,,,metadata
MDK,BHOSCHECKUS,,709705,168,,,,,,metadata
PORTAL_USER_GROUP,KNOWLEDGE_ARTICLE,知识库-患教文章,0,23,,,,,,metadata
PORTAL_USER_GROUP,ARTICLE,患教文章,1,26,,,,,,metadata
PORTAL_USER_GROUP,ARTICLE_PATIENT,患教文章-发送历史,1,16,,,,,,metadata
PORTAL_USER_GROUP,KNOWLEDGE_PLAN,知识库-随访计划,0,20,,,,,,metadata
PORTAL_USER_GROUP,KNOWLEDGE_PLAN_DETAIL,知识库-随访计划-任务,0,21,,,,,,metadata
PORTAL_USER_GROUP,KNOWLEDGE_SCHEME,知识库-治疗方案,0,20,,,,,,metadata
PORTAL_USER_GROUP,KNOWLEDGE_SCHEME_COURSE,知识库-治疗方案-疗程,0,13,,,,,,metadata
PORTAL_USER_GROUP,KNOWLEDGE_SCHEME_COURSE_DAY,知识库-治疗方案-疗程每天,0,16,,,,,,metadata
PORTAL_USER_GROUP,KNOWLEDGE_VOTE,知识库-随访问卷,0,23,,,,,,metadata
PORTAL_USER_GROUP,MASS,群发消息,1,16,,,,,,metadata
PORTAL_USER_GROUP,MASS_PATIENT,群发消息患者,1,19,,,,,,metadata
PORTAL_USER_GROUP,PATIENT_PEND_USER_INFO,患者管理-待管理患者,0,36,,,,,,metadata
PORTAL_USER_GROUP,PATIENT_USER_GROUP,患者管理-患者分组,1,30,,,,,,metadata
PORTAL_USER_GROUP,PATIENT_USER_GROUP_RELEVANCE,患者管理-患者分组关联,3,17,,,,,,metadata
PORTAL_USER_GROUP,PATIENT_USER_INFO,患者管理-患者信息,20,36,,,,,,metadata
PORTAL_USER_GROUP,PATIENT_USER_RELEVANCE,患者管理-患者关联,3,17,,,,,,metadata
PORTAL_USER_GROUP,PLAN,随访计划,1,23,,,,,,metadata
PORTAL_USER_GROUP,PLAN_DETAIL,随访计划-任务,2,22,,,,,,metadata
PORTAL_USER_GROUP,PLAN_DETAIL_PATIENT,随访计划-患者任务,0,21,,,,,,metadata
PORTAL_USER_GROUP,PLAN_PATIENT,随访计划-患者,0,18,,,,,,metadata
PORTAL_USER_GROUP,PLAN_VOTE_SUBMIT,随访计划-问卷提交记录,0,16,,,,,,metadata
PORTAL_USER_GROUP,PORTAL_APP,,0,28,,,,,,metadata
PORTAL_USER_GROUP,PORTAL_APP_MENU_ITEM,,0,24,,,,,,metadata
PORTAL_USER_GROUP,PORTAL_COMMON_CONFIG,,0,12,,,,,,metadata
PORTAL_USER_GROUP,PORTAL_DEPT,门户-科室管理,0,22,,,,,,metadata
PORTAL_USER_GROUP,PORTAL_DOCTOR,门户-医生管理,0,30,,,,,,metadata
PORTAL_USER_GROUP,PORTAL_DOCTOR_DEPT,门户-医生科室关联,0,15,,,,,,metadata
PORTAL_USER_GROUP,PORTAL_HOSPITAL,门户-医院管理,0,29,,,,,,metadata
PORTAL_USER_GROUP,PORTAL_HOSPITAL_AREA,门户-院区管理,0,25,,,,,,metadata
PORTAL_USER_GROUP,PORTAL_ROLES,角色表,0,11,,,,,,metadata
PORTAL_USER_GROUP,PORTAL_ROLE_PRO_ITEM_BIND,,0,7,,,,,,metadata
PORTAL_USER_GROUP,PORTAL_ROLE_USER_BIND,,0,7,,,,,,metadata
PORTAL_USER_GROUP,PORTAL_STAFF_DICT,人员字典,0,49,,,,,,metadata
PORTAL_USER_GROUP,PORTAL_USERS,,0,26,,,,,,metadata
PORTAL_USER_GROUP,PORTAL_USER_DEPT,,0,12,,,,,,metadata
PORTAL_USER_GROUP,REMINDER_NOTICE,提醒通知,0,13,,,,,,metadata
PORTAL_USER_GROUP,REMINDER_PATIENT,消息提醒-发送历史,1,16,,,,,,metadata
PORTAL_USER_GROUP,SCHEME,治疗方案,1,23,,,,,,metadata
PORTAL_USER_GROUP,SCHEME_COURSE,治疗方案-疗程,2,15,,,,,,metadata
PORTAL_USER_GROUP,SCHEME_COURSE_DAY,治疗方案-疗程每天,3,16,,,,,,metadata
PORTAL_USER_GROUP,SCHEME_PATIENT,治疗方案-患者,0,15,,,,,,metadata
PORTAL_USER_GROUP,SCHEME_TREATMENT,治疗方案-每天方案,5,18,,,,,,metadata
PORTAL_USER_GROUP,SEND_PATIENT,发送患者确认,0,18,,,,,,metadata
PORTAL_USER_GROUP,SYS_CONFIG_CATEGORY,系统管理-自定义配置分类,0,17,,,,,,metadata
PORTAL_USER_GROUP,SYS_CONFIG_CONTENT,系统管理-自定义配置,0,20,,,,,,metadata
PORTAL_USER_GROUP,SYS_DICT,系统管理-字典,498,17,,,,,,metadata
PORTAL_USER_GROUP,SYS_DICT_CATEGORY,系统管理-字典分类,41,14,,,,,,metadata
PORTAL_USER_GROUP,SYS_LOGIN_LOG,系统管理-登录日志,0,8,,,,,,metadata
PORTAL_USER_GROUP,TIMED_TASK,定时任务,1,18,,,,,,metadata
PORTAL_USER_GROUP,TAG_MANAGE,标签管理,4,18,,,,,,metadata
PORTAL_USER_GROUP,TIMED_TASK_DETAIL,定时任务-任务明细,4,14,,,,,,metadata
PORTAL_USER_GROUP,TIMED_TASK_PATIENT,定时任务-发送患者,4,19,,,,,,metadata
PORTAL_USER_GROUP,VOTE,随访问卷,1,26,,,,,,metadata
PORTAL_USER_GROUP,VOTE_PATIENT,随访问卷-发送历史,1,18,,,,,,metadata
PORTAL_USER_GROUP,VOTE_SUBMIT,随访问卷-填写记录,0,15,,,,,,metadata
PORTAL_USER,CHECK_FOREIGN_SYSTEM,,0,15,,,,,,metadata
PORTAL_USER,CHECK_USE_SYSTEM_COPY,,0,15,,,,,,metadata
PORTAL_USER,COMMONS,,2,2,,,,,,metadata
PORTAL_USER,DEMO_PATIENT_INFO,,0,5,,,,,,metadata
PORTAL_USER,FANCY_LOGIN_LOG,,102,8,,,,,,metadata
PORTAL_USER,MED_ADJUST_PRICE_MASTER,,0,14,,,,,,metadata
PORTAL_USER,MESSAGE_CENTER,,0,7,,,,,,metadata
PORTAL_USER,NURSE_EXECUTE_TIME,各频次对应的医嘱计划执行时间,0,17,,,,,,metadata
PORTAL_USER,PORTAL_API_COMPANY,,0,6,,,,,,metadata
PORTAL_USER,PORTAL_APP,,45,27,,,,,,metadata
PORTAL_USER,PORTAL_APP_API,,2,13,,,,,,metadata
PORTAL_USER,PORTAL_APP_AUTH_RECORD,,52,6,,,,,,metadata
PORTAL_USER,PORTAL_APP_MENU_ITEM,,866,24,,,,,,metadata
PORTAL_USER,PORTAL_APP_TYPE,,7,4,,,,,,metadata
PORTAL_USER,PORTAL_APP_USER_VISIT,,152,5,,,,,,metadata
PORTAL_USER,PORTAL_COMMON,,0,3,,,,,,metadata
PORTAL_USER,PORTAL_COMMON_CONFIG,,6,12,,,,,,metadata
PORTAL_USER,PORTAL_COMPANY,,1,11,,,,,,metadata
PORTAL_USER,PORTAL_DEPT_DICT,,423,22,,,,,,metadata
PORTAL_USER,PORTAL_ENCIPHER,,0,12,,,,,,metadata
PORTAL_USER,PORTAL_GATEWAY_EXCLUDE_PATH,,0,11,,,,,,metadata
PORTAL_USER,PORTAL_HOSPITAL,,0,23,,,,,,metadata
PORTAL_USER,PORTAL_HOSPITAL_AREA,,0,21,,,,,,metadata
PORTAL_USER,PORTAL_MESSAGE_APP,,0,2,,,,,,metadata
PORTAL_USER,PORTAL_MSG,,0,11,,,,,,metadata
PORTAL_USER,PORTAL_MSG_USER_OPEN,,0,6,,,,,,metadata
PORTAL_USER,PORTAL_NOTICE,,0,13,,,,,,metadata
PORTAL_USER,PORTAL_NOTICE_BIND_APP,,0,6,,,,,,metadata
PORTAL_USER,PORTAL_NOTICE_FILE,,0,7,,,,,,metadata
PORTAL_USER,PORTAL_NOTICE_HISTORY,,0,14,,,,,,metadata
PORTAL_USER,PORTAL_NOTICE_USER_OPEN,,0,7,,,,,,metadata
PORTAL_USER,PORTAL_ROLE_PRO_ITEM_BIND,,208,7,,,,,,metadata
PORTAL_USER,PORTAL_ROLE_USER_BIND,,10,7,,,,,,metadata
PORTAL_USER,PORTAL_ROLES,,2,11,,,,,,metadata
PORTAL_USER,PORTAL_SENSITIVE,,0,15,,,,,,metadata
PORTAL_USER,PORTAL_SHORT_MESSAGE_TEMPLATE,,0,19,,,,,,metadata
PORTAL_USER,PORTAL_SHORT_MESSAGE_TYPE,,0,6,,,,,,metadata
PORTAL_USER,PORTAL_STAFF_DICT,,0,52,,,,,,metadata
PORTAL_USER,PORTAL_SYS_DICT,,1211,16,,,,,,metadata
PORTAL_USER,PORTAL_SYS_DICT_CLASS,,11,10,,,,,,metadata
PORTAL_USER,PORTAL_SYS_DICT_TYPE,,145,11,,,,,,metadata
PORTAL_USER,PORTAL_USER_DEPT,,233,8,,,,,,metadata
PORTAL_USER,PORTAL_USERS,,58,21,,,,,,metadata
PORTAL_USER,PORTAL_WORK_ORDER,,0,18,,,,,,metadata
PORTAL_USER,PUB_PATIENT_TYPE,患者类型,0,27,,,,,,metadata
PORTAL_USER,QRTZ_BLOB_TRIGGERS,,0,4,,,,,,metadata
PORTAL_USER,QRTZ_CALENDARS,,0,3,,,,,,metadata
PORTAL_USER,QRTZ_CRON_TRIGGERS,,0,5,,,,,,metadata
PORTAL_USER,QRTZ_FIRED_TRIGGERS,,0,13,,,,,,metadata
PORTAL_USER,QRTZ_JOB_DETAILS,,0,10,,,,,,metadata
PORTAL_USER,QRTZ_LOCKS,,2,2,,,,,,metadata
PORTAL_USER,QRTZ_PAUSED_TRIGGER_GRPS,,0,2,,,,,,metadata
PORTAL_USER,QRTZ_SCHEDULER_STATE,,1,4,,,,,,metadata
PORTAL_USER,QRTZ_SIMPLE_TRIGGERS,,0,6,,,,,,metadata
PORTAL_USER,QRTZ_SIMPROP_TRIGGERS,,0,14,,,,,,metadata
PORTAL_USER,QRTZ_TRIGGERS,,0,16,,,,,,metadata
PORTAL_USER,SYS_JOB,,0,17,,,,,,metadata
PORTAL_USER,SYS_JOB_LOG,,0,8,,,,,,metadata
PORTAL_USER,SYS_TEMP_FBT,,0,5,,,,,,metadata
PORTAL_USER,cc,,0,1,,,,,,metadata
PORTAL_EMPI,SUPPLIER_SYSTEM,,0,2,,,,,,metadata
PORTAL_EMPI,PATIENT_INFO,,1684177,63,患者主数据,EMPI患者主索引,,B,跨系统患者主索引;关联键待确认,curated
PORTAL_EMPI,PATIENT_INFO_EQUAL,,100685,61,,,,,,metadata
PORTAL_EMPI,PATIENT_INFO_IRREGULAR,,37450,12,,,,,,metadata
PORTAL_EMPI,PATIENT_INFO_OPERATE_LOG,,0,62,,,,,,metadata
PORTAL_EMPI,PATIENT_INFO_OPERATE_LOG_GROUP,,0,4,,,,,,metadata
PORTAL_EMPI,PATIENT_INFO_SIMILARITY,,0,61,,,,,,metadata
PORTAL_EMPI,PATIENT_MERGE_BATCH,,3,8,,,,,,metadata
PORTAL_EMPI,PATIENT_MATCH_RULE,,2,13,,,,,,metadata
PORTAL_EMPI,PATIENT_MATCH_RULE_DETAIL,,6,12,,,,,,metadata
SHUNNENG,APPOINTINFOVIEW,,1782712,13,,,,,,metadata
CRBSB,SEX_DICT,性别字典,4,9,,,,,,metadata
CRBSB,SPECIMAN_DICT,标本字典,240,12,,,,,,metadata
CRBSB,NATION_DICT,民族字典,58,9,,,,,,metadata
CRBSB,ID_TYPE_DICT,,8,5,,,,,,metadata
CRBSB,MARITAL_STATUS_DICT,婚姻状况字典,5,8,,,,,,metadata
CRBSB,DISCHARGE_DISPOSITION_DICT,出院方式字典,7,11,,,,,,metadata
CRBSB,AREA_DICT,行政区字典,3019,11,,,,,,metadata
CRBSB,COUNTRY_DICT,国家及地区字典,37,9,,,,,,metadata
CRBSB,MEASURES_DICT,计量单位字典,160,7,,,,,,metadata
CRBSB,RELATIONSHIP_DICT,社会关系字典,25,10,,,,,,metadata
CRBSB,EXAM_CLASS_DICT,检查类别字典,19,13,,,,,,metadata
CRBSB,EXAM_RPT_PATTERN,检查报告模版,942,12,,,,,,metadata
CRBSB,LAB_ITEM_CLASS_DICT,检验项目类别字典,16,8,,,,,,metadata
CRBSB,CLINIC_ITEM_DICT,临床诊疗项目字典,14136,29,,,,,,metadata
CRBSB,DEPT_DICT,科室字典,710,42,,,,,,metadata
CRBSB,STAT_VS_CHARGE_TYPE,卫统5医保接口用医疗付款方式,14,9,,,,,,metadata
CRBSB,CRBSB_DICTIONARY,,39830,7,,,,,,metadata
HRP,SEY_WZCK,,16176,5,,,,,,metadata
HRP,SEY_HCCK,,60929,5,,,,,,metadata
HRP,BD_ADDRESS,,8524,15,,,,,,metadata
HRP,BD_DEFDOC,,22139,50,,,,,,metadata
HRP,BD_PSNDOC,,3271,115,,,,,,metadata
HRP,BD_COUNTRYZONE,,238,34,,,,,,metadata
HRP,BD_VOUCHERTYPE,,5,31,,,,,,metadata
HRP,GL_DETAIL,,1095268,87,,,,,,metadata
HRP,HI_PSNDOC_EDU,,4034,40,,,,,,metadata
HRP,HI_PSNDOC_CTRT,,0,47,,,,,,metadata
HRP,HI_PSNDOC_LANGABILITY,,0,19,,,,,,metadata
HRP,HI_PSNDOC_PSNCHG,,3279,28,,,,,,metadata
HRP,HI_PSNDOC_TITLE,,0,27,,,,,,metadata
HRP,HI_PSNJOB,,5477,73,,,,,,metadata
HRP,ORG_ADMINORG,,1,62,,,,,,metadata
HRP,OM_JOB,,326,38,,,,,,metadata
HRP,ORG_DEPT,,325,80,,,,,,metadata
HRP,SM_USER,,995,39,,,,,,metadata
HRP,HR_RYDA1,,2205,77,,,,,,metadata
HRP,BD_PSNCL,,19,22,,,,,,metadata
HRP,GL_DOCFREE1,,22014,34,,,,,,metadata
CS,三甲复审数据,,54659,26,,,,,,metadata
CS,SKBCOLLECTIONDETAIL,,398560,17,,,,,,metadata
CS,BHOSCHECKUS,,916258,178,,,,,,metadata
CS,病人来源,,4,4,,,,,,metadata
CS,预约登记,,405037,103,,,,,,metadata
CS,三甲复审2026,,13011,28,,,,,,metadata
CS,异地住院,,2257,14,,,,,,metadata
CS,济南市住院,,2597,11,,,,,,metadata
SX,B_T_REACTIONS,,27642,83,,,,,,metadata
SX,B_T_REQD,,35464,54,,,,,,metadata
SX,B_T_XYXXB,,40122,46,,,,,,metadata
TJ,KSBM1,,33,14,,,,,,metadata
TJ,JCSFXM1,,325865,38,,,,,,metadata
TJ,JCXX1,,6454,128,,,,,,metadata
TJ,SFXM1,,302,47,,,,,,metadata
TJ,SFXMTOSFWJ1,,1356,8,,,,,,metadata
TJ,TJ_GNJCZB1,,139411,18,,,,,,metadata
TJ,TJLB1,,4,2,,,,,,metadata
TJ,TJXM1,,0,35,,,,,,metadata
TJ,EBHB,,71627,12,,,,,,metadata
TJ,FKB,,45558,12,,,,,,metadata
TJ,JCSFXM,,482769,38,,,,,,metadata
TJ,JCXX,,26372,128,,,,,,metadata
TJ,KQB,,34411,12,,,,,,metadata
TJ,KSBM,,32,14,,,,,,metadata
TJ,NKB,,138162,11,,,,,,metadata
TJ,SFXM,,352,47,,,,,,metadata
TJ,SFXMTOSFWJ,,1452,8,,,,,,metadata
TJ,TJXM,,3677,35,,,,,,metadata
TJ,WKB,,106831,12,,,,,,metadata
TJ,YBB,,74158,12,,,,,,metadata
TJ,YKB,,23407,12,,,,,,metadata
TJ,YHXX,,335,18,,,,,,metadata
TJ,JCMXX,,509,35,,,,,,metadata
MTL,EMRSD48,,41256,66,,,,,,metadata
MTL,EMRSD35,,7234,69,,,,,,metadata
MTL,EMRSD43,,3666,56,,,,,,metadata
MTL,EPR_INPATIENT,住院病历段落信息表。该表存储住院病历内容信息，以DATE_VALIDATED按年度进行分区存储。,3948751,49,电子病历(旧),文书主表,UHID|ID,A,DOC_TYPE_NAME like '%出院记录%' 等,curated
MTL,EPR_COM_DATASOURCECONFIG,,649,28,,,,,,metadata
MTL,EMRSD31,,410988,37,,,,,,metadata
MTL,EMRSD51,,1193,62,,,,,,metadata
MTL,EPR_INPATIENT_DOCINDEX,存储住院病历索引信息，包括病历的状态,239860,36,电子病历(旧),住院文书索引,UHID,A,"P_INPATIENT_NO=INP_NO, P_INPATIENT_TIMES=VISIT_ID",curated
MTL,EPR_TEMP_AUTHORITY,记录住院病历临时权限以及主动授权信息,985,12,,,,,,metadata
MTL,EMRSD40,,545,43,,,,,,metadata
MTL,EMRSD38,,704731,41,,,,,,metadata
MTL,EMRSD29,,26620,44,,,,,,metadata
MTL,EMRSD39,,499996,44,,,,,,metadata
MTL,EMRSD49,,225811,67,,,,,,metadata
MTL,EMRSD44,,5425,52,,,,,,metadata
MTL,COM_PATIENTINFO,,1589979,68,,,,,,metadata
MTL,EPR_INPATIENTTREECONFIG,,197,29,,,,,,metadata
MTL,HIS_MET_COM_DIAGNOSE,患者诊断表,1435092,28,,,,,,metadata
MTL,EMRSD50,,1088,64,,,,,,metadata
MTL,EPR_INPATIENT_LOG,住院病历操作日志表,128,13,,,,,,metadata
MTL,EMRSD_CONTENT,,3946778,5,电子病历(旧),文书段落内容,UHID|段落编号,A,段落内容为 CLOB;段落编号=EPR_INPATIENT.ID,curated
MTL,EMRSD1,,0,87,,,,,,metadata
MTL,EMRSD41,,39,51,,,,,,metadata
MTL,EMRSD53,,42,75,,,,,,metadata
MTL,EMRSD37,,227895,49,,,,,,metadata
MTL,EMRSD42,,12841,61,,,,,,metadata
MTL,PH_SS,,267,5,,,,,,metadata
MTL,EMRSD46,,64543,75,,,,,,metadata
MTL,EMRSD45,,22053,57,,,,,,metadata
MTL,EMRSD36,,159,64,,,,,,metadata
MTL,EMRSD16,,152,125,,,,,,metadata
MTL,EMRSD47,,14382,52,,,,,,metadata
MTL,EMRSD9,,57139,67,,,,,,metadata
MTL,EMRSD34,,226223,128,,,,,,metadata
PORTAL,FANCY_STAFF_SCHEDUL_2,门诊医生排班表,17010,6,,,,,,metadata
PORTAL,在职人员花名册,,1842,13,,,,,,metadata
PORTAL,TEST_EMAIL_SHOU,,1,13,,,,,,metadata
PORTAL,TEST_SCHEDUL,,2,6,,,,,,metadata
PORTAL,TEST_XITONGGONGGAO1,,1,10,,,,,,metadata
PORTAL,TEST_XITONGGONGGAO,,1,10,,,,,,metadata
PORTAL,TEST_INDEX,,5,5,,,,,,metadata
PORTAL,FANCY_STAFF_SCHEDUL,,414269,18,,,,,,metadata
PORTAL,OA_INFORMATION_VIEW,,567,10,,,,,,metadata
PORTAL,TEST_ADDRESS_BOOK,,2,3,,,,,,metadata
PORTAL,TEST_TONGZHIGONGGAO,,2,9,,,,,,metadata
PORTAL,TEST_YIYUANWENJIAN,,2,9,,,,,,metadata
PORTAL,TEST_DIANZIBINGLI_TZGG,,1,7,,,,,,metadata
PORTAL,TEST_OA,,1,20,,,,,,metadata
FXJCPT,CDA_DICTIONARY,,69708,7,,,,,,metadata
BL,DICTIONARY_TAGLIST,,40,4,,,,,,metadata
BL,DICTIONARY_SPECIMENNAME1,,233,9,,,,,,metadata
BL,DICTIONARY_TAG1,,245,10,,,,,,metadata
BL,DICTIONARY_TAGLIST1,,36,4,,,,,,metadata
BL,MOL_PATHOLOGICAL_EXAM_RECORD1,,172272,44,,,,,,metadata
BL,PATHOLOGICAL_EXAM_RECORD1,,154125,53,,,,,,metadata
BL,PITAYA1,,166352,220,,,,,,metadata
BL,PITAYA_ADDITIONALREPORT1,,2002,14,,,,,,metadata
BL,ROLEPERMISSIONS1,,13975,4,,,,,,metadata
BL,ROLES1,,17,3,,,,,,metadata
BL,DICTIONARY_SPECIMENNAME,,233,9,,,,,,metadata
BL,DICTIONARY_TAG,,255,10,,,,,,metadata
BL,PITAYA_ADDITIONALREPORT,,2655,14,,,,,,metadata
BL,PITAYA_ADVICE,,139890,23,,,,,,metadata
BL,PITAYA_FROZENREPORT,,10794,24,,,,,,metadata
BL,ROLEPERMISSIONS,,13902,4,,,,,,metadata
BL,ROLES,,17,3,,,,,,metadata
BL,PITAYA_DBTYPE,,17,9,,,,,,metadata
BL,PITAYA,,207591,238,,,,,,metadata
BL,MOL_PATHOLOGICAL_EXAM_RECORD,,185761,44,,,,,,metadata
BL,BS25015,病理检查报告表,0,49,,,,,,metadata
NJ,BHOSCHECKES,,80480,215,,,,,,metadata
NJ,BHOSCHECKES_NAVRECORD,,8,4,,,,,,metadata
NJ,BHOSCHECKES_PSITEMS,,59792,8,,,,,,metadata
NJ,SKBCOLLECTIONDETAIL,,57476,20,,,,,,metadata
NJ,预约登记,,56584,110,,,,,,metadata
NJ,病人来源,,4,4,,,,,,metadata
XD,PATIENT_CLASS_MST1,,5,4,,,,,,metadata
XD,RACE_MST1,,6,6,,,,,,metadata
XD,REPORT_TBL1,,285648,18,,,,,,metadata
XD,SEX_MST1,,3,4,,,,,,metadata
XD,STATUS_MST1,,7,3,,,,,,metadata
XD,STUDY_CLASS_MST1,,3,7,,,,,,metadata
XD,STUDY_TBL1,,373421,100,,,,,,metadata
XD,PATIENT_CLASS_MST,,5,4,,,,,,metadata
XD,RACE_MST,,6,6,,,,,,metadata
XD,REPORT_TBL,,301062,18,,,,,,metadata
XD,SEX_MST,,3,4,,,,,,metadata
XD,STATUS_MST,,7,3,,,,,,metadata
XD,STUDY_CLASS_MST,,3,7,,,,,,metadata
XD,STUDY_TBL,,393643,100,,,,,,metadata
XD,ORDER_TBL,,326955,59,,,,,,metadata
YINGYI,DIS_PROVINCE_ILL1,省疾病信息,429771,13,,,,,,metadata
YINGYI,DIS_PROVINCE_BASEINFO1,省患者基本信息,79372,170,,,,,,metadata
YINGYI,DIS_PROVINCE_OPERAITON1,,103104,31,,,,,,metadata
YINGYI,DIS_PROVINCE_BASEINFO,,164048,170,,,,,,metadata
YINGYI,DIS_PROVINCE_ILL,,886726,13,,,,,,metadata
YINGYI,DIS_PROVINCE_OPERAITON,,221546,31,,,,,,metadata
YDHL,DEPTS,,229,27,,,,,,metadata
YDHL,MCS_DOC_INOUT,出入量记录单,6957944,26,,,,,,metadata
YDHL,MCS_MSYS_NURSINGLEVEL_CONF,,6,7,,,,,,metadata
YDHL,INPATIENTS,,276069,134,护理,住院患者表,,B,PAT_INDEX_NO=MCS_ASSESS_FORM.PATIENT_UID,curated
YDHL,MCS_ASSESS_FORM,全息评估记录主表,2382672,18,护理,护理评估主表,,B,PATIENT_UID 关联 INPATIENTS;GENERATOR_TYPE='manul' IS_VALID='1',curated
YDHL,MCS_PATROL_INFO,,33501843,15,,,,,,metadata
YDHL,WARDS,,109,17,,,,,,metadata
YDHL,MCS_DAILY_SETTLE_DATA,,700076,12,,,,,,metadata
YDHL,MCS_PATIENT_ALLERY_HISTORY,,52934,20,,,,,,metadata
YDHL,MCS_DICT_INOUT,出入量字典表,92,5,,,,,,metadata
YDHL,MCS_DOC_NODES,文书模版节点,34822,75,,,,,,metadata
YDHL,MCS_NURSING_RECORD_TEMPLATE,,11,7,,,,,,metadata
YDHL,MCS_VITAL_ABNORMITY_INFO,,10,12,,,,,,metadata
YDHL,MCS_VITAL_CUSTOM,体征自定义项维护,12,10,,,,,,metadata
YDHL,MCS_ASSESS_FORM_RECORD,全息评估记录副表--明细表,38220934,14,护理,护理评估明细,ID,A,FORM_ID 关联 MCS_ASSESS_FORM.ID,curated
YDHL,MCS_DOC_FORM,文书表单,11637762,40,护理,护理文书表单,ID,A,PATIENT_UID 关联 INPATIENTS,curated
YDHL,MCS_NURSING_PLAN,,2130,6,,,,,,metadata
YDHL,MCS_ORDER_SCHEDULE,医嘱执行计划,37174930,74,,,,,,metadata
YDHL,MCS_DICT_VITALSIGN_TYPE,,38,7,,,,,,metadata
YDHL,MCS_DOC_FORM_RECORDS,文书表单节点记录,207503590,17,,,,,,metadata
YDHL,MCS_MY_PATIENTS_HISTORY,,26318,10,,,,,,metadata
YDHL,MCS_SCAN_TURNINOUT,扫描功能_转入转出,454,18,,,,,,metadata
YDHL,MCS_DAILY_SETTLE_DETAIL,,1855469,19,,,,,,metadata
YDHL,MCS_MY_PATIENTS,,3658,9,,,,,,metadata
YDHL,MCS_EVENT_INFO,,602853,16,,,,,,metadata
YDHL,MCS_VITAL_INFO,,14840642,42,,,,,,metadata
YDHL,MCS_WARD_GROUP_BEDS,,644,4,,,,,,metadata
YDHL,MCS_MSYS_PATIENT_CARD,,5,8,,,,,,metadata
YDHL,MCS_NURSING_PLAN_DETAILS,,2630,16,,,,,,metadata
YDHL,MCS_NURSING_PLAN_TEMPLATE,,294,7,,,,,,metadata
YDHL,MCS_SYS_USERS,权限系统_用户,3874,10,,,,,,metadata
SM,MED_PAT_MONITOR_DATA_EXT,,161007,18,,,,,,metadata
SM,MED_BLOOD_GAS_MASTER,,2816,11,,,,,,metadata
SM,MED_CUSTOM_DATA,,33090473,5,,,,,,metadata
SM,MED_BLOOD_GAS_DETAIL,,92665,6,,,,,,metadata
SM,MED_DEPT_DICT,,802,5,,,,,,metadata
SM,MED_DIAGNOSIS_DICT,,20667,11,,,,,,metadata
SM,MED_OPERATION_DICT,,18499,8,,,,,,metadata
SM,MED_PAT_MASTER_INDEX,,132943,26,,,,,,metadata
SM,MED_EMR_ARCHIVE_DETIAL,,173996,19,,,,,,metadata
SM,MED_ANESTHESIA_COMM_DICT,,99,5,,,,,,metadata
SM,MED_ANESTHESIA_EVENT,,2295510,26,,,,,,metadata
SM,MED_ANESTHESIA_EVENT_OPEN,,237,36,,,,,,metadata
SM,MED_ANESTHESIA_INPUT_DICT,,549,5,,,,,,metadata
SM,MED_ANESTHESIA_INQUIRY,,0,66,,,,,,metadata
SM,MED_ANESTHESIA_PLAN,,128978,227,手术/麻醉,麻醉计划,PATIENT_ID|VISIT_ID|OPER_ID,A,可按 PATIENT_ID+VISIT_ID+OPER_ID 挂 SM.MED_OPERATION_MASTER,curated
SM,MED_ANESTHESIA_SUMMARY,,87843,187,,,,,,metadata
SM,MED_ANES_DRUG_UNITS_DESC,,6,4,,,,,,metadata
SM,MED_OPERATING_ROOM,,65,13,,,,,,metadata
SM,MED_OPERATION_CANCELED,,9316,39,,,,,,metadata
SM,MED_OPERATION_MASTER,病人手术主记录,138005,147,手术,手术主记录,PATIENT_ID|VISIT_ID|OPER_ID,A,手麻主表;不建议用 HIS.OPERATION.OPER_ID,curated
SM,MED_OPERATION_NAME,,141167,13,手术,手术操作明细,PATIENT_ID|VISIT_ID|OPER_ID|OPERATION_NO,A,一台手术多条操作,curated
SM,MED_OPERATION_NAME_CANCELED,,10413,12,,,,,,metadata
SM,MED_OPERATION_SCHEDULE,,192439,61,,,,,,metadata
SM,MED_PAT_MONITOR_DATA,,3145572,7,,,,,,metadata
SM,MED_SCHEDULED_OPERATION_NAME,,209342,12,,,,,,metadata
